#
# Wavefront OBJ file
# Created in RealityScan
# Engine version v2.0.1.118647 RS
# 4320 vertices
#

g default
v -21.5841875116985840 0.2129010242910173 15.5581335693513978 0.5019607843137255 0.4235294117647059 0.4549019607843137
v -13.3180890835929659 -5.0069656578273909 11.2376065412680326 0.6078431372549019 0.1098039215686274 0.1098039215686274
v -22.3878218523916850 2.5894045098648908 2.2281703967336286 0.5294117647058824 0.6392156862745098 0.3843137254901961
v 0.2284731843346776 1.5309023460598639 8.3986007665931677 0.1529411764705882 0.1647058823529412 0.1921568627450981
v -1.8844947456117858 -0.1012142359081883 17.2522211026540901 0.2274509803921569 0.2431372549019608 0.2745098039215687
v 1.6772942175888341 0.8669589385945797 8.8341735317045345 0.1450980392156863 0.1568627450980392 0.1843137254901961
v -1.8617432205813489 2.8009506350932210 3.3814858742896763 9.411764705882353e-002 0.1098039215686274 0.1294117647058824
v 0.2486531511038358 0.7671370011893706 8.2285159797416032 0.1607843137254902 0.1725490196078431 0.2
v -1.3577416078205464 -0.4996950235107047 18.9927197399150387 0.2392156862745098 0.2549019607843137 0.2862745098039216
v -1.5131318642806852 1.5514776360704412 10.5194834871512075 0.1882352941176471 0.2 0.2235294117647059
v -1.0773478796469353 2.8434740850372728 13.4956765959242571 0.2235294117647059 0.2313725490196079 0.2588235294117647
v -20.5922673910733778 2.3516460735402758 2.9407837220505542 0.203921568627451 0.2627450980392157 0.1725490196078431
v -1.5057897406682530 1.3892551981534642 10.7490362017373897 0.1921568627450981 0.203921568627451 0.2274509803921569
v -1.6869107644484886 1.3448194607318555 10.5817820189382488 0.1882352941176471 0.2 0.2235294117647059
v -0.0268363947527394 2.0070806370042833 6.3899665283319118 0.1176470588235294 0.1333333333333333 0.1529411764705882
v -21.2002817387730751 0.4012362559699443 9.6072421199824767 0.1843137254901961 0.2862745098039216 9.411764705882353e-002
v 2.0855684345802081 -1.4308567593879615 19.3024742394690350 0.3254901960784314 0.3411764705882353 0.3764705882352941
v -2.5304552811959482 1.5654059935560252 10.7551639195581874 0.2470588235294118 0.2509803921568627 0.2784313725490196
v -0.4938023015468893 1.4844158120481994 11.2729945372341405 0.1686274509803922 0.1803921568627451 0.207843137254902
v 0.2027601062189486 1.4242891093341927 10.6761282350583606 0.2 0.207843137254902 0.2352941176470588
v 3.9695720997406228 -2.3397083609510352 21.7285427815220018 0.788235294117647 0.6823529411764706 0.611764705882353
v 0.7139994798487168 -3.3296256349075666 28.0138315296379048 0.2156862745098039 0.2666666666666667 0.2901960784313726
v 2.2848811620238316 -2.0517472699880441 23.2535476412562545 0.2980392156862745 0.3254901960784314 0.3568627450980392
v -0.8155337978800197 1.9049661305688625 7.5734788194891642 0.1372549019607843 0.1490196078431373 0.1764705882352941
v -8.0602711872548589 3.0582423538660084 -0.8472847803730672 0.7450980392156863 0.7137254901960784 0.7019607843137254
v -11.9216333129693659 7.0910947098188695 3.6070741120031773 0.5882352941176471 0.615686274509804 0.5764705882352941
v -17.5689809274386270 -8.5371590849148014 -5.2307561341983568 0.4705882352941176 0.4235294117647059 0.3764705882352941
v 0.0520384094641255 -0.3783505127284953 14.8200271346872920 0.2705882352941176 0.2823529411764706 0.3098039215686275
v -1.3430992674263977 0.6095446053821901 7.9030593587020572 0.1882352941176471 0.196078431372549 0.2274509803921569
v -2.1276155970081514 1.0568521380837299 12.8917285107301183 0.1686274509803922 0.1843137254901961 0.2117647058823529
v -13.6898105085632800 -3.8172314192502732 14.3298313190401245 0.5058823529411764 0.1764705882352941 0.2156862745098039
v -13.4211993888947134 5.0951470352209514 0.3206645795877801 0.5725490196078431 0.592156862745098 0.592156862745098
v -0.7013987191439750 1.3273288404699157 5.4407152022197671 0.1098039215686274 0.1215686274509804 0.1450980392156863
v 0.5403673739262920 0.7087827980425118 8.0818923249255370 0.1568627450980392 0.1686274509803922 0.1921568627450981
v -1.6679372952570359 1.3873695068173397 9.7348292459931560 0.1725490196078431 0.1882352941176471 0.2117647058823529
v -0.5917348788386738 2.3388695189117059 6.6679795565245410 0.1372549019607843 0.1529411764705882 0.1803921568627451
v 1.2892531798783242 -1.0972912932061949 17.3686688405938980 0.3882352941176471 0.4196078431372549 0.4549019607843137
v -12.4028689203651226 5.1879570510369106 2.8526586458284067 0.5607843137254902 0.6196078431372549 0.5372549019607843
v -2.4259261722537953 -0.5095107140162984 18.0789850527432634 0.2588235294117647 0.2823529411764706 0.3137254901960784
v -0.4572383650825045 0.2195767786684204 14.4732384573534016 0.3019607843137255 0.3137254901960784 0.3490196078431372
v 0.3248289447803442 -0.9921620230224184 18.7849627324103068 0.3529411764705883 0.3843137254901961 0.4196078431372549
v 0.4248922046049237 -1.4486364198156076 20.5941476499350671 0.3686274509803922 0.4 0.4313725490196079
v -2.3003461696074958 0.2854483466047090 15.7708363378937957 0.2705882352941176 0.2941176470588235 0.3254901960784314
v -0.2272272077464881 -2.3617067047799161 23.7349355556738075 0.2862745098039216 0.3333333333333333 0.3607843137254902
v 3.6528080235118292 -2.8357921402611606 23.5626847978901779 0.6901960784313725 0.611764705882353 0.5411764705882353
v 1.1783541947474951 -1.4950201513932455 20.6833849848058406 0.392156862745098 0.4274509803921568 0.4627450980392157
v 0.2731892606246478 1.3386545596990722 7.0141782514041999 0.1450980392156863 0.1607843137254902 0.1882352941176471
v 3.4767683035452333 -2.4674125398857800 22.5580025369411388 0.6549019607843137 0.5882352941176471 0.5254901960784314
v 2.1119148930623437 -1.4385913561116608 17.8412587927891835 0.403921568627451 0.4313725490196079 0.4666666666666667
v 1.7101758614496312 -1.9409516416026820 21.2145096198853551 0.3686274509803922 0.407843137254902 0.4392156862745098
v -2.0708096052404206 1.3018807984358376 11.3792926970459334 0.2196078431372549 0.2274509803921569 0.2588235294117647
v 1.4997732281667486 -2.2001566519219296 22.0223013910086323 0.3490196078431372 0.3882352941176471 0.4235294117647059
v -1.0870912416365885 -2.3161502823237052 18.2603787207128505 0.3529411764705883 0.3843137254901961 0.4117647058823529
v 3.3670409949533773 -3.2643079232251928 24.8206783661761889 0.6705882352941176 0.615686274509804 0.5725490196078431
v 1.0373609995866533 -2.0664284096047494 22.2381649677754680 0.3372549019607843 0.3764705882352941 0.407843137254902
v -12.9148128361417847 -2.8119782535422582 9.4813164896494300 0.3529411764705883 0.2862745098039216 0.3137254901960784
v 0.2461368901277362 -2.3530494552269072 24.5752860828785415 0.2627450980392157 0.3098039215686275 0.3372549019607843
v 4.1400898258667835 -1.6032736183098122 20.3167530765281157 0.7058823529411765 0.615686274509804 0.5294117647058824
v 0.6743579532261056 -1.7069704095349019 22.6964188622123828 0.3333333333333333 0.3725490196078431 0.403921568627451
v -21.7658218248865403 0.2452684959674137 11.8880552761322740 0.4196078431372549 0.4705882352941176 0.2901960784313726
v -20.8466308710085926 3.2645542051066956 2.1845820616469802 0.4705882352941176 0.592156862745098 0.3450980392156863
v -0.6638438805227040 1.4113007912237401 8.2337913304209245 0.196078431372549 0.2117647058823529 0.2431372549019608
v -2.2940292692297781 0.2557041450857113 16.2945392250577044 0.2588235294117647 0.2823529411764706 0.3176470588235294
v 1.5859802246038492 1.9318808106428498 8.3980526947110654 0.1529411764705882 0.1647058823529412 0.196078431372549
v 3.7155733338030048 -0.8710913945325649 16.2681342916272307 0.611764705882353 0.5176470588235295 0.4274509803921568
v 1.0809891985361240 -2.9172640204903812 24.6490747755856816 0.2980392156862745 0.3490196078431372 0.3803921568627451
v 0.4109072195545417 -0.8963998792960945 19.9053643673118259 0.3607843137254902 0.4 0.4352941176470588
v 0.7625807995574490 -2.8880922397921509 24.2307503058772014 0.3058823529411765 0.3568627450980392 0.3843137254901961
v -20.9874756946859193 1.9596888896374005 2.9053338434948213 0.1921568627450981 0.2745098039215687 9.803921568627451e-002
v -13.0497623715717523 -5.1587651334191396 10.9157174010393803 0.6392156862745098 0.1490196078431373 0.1529411764705882
v -14.3601843681808141 -3.8710064239244408 14.2875574570051320 0.4117647058823529 0.3333333333333333 0.403921568627451
v -14.9313023823244961 -0.9047531188255979 9.2448800431008351 0.392156862745098 0.3333333333333333 0.3686274509803922
v 0.3139438925332373 -1.6363672852587225 20.6250413071206822 0.3803921568627451 0.4274509803921568 0.4588235294117647
v -13.4700605096201151 -3.4588436909821736 15.7463122368876594 0.4823529411764706 0.3568627450980392 0.4156862745098039
v -28.6105462708170677 5.6631500945572366 8.3989602507279937 0.3333333333333333 0.2784313725490196 0.2313725490196079
v 0.3612271047307352 -1.7082647785062914 17.6694950392091101 0.3882352941176471 0.4274509803921568 0.4627450980392157
v -15.8703276935789148 -1.2736725213264739 10.6494248588126652 0.2274509803921569 0.2431372549019608 0.2117647058823529
v -13.6253523683915958 -4.0971236147589343 12.4673263945475199 0.4352941176470588 7.843137254901961e-002 8.627450980392157e-002
v 1.9540172106163411 -1.7674038394281666 20.5082037121973428 0.3725490196078431 0.4196078431372549 0.4549019607843137
v 3.5292557258158728 -1.0108162385538508 16.1821660561912992 0.615686274509804 0.5215686274509804 0.4313725490196079
v -1.2982983340869447 -0.8909378954437679 20.3556815587278095 0.2823529411764706 0.3176470588235294 0.3450980392156863
v 3.5062171142284635 -2.2680850214377379 22.5661102034797949 0.615686274509804 0.5843137254901961 0.5450980392156862
v 0.0557809144987316 0.6263405665810123 13.7018454673276473 0.2980392156862745 0.3176470588235294 0.3490196078431372
v -2.1479248865102840 4.9649762018623802 0.6938282466463339 0.396078431372549 0.392156862745098 0.4
v -1.0082598153220126 -0.1151758407466100 16.4778333665797270 0.2588235294117647 0.2823529411764706 0.3137254901960784
v -1.8097764198651287 4.1836126734880699 5.6396077519772163 0.5294117647058824 0.5254901960784314 0.5333333333333333
v -3.2101941832956884 -0.3412661306279197 15.9805224676189184 0.4666666666666667 0.4784313725490196 0.4980392156862745
v -3.4029376945011180 2.8729314339680956 2.6160516317325087 0.5215686274509804 0.5098039215686274 0.5215686274509804
v -3.2747799225720398 1.2148779377524348 8.4470719906416996 0.3019607843137255 0.3176470588235294 0.3450980392156863
v -0.4327553631825214 -2.9998151438534100 24.3342020396461081 0.2705882352941176 0.3294117647058823 0.3607843137254902
v -2.2733963920667093 4.5153134175287608 1.6788852162305625 0.4470588235294118 0.4392156862745098 0.4470588235294118
v -2.3553585794544047 4.9634810008673957 -0.7221615281142268 0.2705882352941176 0.2705882352941176 0.2823529411764706
v 1.3061081350937054 2.7636464536463370 23.7158773028029017 0.2784313725490196 0.3098039215686275 0.3450980392156863
v 0.3450592153714801 -1.6076689784622487 21.1714222740431950 0.3647058823529412 0.407843137254902 0.4392156862745098
v 3.3847895542880391 -0.6624249828563247 16.8195572735734515 0.407843137254902 0.407843137254902 0.4196078431372549
v -1.1269890218876302 0.1954226086404364 14.5350228492195885 0.2784313725490196 0.2980392156862745 0.3294117647058823
v -0.1012320636807400 -1.0363546880170256 21.0238554560461921 0.3137254901960784 0.3529411764705883 0.3803921568627451
v 3.4139302442120583 -1.4362162724398353 18.4164639474108967 0.6274509803921569 0.5647058823529412 0.5058823529411764
v -15.1773043289607550 -1.3011083297315633 10.2066470608129034 0.3372549019607843 0.2941176470588235 0.3254901960784314
v -0.6018140821267428 -1.1429212480410791 21.8684188553958094 0.2784313725490196 0.3176470588235294 0.3450980392156863
v -21.6812344391779206 0.5859357569192268 10.0962533307492723 0.3372549019607843 0.4509803921568628 0.203921568627451
v -16.0712572878515800 -8.8709771565372471 -1.6510256605997622 0.3176470588235294 0.2588235294117647 0.2980392156862745
v -0.8452257504267746 0.2268483836557059 13.7650098115480866 0.2823529411764706 0.2980392156862745 0.3333333333333333
v -0.9414475125401487 -0.4457463340485051 17.5677542952225565 0.2431372549019608 0.2666666666666667 0.3019607843137255
v -1.9194162291495926 -0.0427930653597910 17.4307346310409628 0.2392156862745098 0.2666666666666667 0.3019607843137255
v 3.2924389257000590 -3.2420784122490769 23.5424628044553970 0.7019607843137254 0.6470588235294118 0.596078431372549
v -21.0273019289051994 0.3263735949722525 17.5735936861292217 0.3607843137254902 0.3058823529411765 0.3333333333333333
v -1.1869732927430729 -0.6262204984846989 18.5199979293751795 0.2352941176470588 0.2588235294117647 0.2901960784313726
v 3.9254023735399670 -2.8919091396185221 24.8435222857614093 0.6901960784313725 0.6352941176470588 0.5843137254901961
v -2.3740801090769708 1.1760160925358072 10.9227812075631903 0.2156862745098039 0.2274509803921569 0.2588235294117647
v 1.2891655922647287 -3.9094012793765005 24.2315207207245749 0.2901960784313726 0.3411764705882353 0.3647058823529412
v -9.8918021167890622 -1.6994267544447619 11.5591318901228171 0.3607843137254902 0.3098039215686275 0.3529411764705883
v -2.0366453158145328 0.3559971448140706 10.3179458237436883 0.2156862745098039 0.2274509803921569 0.2627450980392157
v -18.9038147119693960 -2.7767622520281945 12.5107821008434801 0.4470588235294118 0.3764705882352941 0.392156862745098
v -13.2383281536924322 6.8327668773926211 1.4080071432345671 0.5215686274509804 0.5450980392156862 0.5333333333333333
v -20.9704215593476313 -4.0028436107313459 14.9811524589882854 0.3725490196078431 0.2627450980392157 0.3215686274509804
v 3.3401849933433176 -0.5832814233831274 15.0834639635012824 0.4745098039215686 0.4 0.3686274509803922
v -21.6644288916718146 -2.0392925632942864 14.7277536089086176 0.5137254901960784 0.4274509803921568 0.4588235294117647
v -15.8157757710316815 -2.3584599135963318 7.1704137175713996 0.3137254901960784 0.3215686274509804 0.2980392156862745
v -21.2087153172489629 -2.9245540847006586 16.5655548525580301 0.5372549019607843 0.4274509803921568 0.4431372549019608
v -21.9228894014898046 -0.4252192682843379 14.5369734872530145 0.5215686274509804 0.4470588235294118 0.4705882352941176
v 2.4792290964603105 1.6597609440868912 11.8799327419574343 0.1921568627450981 0.2 0.2274509803921569
v -1.0825928405119019 3.8588125937704101 2.8516411904121508 8.627450980392157e-002 0.1019607843137255 0.1254901960784314
v -2.2469961182991742 1.2770697781609235 11.3887357483212135 0.203921568627451 0.2156862745098039 0.2431372549019608
v -1.6107400393863731 1.2760244182417981 10.5878397567486413 0.207843137254902 0.2196078431372549 0.2431372549019608
v -1.9116361901475991 4.0946008535455070 2.3360593543864749 9.019607843137255e-002 0.1058823529411765 0.1294117647058824
v -0.4945550106541943 2.1128367844781151 5.5294483662936109 0.1254901960784314 0.1411764705882353 0.1647058823529412
v -1.8352414043471468 0.8479617813838424 11.0886363628581233 0.2196078431372549 0.2313725490196079 0.2588235294117647
v -1.6915232834938743 3.0779351262227364 2.3171109217857655 9.019607843137255e-002 0.1058823529411765 0.1294117647058824
v -1.9559163373599997 3.1090392639220630 3.3086588523931924 0.1019607843137255 0.1176470588235294 0.1411764705882353
v -2.2546756606206113 2.4496041169052134 5.9908574999044086 0.1294117647058824 0.1411764705882353 0.1647058823529412
v -0.9985478988719385 2.4545994597211260 5.2435751144082037 0.1215686274509804 0.1372549019607843 0.1607843137254902
v -0.1343043797306702 3.2893365727044888 3.7584111152711657 8.627450980392157e-002 0.1019607843137255 0.1254901960784314
v 2.7553425217492249 -0.0723512453129185 12.6470161459332058 0.2156862745098039 0.2235294117647059 0.2509803921568627
v -20.4247730199214388 -3.1268081192829076 18.2876076218026355 0.5490196078431373 0.4588235294117647 0.4784313725490196
v -0.0033639823251203 3.1011000753728455 4.4847268946144476 9.411764705882353e-002 0.1098039215686274 0.1294117647058824
v -0.7342243409242788 2.7153773164607680 3.7174252122378908 9.411764705882353e-002 0.1098039215686274 0.1294117647058824
v -1.5995675895997001 3.6005459887269948 2.7308049422629606 8.627450980392157e-002 0.1019607843137255 0.1254901960784314
v -0.6861947136516653 3.5133979897545515 2.4427258790805246 8.627450980392157e-002 0.1019607843137255 0.1254901960784314
v 0.5961770360637197 2.1648799140789534 4.9635340875423299 9.411764705882353e-002 0.1098039215686274 0.1333333333333333
v -8.3947408708784188 -0.4275074017682046 17.3426864228955040 0.6784313725490196 0.6313725490196078 0.6745098039215687
v -0.9914841516068760 3.1461963125867980 3.5420231155697572 9.803921568627451e-002 0.1137254901960784 0.1372549019607843
v -4.1949304586856506 -3.2159469116321473 19.3993896252895865 0.1803921568627451 0.2117647058823529 0.2313725490196079
v -1.2210917738042824 0.2759434901872801 19.6081551071455351 0.2392156862745098 0.2588235294117647 0.2901960784313726
v -15.4975483048951226 -4.8755837705460028 8.5408869788422450 0.5294117647058824 0.4117647058823529 0.4117647058823529
v -2.1330697072016456 2.4137463004727624 6.3834150637126923 0.1294117647058824 0.1372549019607843 0.1647058823529412
v 5.2639309264218346 0.7438279001150099 16.5680944242751238 0.5372549019607843 0.4117647058823529 0.3333333333333333
v 0.5178184327070984 -0.2740338115241742 13.5930919581994925 0.3098039215686275 0.3254901960784314 0.3529411764705883
v 0.0573025563171140 1.0416612167875183 11.5664225589227296 0.2235294117647059 0.2352941176470588 0.2627450980392157
v -0.6769023239757799 -0.3558007390911835 15.8824439573188947 0.3176470588235294 0.3372549019607843 0.3647058823529412
v -14.7606687888370622 2.1872699840474872 15.1203651937615575 0.2980392156862745 0.403921568627451 0.2313725490196079
v 0.5128200374656813 0.7219150698260651 8.1912563518414192 0.1803921568627451 0.1882352941176471 0.2196078431372549
v 2.3868967937441408 -1.5706015087494631 17.9795627163230662 0.3843137254901961 0.403921568627451 0.4352941176470588
v 3.2874637109667781 -1.3261489700501690 18.4814393669782362 0.5372549019607843 0.5058823529411764 0.4862745098039216
v -2.2717685638417504 1.6133399189335371 10.9824049177123904 0.196078431372549 0.207843137254902 0.2352941176470588
v 0.3555542705323677 -0.1491050269833643 14.8526508141207785 0.3098039215686275 0.3254901960784314 0.3568627450980392
v 2.7719969089773588 -0.5364721429255690 14.1283632025638166 0.3176470588235294 0.3176470588235294 0.3372549019607843
v -3.9525555514891488 -0.7125040605213842 12.4041882999370383 0.3725490196078431 0.3803921568627451 0.407843137254902
v 3.0757112533156334 -0.4597670271199124 14.9956538218499826 0.3333333333333333 0.3294117647058823 0.3450980392156863
v -1.7907892166560173 -0.4010370415521445 15.5677776843491102 0.3019607843137255 0.3176470588235294 0.3490196078431372
v 6.3119809843671186 9.5477164249003472 18.8826703226584982 0.1843137254901961 0.196078431372549 0.2274509803921569
v 3.1390223267260535 -1.6892613813106194 19.2196683786935125 0.5647058823529412 0.5254901960784314 0.4901960784313725
v 0.9105987359842611 0.5144766560162641 10.6781195287422470 0.2117647058823529 0.2235294117647059 0.2549019607843137
v 3.1008353678805283 -0.6390199446385127 14.8549739332996698 0.4313725490196079 0.3882352941176471 0.3686274509803922
v 3.1155350083538420 -1.9221935014260645 21.0012950667825535 0.4745098039215686 0.4705882352941176 0.4705882352941176
v 2.6302885325742618 -0.0510294809219410 11.9228237463878664 0.2313725490196079 0.2352941176470588 0.2627450980392157
v 1.9379456292216477 0.5637872895846614 11.0792354459670346 0.2117647058823529 0.2196078431372549 0.2549019607843137
v 3.4595935505395770 -0.5097988501831545 15.1538338656844704 0.4823529411764706 0.407843137254902 0.3686274509803922
v 3.5642585315805730 -1.5222571670776202 19.5059765348613539 0.6313725490196078 0.5686274509803921 0.5098039215686274
v 1.1682428144283337 -2.0792087196656359 22.6662282239318813 0.3215686274509804 0.3607843137254902 0.392156862745098
v 3.7651077824948138 -1.2290472045391325 17.0222896475232233 0.6666666666666666 0.5372549019607843 0.4352941176470588
v 0.3104261130377297 -1.0387687896329885 18.3920060215468482 0.3607843137254902 0.3843137254901961 0.4196078431372549
v -1.6005825781204122 0.0107146894563393 20.1858343991712914 0.2274509803921569 0.2588235294117647 0.2901960784313726
v 1.7149506191824873 1.0320627338960049 10.9283897939917907 0.203921568627451 0.2117647058823529 0.2470588235294118
v -6.3881744221188042 -5.1189757068589641 7.8570349397223591 0.2941176470588235 0.3058823529411765 0.3372549019607843
v 0.0998876167878275 2.0303203415021511 6.2561147108073136 0.1058823529411765 0.1137254901960784 0.1372549019607843
v 2.6017428183558153 -0.9355436844157319 17.0355649029007665 0.3254901960784314 0.3372549019607843 0.3686274509803922
v 1.5281551196034298 0.3339254371866645 11.9051053855307387 0.2156862745098039 0.2235294117647059 0.2470588235294118
v 3.4717256100162794 -2.0997346711710989 20.7431858626146806 0.6470588235294118 0.5568627450980392 0.4901960784313725
v 3.3763009891844331 -2.3562852207900047 19.9471411166508901 0.7294117647058823 0.6431372549019608 0.5647058823529412
v -1.7303316568512450 -0.4004271458337468 19.6191109152445193 0.203921568627451 0.2196078431372549 0.2509803921568627
v -2.4693960258185927 3.8993850354430810 1.5536064228295863 8.235294117647059e-002 9.803921568627451e-002 0.1137254901960784
v -0.5314317789571090 1.6948697400665962 8.6091147016479770 0.1686274509803922 0.1764705882352941 0.203921568627451
v 2.5028052104733178 -0.7262719196884284 15.7589185103778338 0.2980392156862745 0.3058823529411765 0.3333333333333333
v -2.7022616775072392 3.2045859106923311 3.6105886518405623 0.1764705882352941 0.1843137254901961 0.207843137254902
v -1.0986741662661719 3.0090153258374874 2.7297622716503769 7.450980392156863e-002 9.019607843137255e-002 0.1137254901960784
v -0.0243590755375709 -1.3380467431078518 20.2344095358378695 0.2901960784313726 0.3098039215686275 0.3333333333333333
v -2.4687799139346764 2.7483082147914146 5.4123136007868933 0.1098039215686274 0.1215686274509804 0.1450980392156863
v -1.3026273922426543 3.1135858590623569 2.9558456251655900 8.235294117647059e-002 9.803921568627451e-002 0.1215686274509804
v -16.0213505853006914 -4.4925496133322715 -2.2195472431167595 0.6313725490196078 0.5882352941176471 0.5568627450980392
v 0.0879471351568506 0.7362013577535241 11.3841109937511558 0.207843137254902 0.2156862745098039 0.2431372549019608
v -1.3408717308158844 -0.7532821581454046 18.2274050948515765 0.2549019607843137 0.2705882352941176 0.2980392156862745
v 2.4971493721512998 -3.0808304782932563 25.0448664435341968 0.2352941176470588 0.2549019607843137 0.2745098039215687
v 1.2364037101464127 -0.0329728979465966 13.8431301604168393 0.2941176470588235 0.3019607843137255 0.3372549019607843
v 2.8360965061338321 -3.6550170707313647 27.0080087673995877 0.4862745098039216 0.4862745098039216 0.4745098039215686
v 1.8327975043183935 -1.9408920141587507 20.7915750243632331 0.3294117647058823 0.3490196078431372 0.3803921568627451
v -1.2624079271242783 1.1528373797771638 11.1340715352831143 0.2156862745098039 0.2235294117647059 0.2509803921568627
v -2.7875696602861808 3.4082040779322655 3.2103448140111914 0.3803921568627451 0.3764705882352941 0.392156862745098
v -1.6405448501000666 1.5491827125847784 10.0100797933224221 0.1803921568627451 0.1882352941176471 0.2117647058823529
v -0.1514027754316103 2.3425625036329509 5.6248332639478980 0.1058823529411765 0.1215686274509804 0.1450980392156863
v -1.9879003675618607 -0.0935481125796674 16.8806671509145900 0.2352941176470588 0.2509803921568627 0.2784313725490196
v 2.8289136059022026 -2.6557110265746537 24.6286605084712491 0.2509803921568627 0.2745098039215687 0.2941176470588235
v -2.1389308230687982 3.4753291852357098 3.1175797747392586 8.235294117647059e-002 9.803921568627451e-002 0.1215686274509804
v 0.9092170108275723 -1.0413513261734983 18.4345835513265968 0.3058823529411765 0.3215686274509804 0.3568627450980392
v 1.6663506874126990 -1.9835126232082605 23.3283800605562774 0.2901960784313726 0.3137254901960784 0.3450980392156863
v 2.5944822879023022 -3.5729221239078210 27.4700954745062802 0.3019607843137255 0.3372549019607843 0.3607843137254902
v -2.3418734521116908 -0.0404599786625497 15.8980508281437896 0.2431372549019608 0.2549019607843137 0.2862745098039216
v 1.8882886379798800 -1.6307724775471251 20.1951856209664342 0.3176470588235294 0.3372549019607843 0.3686274509803922
v -2.9024780955863205 3.3282749778272800 2.9477791497366148 0.392156862745098 0.3843137254901961 0.4
v -1.0091678474609018 2.7944447243956176 3.8030687712538507 8.627450980392157e-002 0.1019607843137255 0.1254901960784314
v -18.9569510688148206 4.3712506949744228 0.0851892776931493 0.2980392156862745 0.3882352941176471 0.2666666666666667
v 1.0557910866554907 -2.5827108337984477 23.2569749950224960 0.2627450980392157 0.2941176470588235 0.3254901960784314
v 2.5691471253684131 -2.2750260945507623 24.2445455916598505 0.2745098039215687 0.3019607843137255 0.3254901960784314
v -1.8320690367707080 1.6642184426384228 9.4317082132673473 0.1764705882352941 0.1803921568627451 0.2117647058823529
v 1.0997775552706595 -0.4616991683424390 16.6913364923929564 0.3333333333333333 0.3450980392156863 0.3764705882352941
v -1.5984333574973215 -0.6436653538950494 20.7362786974106683 0.1921568627450981 0.207843137254902 0.2313725490196079
v 1.4831536755940773 -3.5147683429960770 29.0071154500811801 0.2117647058823529 0.2588235294117647 0.2901960784313726
v 2.6554123616340632 -4.0126753431822912 27.3369712025366738 0.5529411764705883 0.5411764705882353 0.5254901960784314
v -2.0684005987085117 0.2286608140775909 15.7654999010120136 0.2392156862745098 0.2549019607843137 0.2784313725490196
v -2.0841217271676062 0.2308551379024771 15.8103712256820721 0.207843137254902 0.2196078431372549 0.2509803921568627
v -6.0984099766721460 -3.9027239157524800 4.0895651127526920 0.2 0.2117647058823529 0.2431372549019608
v 24.9247078238548418 18.3281841151856462 37.6267378797342147 0.1529411764705882 0.1607843137254902 0.1921568627450981
v 1.2791605651072970 -0.2777202704421675 14.6010443827563670 0.2784313725490196 0.2823529411764706 0.3215686274509804
v 2.1649372600016572 -1.8009063692779226 19.7430834679302762 0.3215686274509804 0.3333333333333333 0.3725490196078431
v -20.4049293643662040 -3.6042442122197826 16.9326168009707629 0.4274509803921568 0.3450980392156863 0.3686274509803922
v 6.9239308328293063 2.7451534496072520 21.5652219238661544 0.2784313725490196 0.2823529411764706 0.3176470588235294
v -22.5849776577882970 2.3795203783333827 -0.6334421003488528 0.3803921568627451 0.4705882352941176 0.2980392156862745
v 1.5541290860607950 0.3611282485835814 11.5993738653672711 0.196078431372549 0.2 0.2352941176470588
v 3.4821908223135849 -1.4984628963699389 18.3381187110096491 0.615686274509804 0.5137254901960784 0.4509803921568628
v 24.3694475649925018 5.4671573639025395 51.2711029026792033 0.7686274509803922 0.7176470588235294 0.6784313725490196
v -2.4981471897705809 -1.4353439441442124 22.7981746279862350 0.2156862745098039 0.2274509803921569 0.2431372549019608
v -7.4975658046675795 -1.4721534191013406 17.8207562879569252 0.6392156862745098 0.6078431372549019 0.6352941176470588
v 0.4492196112401174 1.8519036099512443 7.7267912223038433 0.1294117647058824 0.1372549019607843 0.1686274509803922
v 2.6163913844040136 -1.5102686737967430 19.1675921848914399 0.3333333333333333 0.3372549019607843 0.3764705882352941
v -14.8310385164076770 -2.8557044277725012 18.5752622014239250 0.5450980392156862 0.4784313725490196 0.4980392156862745
v -20.3968623210688058 -2.0534997470299334 5.6909900656618948 0.5254901960784314 0.6431372549019608 0.3686274509803922
v -18.9295298735789359 2.2892707768500093 4.6815713019489991 0.1921568627450981 0.2980392156862745 0.1176470588235294
v -19.0514312443145748 1.3765189845324159 3.6993557520002933 0.1176470588235294 0.196078431372549 6.274509803921569e-002
v -19.3907736865492240 -3.4591345996526641 16.6792719036847572 0.4156862745098039 0.2980392156862745 0.3686274509803922
v 3.7359262880911186 -1.4085572485700673 16.9340031300509537 0.7176470588235294 0.5607843137254902 0.4745098039215686
v -19.2182093152681759 -2.1373649990571337 10.7023762922884753 0.4588235294117647 0.4392156862745098 0.4980392156862745
v -2.4586730124685365 0.8653156977728214 13.5520123599045057 0.2392156862745098 0.2509803921568627 0.2823529411764706
v -11.8803471444317061 -8.8944498215037555 -2.9373124253355267 0.3254901960784314 0.3333333333333333 0.3686274509803922
v -1.4484121731735571 1.7622046301303536 8.8329478853424455 0.1647058823529412 0.1725490196078431 0.203921568627451
v -16.4643938260734224 -1.2356499113069426 -6.0419596986703707 0.5411764705882353 0.5333333333333333 0.5098039215686274
v -17.0008464670824821 -2.4364997546984748 -7.1430891829267091 0.5215686274509804 0.5058823529411764 0.4784313725490196
v -20.3059413647549789 2.2368787232058462 2.3551066068405655 0.4352941176470588 0.5450980392156862 0.3294117647058823
v -12.0694570400059860 -3.8973985866610210 11.9029842550693772 0.4431372549019608 0.392156862745098 0.4431372549019608
v 3.5308528825803389 -2.7607123487308085 22.4544583592912304 0.6549019607843137 0.5647058823529412 0.5019607843137255
v 0.9837592429516356 -1.0834186022633472 19.0927863758098013 0.3411764705882353 0.3568627450980392 0.392156862745098
v 0.0101621466337772 1.2577834738499449 11.3355313933842901 0.2156862745098039 0.2196078431372549 0.2509803921568627
v 2.7030090456785514 -1.4224101813736050 17.1669113913554909 0.4509803921568628 0.4392156862745098 0.4392156862745098
v 0.1620435269866713 -1.0300157255033917 19.1940155936282011 0.3372549019607843 0.3607843137254902 0.392156862745098
v -1.3034398387429891 2.2535702292086994 7.6167364206264150 0.1529411764705882 0.1607843137254902 0.1882352941176471
v 3.7828207082929324 -2.9407468137752728 24.1476328716169846 0.7098039215686275 0.6470588235294118 0.5882352941176471
v 0.1234450527862662 1.2432399057284618 9.0712415229150061 0.1921568627450981 0.2 0.2313725490196079
v 1.9719639624642433 -2.2235664908666006 21.8617751201748334 0.3607843137254902 0.396078431372549 0.4274509803921568
v 3.2553031793811442 -0.8173212371972769 14.4884150072470703 0.5490196078431373 0.4274509803921568 0.3490196078431372
v 2.0729187306535111 0.3135990514586260 10.8344165528212901 0.1882352941176471 0.1921568627450981 0.2274509803921569
v 3.8981823157232003 -2.4369733152761599 22.0942857852706993 0.7803921568627451 0.6901960784313725 0.6196078431372549
v 3.7428055785932868 -1.9884835345365530 20.2957556600185853 0.7098039215686275 0.6039215686274509 0.5058823529411764
v -5.9806423060649330 1.8060561017174492 11.2400299073376857 0.7529411764705882 0.7176470588235294 0.7254901960784313
v -0.1019442635889317 0.7883745518483521 9.9618942333926572 0.207843137254902 0.2156862745098039 0.2470588235294118
v 3.0970791023142827 -0.8648296036973819 15.1800918457509777 0.5098039215686274 0.4352941176470588 0.3843137254901961
v 3.6559192236932923 -1.7282736655861741 18.2346163810507704 0.7098039215686275 0.592156862745098 0.4941176470588236
v 3.3333090062597712 -1.2785553784746557 15.4021681418369578 0.6705882352941176 0.5215686274509804 0.4235294117647059
v 1.0135082513222964 0.6757273461913080 12.7394410556788564 0.2470588235294118 0.2549019607843137 0.2901960784313726
v 3.6318173181134972 -1.6833293963753386 19.0621900152609669 0.6705882352941176 0.5568627450980392 0.4549019607843137
v 3.1422686706569527 -1.5371290951547121 18.7927327338288066 0.5568627450980392 0.5176470588235295 0.4941176470588236
v 2.5083951517058471 -0.0226174285058446 11.7145144417704028 0.2196078431372549 0.2196078431372549 0.2509803921568627
v 2.0327598511548426 -0.8734023583823560 17.0638749282452196 0.3490196078431372 0.3647058823529412 0.4
v 3.3716016953155701 -0.8247668856155197 15.0842548944827151 0.5686274509803921 0.4509803921568628 0.3725490196078431
v 1.7999355940194364 0.9832483537919354 13.2094733829047684 0.2509803921568627 0.2588235294117647 0.2901960784313726
v 3.8879204690872862 -1.0348296648832043 16.5717548107939336 0.6745098039215687 0.5333333333333333 0.4431372549019608
v 0.4380389714648946 -1.3576851601155313 21.1180393514334384 0.3098039215686275 0.3372549019607843 0.3647058823529412
v -2.0811310790005422 -0.0459121320146558 17.1771394460902016 0.1882352941176471 0.203921568627451 0.2392156862745098
v -18.0269341435207764 -8.6398900966184122 -7.2347639870938734 0.6784313725490196 0.6392156862745098 0.6078431372549019
v 0.4623641773721843 0.4030597813937146 12.1810671354221771 0.2196078431372549 0.2274509803921569 0.2549019607843137
v -0.0223892288169212 0.2225985381605622 13.7908115247234555 0.2588235294117647 0.2705882352941176 0.2941176470588235
v 0.8860537382326389 -1.3195913367330565 19.7926096822888056 0.3568627450980392 0.3843137254901961 0.4156862745098039
v -0.6540705121707788 1.3605297632710474 9.5895258680672235 0.2 0.207843137254902 0.2392156862745098
v 1.6600286472473615 -0.7901615332392808 16.9383840512681871 0.3568627450980392 0.3764705882352941 0.4117647058823529
v -32.3280450005868900 10.2517730490207732 41.2406731253572403 0.5411764705882353 0.4941176470588236 0.4666666666666667
v 0.0989600447996819 1.3937865430946625 9.6516326765496494 0.1921568627450981 0.2 0.2274509803921569
v 1.0768807940174381 0.5894441665826756 11.2485953295642496 0.1921568627450981 0.203921568627451 0.2274509803921569
v -1.1319374085816869 -1.2729030917807362 19.0421247032201464 0.2352941176470588 0.2549019607843137 0.2784313725490196
v 1.0251673475923397 0.4522807553288940 11.6710885450134008 0.207843137254902 0.2156862745098039 0.2431372549019608
v -12.0297431389737284 4.3498807890386679 9.0757243134943071 0.6196078431372549 0.5803921568627451 0.5490196078431373
v 1.3336967091069629 -1.3365302554963034 17.9756571271782519 0.3215686274509804 0.3372549019607843 0.3686274509803922
v 1.1787885085657153 0.3164367165125643 12.4102188556571384 0.2352941176470588 0.2392156862745098 0.2705882352941176
v -1.9942853611172682 1.0829712285509476 11.6062702071432504 0.2117647058823529 0.2156862745098039 0.2431372549019608
v 2.6919754788754382 -3.1874601030070577 26.2396115693027454 0.2823529411764706 0.3215686274509804 0.3372549019607843
v 2.6258377139517082 -0.6922990788584933 15.3805477681331570 0.3019607843137255 0.3019607843137255 0.3333333333333333
v -2.5564798393069861 -0.0383057400752713 16.8969679650258158 0.2823529411764706 0.2901960784313726 0.3176470588235294
v -0.9013296538725353 -0.7419446499266644 20.7639694604262885 0.2431372549019608 0.2666666666666667 0.2901960784313726
v 1.2307473975542489 -0.8233801260516060 17.5331521027779260 0.3529411764705883 0.3647058823529412 0.4
v 0.7747996593293623 -1.2675675848269961 19.6723508355155090 0.3294117647058823 0.3490196078431372 0.3803921568627451
v -2.4506120507051952 0.6350798918058899 14.5199276174379648 0.2666666666666667 0.2705882352941176 0.3019607843137255
v 0.7325520590807897 -1.3849056241761646 20.1834340277283388 0.3254901960784314 0.3529411764705883 0.3882352941176471
v -0.4930773459661681 -1.0829891453917448 20.5465436017171825 0.196078431372549 0.2156862745098039 0.2431372549019608
v -5.1108312495728727 4.1678524012670950 0.0000003860475418 0.6862745098039216 0.6549019607843137 0.6509803921568628
v 0.0608802325974049 1.2426759643798471 9.5829039825299454 0.1921568627450981 0.2 0.2274509803921569
v 0.4985505473637869 2.0725390595053024 11.7652970619347030 0.2196078431372549 0.2235294117647059 0.2549019607843137
v -0.5348345624054247 -0.4911760252061614 17.4801409723404149 0.2862745098039216 0.3019607843137255 0.3294117647058823
v -0.1499757661694231 0.2775000149647684 13.9990752405980299 0.2588235294117647 0.2705882352941176 0.2980392156862745
v 1.7892418034316493 0.3468945765028300 11.7012028630260829 0.196078431372549 0.203921568627451 0.2274509803921569
v 2.6265465746500940 -3.1122174370991988 25.6570692408543692 0.2941176470588235 0.3333333333333333 0.3490196078431372
v 2.1413949100963929 0.8383083806542520 11.9022299149649022 0.1843137254901961 0.196078431372549 0.2235294117647059
v -17.0360737801074471 -4.7792625820268775 16.9357796770508457 0.6 8.235294117647059e-002 6.666666666666667e-002
v 2.9436267134767866 -1.5751388214613471 20.4275222505564926 0.3529411764705883 0.3647058823529412 0.4
v -2.5211930424055402 0.6017532682209712 14.1992390574773140 0.2313725490196079 0.2431372549019608 0.2745098039215687
v 1.8188539796834762 0.0479065014952152 13.2696326238179925 0.2627450980392157 0.2666666666666667 0.2980392156862745
v -0.9138632574706245 -0.8567641054538269 19.4959403658438362 0.2313725490196079 0.2509803921568627 0.2823529411764706
v -16.8128098071171408 -4.8833041859257502 -6.9323567129632666 0.5058823529411764 0.5450980392156862 0.5137254901960784
v 1.5247443991500593 -0.3878057552202726 15.5609497024452690 0.3058823529411765 0.3137254901960784 0.3450980392156863
v -0.1402747105497958 -0.1125366034694413 15.8242673944956387 0.2745098039215687 0.2862745098039216 0.3176470588235294
v -0.3110360680699027 1.1383281213489462 10.2026997445347920 0.2156862745098039 0.2235294117647059 0.2549019607843137
v 3.5113403605429725 -2.5078548048894067 21.5329064779690498 0.6862745098039216 0.6 0.5294117647058824
v -21.3540808585854371 -3.2835231976367840 16.0046639956256413 0.4745098039215686 0.3764705882352941 0.392156862745098
v -2.4245179071434935 -0.6496188763298238 18.8255987324071867 0.1843137254901961 0.2 0.2313725490196079
v 3.4615506605136974 -2.8529113496222296 22.8612761322172631 0.6862745098039216 0.6039215686274509 0.5372549019607843
v -1.3952388227431998 2.7973565516202292 4.1121528757656858 9.019607843137255e-002 0.1058823529411765 0.1294117647058824
v -0.9533580875517167 -1.7729914161783811 23.2315856361485231 0.2 0.2313725490196079 0.2509803921568627
v -3.0513780994629691 2.2680200247301996 7.7540600056221685 0.6901960784313725 0.6627450980392157 0.6745098039215687
v 1.8598706481590030 -0.5212974825823340 14.9455400379612549 0.3098039215686275 0.3176470588235294 0.3529411764705883
v -13.2967883438770649 -4.6328722511232376 11.8175112214863489 0.5215686274509804 5.098039215686274e-002 4.313725490196078e-002
v 3.6445213083198165 -3.1350648418329730 26.6249337179776546 0.6392156862745098 0.592156862745098 0.5529411764705883
v 0.3830686725724025 1.3920920691876146 8.6769076854738643 0.1686274509803922 0.1764705882352941 0.203921568627451
v -0.4188423705085560 -0.2912746592360196 16.3238845324469928 0.2980392156862745 0.3098039215686275 0.3372549019607843
v 3.1342787601009396 -1.1366790550482633 16.3356086544990049 0.5294117647058824 0.4470588235294118 0.4
v 1.4649579525788401 -2.2617682359479296 24.5394301039550697 0.2627450980392157 0.2941176470588235 0.3215686274509804
v 1.2852496617516458 -1.4619959429690661 23.4873556369985437 0.2941176470588235 0.3215686274509804 0.3490196078431372
v -0.4722715355590805 -2.5266936802930280 26.5601824132269329 0.1529411764705882 0.196078431372549 0.2196078431372549
v -13.0956752857057168 3.4864616291818225 0.4326779815169081 0.615686274509804 0.615686274509804 0.611764705882353
v 0.4011007716227524 0.7207955817005246 11.3279232093657463 0.196078431372549 0.207843137254902 0.2313725490196079
v -16.2075622903497845 -4.8294245999464733 17.8577152044596588 0.6274509803921569 0.3529411764705883 0.3215686274509804
v -14.1767109476447324 2.7031782326126450 -1.8685631336577462 0.4784313725490196 0.4862745098039216 0.4980392156862745
v -26.7272308081857766 0.6916279581414523 -3.5677845693688113 0.3607843137254902 0.3254901960784314 0.3019607843137255
v -25.6028268682007614 -2.1688772989326282 -2.6327743091286981 0.5686274509803921 0.5058823529411764 0.4470588235294118
v -21.7197363582373626 2.4017749114905413 -3.0815673511343138 0.5803921568627451 0.5372549019607843 0.4627450980392157
v -12.8756946943799697 -5.3642208539508225 0.6958270815394072 0.6627450980392157 0.6352941176470588 0.6588235294117647
v -24.8852880390592865 -6.1405185995429798 8.0903353242411118 0.4941176470588236 0.4313725490196079 0.3803921568627451
v -25.1703267039137799 -5.3801935584939837 -5.7093115143483733 0.396078431372549 0.3490196078431372 0.3137254901960784
v -18.0942964196452394 -3.2588117359114248 3.7979570870722403 0.2392156862745098 0.3215686274509804 0.1568627450980392
v -0.2180981752752560 -0.4647262834082169 17.4721698987378318 0.3137254901960784 0.3294117647058823 0.3647058823529412
v -11.4995250489508791 6.7376295868627123 4.8434882309567202 0.5686274509803921 0.5843137254901961 0.5411764705882353
v -11.6258358905585411 -3.5938514305559623 12.6958487615543536 0.5294117647058824 0.4862745098039216 0.5411764705882353
v -11.1582944832932789 2.2052466589934956 -2.1237273682582720 0.6549019607843137 0.615686274509804 0.6078431372549019
v -19.2922647781559569 -3.7203150596358849 16.6690047023149006 0.3176470588235294 0.2274509803921569 0.2823529411764706
v -19.9506871021850891 1.5302697528327081 -4.5828969247213776 0.5686274509803921 0.5254901960784314 0.4392156862745098
v -15.6458219432419448 -1.2437900595509279 -4.5469560581052315 0.4352941176470588 0.4666666666666667 0.4509803921568628
v -20.2065353354254285 -0.6736529083023985 -0.2762933715058613 0.4980392156862745 0.615686274509804 0.4235294117647059
v -1.0776960945612790 -2.2784344050805201 22.6125561575491645 0.2117647058823529 0.2431372549019608 0.2627450980392157
v -20.2477127948086526 -1.1893945022478012 12.3717064021622090 0.1686274509803922 0.1647058823529412 0.1803921568627451
v -18.9552322317147173 0.6036243191288576 5.4577138836443879 0.1843137254901961 0.2627450980392157 9.019607843137255e-002
v -21.5095367122969954 0.6993124281558072 9.5957037023960332 0.2470588235294118 0.3647058823529412 0.1372549019607843
v -13.2882114413992518 -4.8619733122036841 11.7243253200398989 0.6470588235294118 0.1372549019607843 0.1372549019607843
v -19.7254301491649251 -3.2533920951309021 16.7522636971445777 0.5058823529411764 0.392156862745098 0.4313725490196079
v -18.0020300154029833 1.2112160543051989 4.9310440293480164 0.2 0.3058823529411765 0.1294117647058824
v 3.5365421381693047 -2.8464215334525163 23.7458799738992496 0.6549019607843137 0.5647058823529412 0.4862745098039216
v 3.6032731897538053 -1.9309535275097851 22.7692859502206559 0.5019607843137255 0.4666666666666667 0.4392156862745098
v -12.5375616409410426 -4.8466965309030829 12.0263745131695234 0.7058823529411765 0.1882352941176471 0.196078431372549
v 2.8724915334793661 -0.1129630046442632 12.6839970983028802 0.1882352941176471 0.1843137254901961 0.207843137254902
v 2.9520928030713192 -3.3632656782577888 28.7734239314718323 0.2705882352941176 0.3176470588235294 0.3372549019607843
v 1.4186817271051946 -0.8088255766794676 17.9147140844404547 0.3294117647058823 0.3450980392156863 0.3764705882352941
v -13.8064511813769784 -4.8869821296742000 12.6071567145673900 0.6235294117647059 0.203921568627451 0.2313725490196079
v 3.2108741415101858 -3.9750469519320353 26.5466911879139289 0.6745098039215687 0.6039215686274509 0.5372549019607843
v 0.5201820328491429 -1.4418308858558804 21.4955054360241888 0.2784313725490196 0.3058823529411765 0.3254901960784314
v 3.1998809451095034 -1.4476853192305477 21.0548367817882109 0.3254901960784314 0.3411764705882353 0.3686274509803922
v 0.2505814437863537 -1.7281190927518157 22.2427867181854424 0.2274509803921569 0.2509803921568627 0.2784313725490196
v -14.6090560391827538 -2.4458805465115256 9.6902980105066199 0.3686274509803922 0.3098039215686275 0.3450980392156863
v -14.3701264722629460 -4.3863481373870554 12.0773610564168354 0.6352941176470588 0.5137254901960784 0.5490196078431373
v -12.7889044260433344 -4.7705965395277596 12.3374460042489478 0.7019607843137254 0.1882352941176471 0.196078431372549
v -15.2664301350690117 -1.1592551401735727 10.5013660770967423 0.3333333333333333 0.3176470588235294 0.3098039215686275
v -18.7646762842374812 1.6515389674937522 4.3616915073573992 0.2117647058823529 0.3176470588235294 0.1490196078431373
v -20.4146708429633250 0.4417171125768182 11.4606673233650884 0.2784313725490196 0.392156862745098 0.1607843137254902
v -12.3708433846633383 -3.7924880579129248 11.9351074248415845 0.2862745098039216 0.2 0.2392156862745098
v -13.7384465767878652 -4.9488045946023842 12.1498673826104042 0.7137254901960784 0.1843137254901961 0.1882352941176471
v -13.2065402222952493 -5.1670985140835448 11.0622750846518194 0.6705882352941176 0.1568627450980392 0.1607843137254902
v -20.3563575006372766 2.2537618027133650 2.1297726224001448 0.5294117647058824 0.6509803921568628 0.403921568627451
v 2.9381124602078645 -0.2582752846897134 13.5982129106183738 0.2470588235294118 0.2352941176470588 0.2549019607843137
v -2.8236529415203684 0.2800033372450279 12.3670373614266236 0.1921568627450981 0.207843137254902 0.2313725490196079
v -14.1260470440428314 -4.5435440697853009 12.5837693958869323 0.4941176470588236 0.1882352941176471 0.2313725490196079
v 3.1145665543745702 -3.5008570228726992 24.3927434395702960 0.6196078431372549 0.5254901960784314 0.4588235294117647
v 1.8208451839202648 -4.5235174622665255 26.6134901574620599 0.3803921568627451 0.4 0.403921568627451
v 3.2079729730045461 -1.7622891805749046 19.0060486157576278 0.592156862745098 0.4862745098039216 0.407843137254902
v 0.0356964453456655 -1.5750576575271451 11.0679197511475440 0.2313725490196079 0.2431372549019608 0.2666666666666667
v -20.5353524415845641 -0.1504167093604720 10.1131534698746322 0.2941176470588235 0.407843137254902 0.1607843137254902
v -16.3079382860232833 -3.6469370898075670 17.7240402327785702 0.2431372549019608 0.1215686274509804 0.1529411764705882
v 2.5648671726273551 -2.3351600326507027 22.8125342450090329 0.2941176470588235 0.3176470588235294 0.3450980392156863
v -12.5487238880792695 -4.9107415724393428 10.0091041496535151 0.592156862745098 0.5294117647058824 0.592156862745098
v 3.7339495621062198 -3.7161495097395498 27.2112870432153997 0.6823529411764706 0.6196078431372549 0.5568627450980392
v 3.4749023258282854 -3.0196608365102451 24.0558193354515240 0.6392156862745098 0.5450980392156862 0.4705882352941176
v 2.7140058819361812 -1.3076117598760291 15.8967815043670271 0.4235294117647059 0.3725490196078431 0.3490196078431372
v 0.5255109157183553 0.4717937221743350 10.4211841091788529 0.1843137254901961 0.1921568627450981 0.2235294117647059
v -1.1072310257737810 0.7754539399442418 13.7299113599062483 0.1882352941176471 0.203921568627451 0.2352941176470588
v 3.3149115000924656 -4.1121660941497948 27.3113523997966468 0.7450980392156863 0.6784313725490196 0.611764705882353
v -14.8344785520820359 0.9473712144863321 11.0017028924962599 0.2666666666666667 0.3215686274509804 0.2549019607843137
v 3.2549643132205510 -2.6086901516888537 23.3833465761754979 0.5647058823529412 0.5137254901960784 0.4705882352941176
v 3.7242589418928831 -3.2687853887739706 26.4388398723694422 0.6745098039215687 0.6 0.5372549019607843
v -0.8549863749511499 -1.4610522679473001 22.5364660796810128 0.2235294117647059 0.2470588235294118 0.2705882352941176
v 4.6989952644770003 -1.0528942363764513 20.6917478152112579 0.6823529411764706 0.5333333333333333 0.4274509803921568
v 4.2854934341478756 -2.3323224133423315 24.2190803609788858 0.6980392156862745 0.596078431372549 0.5019607843137255
v 4.2448636902029531 -3.1096996219469339 27.2768618044911832 0.6588235294117647 0.5882352941176471 0.5294117647058824
v 3.0337307642779021 -0.9760154022930463 16.0078715047794446 0.4274509803921568 0.3725490196078431 0.3450980392156863
v 2.6315027004077454 -0.2330130685854110 13.4329881808536928 0.2313725490196079 0.2352941176470588 0.2666666666666667
v 3.4832625154747161 -1.2915513188408765 17.7173954747701075 0.615686274509804 0.4941176470588236 0.403921568627451
v -19.0614391816665005 1.5008523725352481 3.6645893072888183 9.803921568627451e-002 0.1764705882352941 4.313725490196078e-002
v 3.8367740338786818 -1.6406751083160513 19.2538434998583412 0.6627450980392157 0.5254901960784314 0.4156862745098039
v 2.2797392486752024 -3.0668340256513691 23.6231297236282813 0.2705882352941176 0.2941176470588235 0.3098039215686275
v 2.6607645506894735 -0.0874817864698134 12.8970434399698295 0.2549019607843137 0.2627450980392157 0.2901960784313726
v -9.5845035539055274 -11.6561479752583548 29.9220713399899907 0.2901960784313726 0.2431372549019608 0.2235294117647059
v 3.5830485221618504 -3.7546842174701327 27.9417950425110320 0.5607843137254902 0.4470588235294118 0.3882352941176471
v 4.0885859805659459 -0.6724568303579705 15.7505838651527394 0.6235294117647059 0.4666666666666667 0.3882352941176471
v 2.8339662683253741 -1.5478680743965454 20.1729170121618679 0.2627450980392157 0.2627450980392157 0.2980392156862745
v 3.3596181864667223 -4.7283421971531574 31.5272256873049059 0.4823529411764706 0.3764705882352941 0.3333333333333333
v 3.5904538448161176 0.8769808418479043 8.4805290113003533 0.3098039215686275 0.2196078431372549 0.1725490196078431
v -26.6121148797647429 -0.6267200200641445 34.8071939796486518 0.5411764705882353 0.4705882352941176 0.4235294117647059
v 3.1977426954713635 0.4013177405201733 10.5712650699603401 0.2588235294117647 0.2117647058823529 0.2117647058823529
v 3.1779919853409120 1.3598568051644919 5.9662114391773899 0.2156862745098039 0.1568627450980392 0.1294117647058824
v 3.3268709932389404 1.0499473084665822 8.3219744913434432 0.1882352941176471 0.1568627450980392 0.1607843137254902
v 2.8659151947952850 1.0805653106353410 7.7110864914944939 0.1411764705882353 0.1411764705882353 0.1725490196078431
v 2.9484091416312799 0.5425804595745632 10.3751030962033379 0.1803921568627451 0.1725490196078431 0.207843137254902
v 3.0714441752023198 1.5458663928899212 6.1048964451099916 0.1137254901960784 0.1098039215686274 0.1411764705882353
v 3.3738287105359781 -1.5997472951979932 19.2914276345927362 0.6039215686274509 0.5294117647058824 0.5019607843137255
v 3.2755489821041026 -4.8635621551698627 31.3962653542658003 0.5176470588235295 0.4235294117647059 0.3843137254901961
v 3.4047397832873032 -1.7827506015880872 18.6450019994416678 0.6784313725490196 0.5764705882352941 0.5215686274509804
v -13.7377874478677562 3.1522882122625839 13.1107090669008741 0.1686274509803922 0.2274509803921569 0.203921568627451
v -17.7328489311678297 -3.5321055327748425 13.5176356044124493 0.4117647058823529 0.3450980392156863 0.3764705882352941
v 3.8863275334982079 -3.0523061906640949 25.5642110933487530 0.6235294117647059 0.5176470588235295 0.4666666666666667
v 3.5565836164414457 -1.3373569528048153 18.0685073233667239 0.6470588235294118 0.5490196078431373 0.5019607843137255
v 2.5882214709293252 -6.5257217048756520 39.5014943087443839 0.1882352941176471 0.1294117647058824 9.411764705882353e-002
v 3.6766962485970951 0.6487071816559623 10.6957589159029887 0.3333333333333333 0.2549019607843137 0.2274509803921569
v 3.5540436874414980 -1.0599026680403514 16.8316803584826928 0.6274509803921569 0.5215686274509804 0.4627450980392157
v 3.5323856273044010 1.0416670454015815 8.3783048916862715 0.2941176470588235 0.2274509803921569 0.2117647058823529
v 3.1363227689226054 -4.1662808613688860 28.0804670232310301 0.5764705882352941 0.4823529411764706 0.4274509803921568
v 2.9430483600657169 1.1382937048400072 7.8049504092738546 0.1843137254901961 0.1803921568627451 0.2156862745098039
v 3.2536196469627847 -2.5830773876851438 22.2656119483669457 0.5803921568627451 0.4823529411764706 0.4392156862745098
v 44.3350097381694823 3.6680739837000731 93.0887023502580320 0.8901960784313725 0.788235294117647 0.8549019607843137
v 31.0275242858253684 0.5673884132906858 53.8290008719133581 0.8156862745098039 0.7607843137254902 0.7529411764705882
v 3.0818921654227664 0.5971413128795025 9.8366557322198762 0.1882352941176471 0.1725490196078431 0.1921568627450981
v 2.7945803502566258 0.0603668754695318 12.1494378914627941 0.2352941176470588 0.2274509803921569 0.2627450980392157
v 15.0290431146042209 -2.1990967228531826 53.4662390274243577 0.3764705882352941 0.3411764705882353 0.3137254901960784
v 2.1167389778680303 -6.3694728051888019 38.6238703111456729 0.1411764705882353 0.1019607843137255 8.627450980392157e-002
v -16.1206666494998956 -4.0060609700518395 17.3080727948350628 0.3647058823529412 0.2431372549019608 0.2470588235294118
v 2.7276737211375006 -0.1307486301291673 13.5950573329992288 0.2470588235294118 0.2470588235294118 0.2823529411764706
v 3.1641975202251298 -2.7482997594028262 23.2260573846609333 0.5450980392156862 0.4823529411764706 0.4588235294117647
v -2.8183788561614893 -5.4761524956036309 38.4830612675506814 0.2862745098039216 0.2509803921568627 0.2274509803921569
v 0.7439997647792876 2.2464762705195143 5.1909428245631100 0.2431372549019608 0.2431372549019608 0.2862745098039216
v -14.7479918438332227 -2.7895005714799037 7.2149604460240431 0.2666666666666667 0.2352941176470588 0.2705882352941176
v -0.1810828854246038 2.2741787332928109 5.9562655340621200 0.2666666666666667 0.2666666666666667 0.3137254901960784
v -1.7470038183470584 2.5868859430460160 5.2965716214176943 0.2352941176470588 0.2352941176470588 0.2745098039215687
v -10.4053516275227125 -9.6972161028317068 -10.1689811888547350 0.7333333333333333 0.7372549019607844 0.7019607843137254
v -0.7303063719358382 0.5290267405794014 14.2599135017973850 0.2117647058823529 0.2196078431372549 0.2588235294117647
v -10.9668877782782168 -5.4864938477941427 -11.6343974037743365 0.3098039215686275 0.3137254901960784 0.3647058823529412
v 2.9755878157350097 -2.8091926331003769 22.7556550897913965 0.5843137254901961 0.5137254901960784 0.5058823529411764
v -0.2681461619407131 2.5712691488987272 5.2652582279836979 0.2627450980392157 0.2627450980392157 0.3058823529411765
v -13.6526549909561545 -8.3130720320065841 -16.6466811221558402 0.796078431372549 0.7568627450980392 0.7686274509803922
v -21.8099096007639623 1.9513069384661843 0.9081025349212988 0.4392156862745098 0.5137254901960784 0.2941176470588235
v -14.6964529825527705 -2.3505846415596174 9.8572448758785676 0.2745098039215687 0.2392156862745098 0.2745098039215687
v -0.2901542846745259 2.3762766695608635 6.3568038741468920 0.2352941176470588 0.2352941176470588 0.2745098039215687
v -19.0622905840682648 0.9287626198198636 7.6524918873891350 0.4431372549019608 0.5607843137254902 0.3215686274509804
v -12.8995016090393406 -8.1003260918337912 -15.9436104808926284 0.9254901960784314 0.8980392156862745 0.9294117647058824
v -1.5718603629762500 2.2341026767091878 5.8393182629918927 0.2470588235294118 0.2509803921568627 0.2941176470588235
v -17.4019798420746099 -1.0240887361884978 -7.0031938313148068 0.3764705882352941 0.4705882352941176 0.2627450980392157
v -2.8971535183482859 2.4153277308189880 7.0466608270430342 0.5333333333333333 0.5098039215686274 0.5490196078431373
v -10.6716509667468564 -9.1790766405832631 -10.2643668765292269 0.7254901960784313 0.7215686274509804 0.6784313725490196
v -13.8205879087309143 -8.1737044605768823 -16.8984362753455954 0.8156862745098039 0.7607843137254902 0.7490196078431373
v -1.5880246203389001 -3.2597523165798430 0.0759549467932490 0.7647058823529411 0.6823529411764706 0.6666666666666666
v -10.3808982682554038 -4.8888872995046535 -11.3555576192182066 0.2666666666666667 0.2705882352941176 0.3176470588235294
v -2.0112101397736599 3.0179762084488715 5.0088866018605236 0.2117647058823529 0.2156862745098039 0.2588235294117647
v -23.5398309194893969 5.4926517226083051 3.2255901780009038 0.4509803921568628 0.5137254901960784 0.3529411764705883
v -17.9412549791776534 1.2990581849630773 4.7544241383452128 0.1019607843137255 0.1843137254901961 8.627450980392157e-002
v -0.9054022907780164 2.6234313477823372 5.2652110092853937 0.2666666666666667 0.2666666666666667 0.3137254901960784
v -19.0759067525309192 0.7233472171437999 7.3453039929114041 0.4313725490196079 0.5372549019607843 0.2980392156862745
v -2.8528244761499066 -2.8427533062169204 -1.3721632676132169 0.7686274509803922 0.6862745098039216 0.6745098039215687
v 4.2297299981348653 -1.5400237674083297 20.6798554903294303 0.7058823529411765 0.596078431372549 0.5568627450980392
v -8.0822749889148575 -3.7133920185523666 -3.9770445234241301 0.2901960784313726 0.2901960784313726 0.3333333333333333
v -14.7087579916407130 8.0710973513158315 10.6643519582301387 0.3019607843137255 0.4 0.2313725490196079
v -31.2643789496147271 0.2417511575870970 52.1359623005196227 0.3882352941176471 0.3372549019607843 0.3098039215686275
v -22.5170144793453062 1.5280203921537168 9.3422100477968666 0.4862745098039216 0.5882352941176471 0.3647058823529412
v -21.6794758311487392 -2.0323011619800226 14.4584224288048890 0.3333333333333333 0.2823529411764706 0.3176470588235294
v -7.9246963184209305 -1.1350494693102304 12.8234391033421335 0.3294117647058823 0.2941176470588235 0.3372549019607843
v 1.6458449462297968 0.5123477677764637 10.0124700809515979 0.396078431372549 0.3882352941176471 0.4431372549019608
v 1.5069415992739128 0.6756198339008763 11.7004583609133483 0.3686274509803922 0.3647058823529412 0.4156862745098039
v 3.7860892435572824 0.3215265029918790 11.2750868775068831 0.5254901960784314 0.4156862745098039 0.3764705882352941
v -1.6200598146984939 2.9882252626606371 5.0749792489438335 0.2549019607843137 0.2549019607843137 0.2980392156862745
v 2.6024402906682709 0.6660671916316024 11.6886626773464553 0.403921568627451 0.403921568627451 0.4549019607843137
v -21.8415615974011814 -2.1145022224166024 14.6983272770939042 0.3529411764705883 0.2941176470588235 0.3294117647058823
v -20.5451467125139047 1.9475635142990408 5.3297537134531128 0.3607843137254902 0.4549019607843137 0.2352941176470588
v 3.0373294683025946 1.6753896971111031 5.5796283740263481 0.196078431372549 0.1921568627450981 0.2235294117647059
v -22.7051935004668621 4.8084545576603190 1.5688931830489812 0.3568627450980392 0.4235294117647059 0.2941176470588235
v -5.7181308105447144 -11.3028476399774629 5.0430270358447729 0.196078431372549 0.1686274509803922 0.1686274509803922
v -2.5376157615902493 2.4351779773636455 7.9036338816389913 0.3333333333333333 0.3215686274509804 0.3647058823529412
v -0.4129253170384360 1.7954249361121097 8.3587352278430167 0.2901960784313726 0.2901960784313726 0.3372549019607843
v -35.2642003123827408 3.1008613122022934 31.7473307634009174 0.5254901960784314 0.4941176470588236 0.4980392156862745
v -13.7085512724014542 0.1425473464436157 10.1771789764994001 0.203921568627451 0.203921568627451 0.2235294117647059
v -1.6080573043936508 2.7995579362751455 5.6106002663931829 0.2509803921568627 0.2509803921568627 0.2901960784313726
v 0.5326711796001491 1.7115797821732797 9.0713048885737191 0.3098039215686275 0.3098039215686275 0.3568627450980392
v -2.3380753641637173 3.1116034767115845 5.4716434401365754 0.2117647058823529 0.2156862745098039 0.2627450980392157
v -18.1003635249604997 0.7006272504327998 7.3298005832441753 0.403921568627451 0.5294117647058824 0.3019607843137255
v -19.2321755510290586 4.6909407771801863 0.5914335552193625 0.2784313725490196 0.3647058823529412 0.2392156862745098
v -16.8373194121326080 -3.5930881444173375 12.9159546766604638 0.4196078431372549 0.3450980392156863 0.3764705882352941
v 2.7356142378395956 -1.1056522513613101 18.0692396170384626 0.5137254901960784 0.5098039215686274 0.5725490196078431
v -30.3760343730775624 3.4427549703455416 23.3091381011497631 0.615686274509804 0.5764705882352941 0.5843137254901961
v -14.6235974104829083 -0.5777503452775739 10.0054803954334020 0.2274509803921569 0.207843137254902 0.2313725490196079
v -16.8512252170704784 1.9270724418244705 10.4869228048887901 0.1019607843137255 0.2 0.1058823529411765
v -23.7455971165521440 -4.4132213476958704 18.4366185682763941 0.3882352941176471 0.3372549019607843 0.3058823529411765
v 12.3183837069793789 7.9131961987066335 23.5533029815672421 0.2666666666666667 0.2627450980392157 0.3058823529411765
v 6.4850024595481432 7.3031109529224150 21.8304611041279415 0.2980392156862745 0.3058823529411765 0.3490196078431372
v -30.0696178571682893 2.5008509324202697 22.0388834199752708 0.592156862745098 0.5568627450980392 0.5647058823529412
v -23.6709537649238122 5.1019456749099659 3.3100560133252444 0.5647058823529412 0.6274509803921569 0.4196078431372549
v -20.4042701313604553 2.5649942437555433 2.1184954760086678 0.403921568627451 0.4980392156862745 0.3058823529411765
v -17.7351482831373488 -3.6316433862392659 16.5768664933239975 0.3372549019607843 0.2627450980392157 0.2588235294117647
v -9.1679856193825984 0.3418318414386703 8.2020524168881117 0.5294117647058824 0.5254901960784314 0.5803921568627451
v 3.3768156338639450 1.6342710172402051 5.6332770496060478 0.2823529411764706 0.2235294117647059 0.2117647058823529
v -29.0409233101522943 5.7162509663684737 14.3465027788419555 0.2941176470588235 0.2431372549019608 0.2196078431372549
v -2.0736281169862436 -4.5860638384806727 39.5872967980146981 0.3529411764705883 0.3215686274509804 0.3294117647058823
v 3.6539080897932275 -4.2481331161178275 30.4954889055251002 0.5137254901960784 0.4117647058823529 0.3725490196078431
v -19.6305715639845708 1.3350831571722450 -3.8592505726424964 0.4823529411764706 0.5294117647058824 0.3843137254901961
v -21.6766750252735427 0.6119041460040507 10.7311009119568350 0.2588235294117647 0.3215686274509804 0.1607843137254902
v -21.2031631511297647 3.1609054663900453 1.1271071786972513 0.4431372549019608 0.5411764705882353 0.3137254901960784
v -17.2994822152038665 -4.7983267863042487 17.8335571788187082 0.4627450980392157 0.2274509803921569 0.2
v -16.1856666747756002 -4.9128140387092598 17.1383122742945417 0.4980392156862745 0.2549019607843137 0.2313725490196079
v -22.7284665200079132 7.5523042130721096 7.0405618328831263 0.3725490196078431 0.4705882352941176 0.2862745098039216
v -21.1482334644346714 3.4736666585092166 1.4840814307601256 0.4705882352941176 0.5607843137254902 0.3215686274509804
v -17.4765614878097537 -3.8317507115332825 17.2329466670747848 0.2980392156862745 0.2196078431372549 0.2117647058823529
v -31.0545941616874046 1.5698749206499532 22.2692174653356503 0.5254901960784314 0.4980392156862745 0.5019607843137255
v -22.5277892397374622 1.7426767875552347 9.1648736274786984 0.4862745098039216 0.5882352941176471 0.3647058823529412
v -13.1042285762020150 2.0379992716965805 11.9850294124401824 0.2941176470588235 0.3333333333333333 0.3764705882352941
v -21.9505543590094874 0.7373027436344370 11.6256112345720872 0.2980392156862745 0.3490196078431372 0.1921568627450981
v -18.1630321799176038 4.5517349479679554 0.3974092370119420 0.2666666666666667 0.3490196078431372 0.2274509803921569
v -13.2274345787577197 -2.4182486058106036 10.1993073897782782 0.1803921568627451 0.1372549019607843 0.1764705882352941
v -20.0222433551757426 2.9551671657569276 -1.1593510442096835 0.3490196078431372 0.4431372549019608 0.2784313725490196
v 0.0245620847037353 1.3586324931161180 9.0376043312869623 0.3607843137254902 0.3647058823529412 0.4117647058823529
v -20.1661439093750268 4.7972939626591975 0.7189393431449594 0.2862745098039216 0.3725490196078431 0.2470588235294118
v -14.3886279511524826 -2.6669748426294229 41.3563419829958221 0.4235294117647059 0.3764705882352941 0.3372549019607843
v 3.6016540599990714 -0.1254134023502499 12.6257478807947212 0.6627450980392157 0.5647058823529412 0.5372549019607843
v -22.7837956827833032 2.0360079023255571 6.8369977610120571 0.4313725490196079 0.5098039215686274 0.3254901960784314
v -22.4836651644098531 0.6301584875421687 4.4737154390217508 0.3450980392156863 0.4509803921568628 0.2470588235294118
v -19.1061074574708769 4.7113362868319184 0.6178351966823936 0.2705882352941176 0.3568627450980392 0.2352941176470588
v -18.8936855182487946 1.0844127739438196 6.2079572136896903 0.1882352941176471 0.2784313725490196 0.1333333333333333
v -20.6865323791289946 0.4072844106210520 10.6554109738719323 0.2470588235294118 0.3254901960784314 0.1450980392156863
v 2.6935861860561889 -0.3301349438960866 12.5646962770426445 0.5411764705882353 0.5098039215686274 0.5529411764705883
v 0.5027584241751176 0.3983016369513523 12.9322187727868769 0.3411764705882353 0.3450980392156863 0.396078431372549
v -12.6534294662925717 -4.0488733593817479 12.5648527483758343 0.2156862745098039 0.1490196078431373 0.1529411764705882
v -1.4376561555609602 1.3005640476882596 10.6452201985526660 0.2823529411764706 0.2862745098039216 0.3294117647058823
v -21.9360426356912726 2.6210666481365719 2.3783339464412805 0.1098039215686274 0.1607843137254902 9.019607843137255e-002
v -21.1527918691474817 3.3335217191470692 1.7227712472107899 0.4431372549019608 0.5333333333333333 0.3058823529411765
v -21.4766282203926551 2.3394349920913915 2.5293396981692755 9.019607843137255e-002 0.1333333333333333 6.274509803921569e-002
v -19.3502382345370272 1.1949384201005191 6.0932436041290758 0.1725490196078431 0.2627450980392157 0.1019607843137255
v 1.9826494479716341 0.1820137409888733 12.2928099833043021 0.4117647058823529 0.407843137254902 0.4627450980392157
v 3.2310815308463012 -1.2029821909884519 17.5822492235353351 0.6470588235294118 0.6 0.6235294117647059
v -0.5311413497306545 2.4572887073161298 7.2879754161282095 0.2745098039215687 0.2745098039215687 0.3215686274509804
v 2.3759982639791182 0.3849692843722906 5.8202538977904990 0.4941176470588236 0.3764705882352941 0.3215686274509804
v -14.6725487199797691 -1.9617778517090645 -9.1978441032014935 0.2980392156862745 0.4 0.2431372549019608
v -15.9692828325576528 1.0718938436117518 -1.9572147295812834 0.4235294117647059 0.5372549019607843 0.3098039215686275
v -21.2113181683447252 1.1617033854655472 8.2767251851876118 0.4431372549019608 0.5372549019607843 0.3019607843137255
v 2.9301552963398678 -5.0630623537385651 32.2760055543397613 0.3803921568627451 0.3176470588235294 0.2941176470588235
v 30.6480332843460417 -0.2748324048252453 50.6737154373552130 0.9058823529411765 0.8862745098039215 0.9098039215686274
v 2.7764981660141870 -0.6358789640013944 14.5918965911364786 0.5176470588235295 0.4980392156862745 0.5450980392156862
v -0.3921261556605261 0.3767925067271804 5.1632096566797596 0.3411764705882353 0.3372549019607843 0.3803921568627451
v 0.4882713492327517 -1.3420188329490097 20.3611635652441763 0.2313725490196079 0.2352941176470588 0.2784313725490196
v 23.0390766067823094 5.4228275080414514 35.4313826551547422 0.7686274509803922 0.6823529411764706 0.6549019607843137
v -12.2358922899920977 -10.3284144365861881 6.2078985890299974 0.2588235294117647 0.2156862745098039 0.2
v 2.8590262721859636 1.2141724645111478 7.7288668257869881 0.2745098039215687 0.2666666666666667 0.3098039215686275
v 3.0233914296728828 0.5606942758504645 9.9728303989543274 0.407843137254902 0.3882352941176471 0.4274509803921568
v -21.8278283506312647 1.0546001839608430 9.5873355892790020 0.4509803921568628 0.5411764705882353 0.3137254901960784
v -16.9814719255337998 2.0293098283818805 9.7273698462684859 9.803921568627451e-002 0.1882352941176471 0.1058823529411765
v 2.1198142484459845 0.5742110855299639 10.8252498540517248 0.4313725490196079 0.4274509803921568 0.4745098039215686
v 0.3036223306576366 1.6681201865875968 7.7032718022577686 0.3254901960784314 0.3215686274509804 0.3686274509803922
v 0.7468645751560128 -1.1575213379410538 18.5676824122613908 0.3019607843137255 0.3058823529411765 0.3568627450980392
v -2.6334297013550829 1.5733277030401414 9.4278984087234381 0.2352941176470588 0.2352941176470588 0.2745098039215687
v 12.5991825662635542 -3.2690666227303975 33.1367946656644392 0.8901960784313725 0.7725490196078432 0.8392156862745098
v 3.4815977701481446 -1.6292500598818884 18.8222756787455836 0.7058823529411765 0.6196078431372549 0.596078431372549
v 0.9473488465431398 0.5365560925605489 12.5426908683993350 0.3843137254901961 0.3803921568627451 0.4313725490196079
v -0.3613001805571262 2.0105246746150307 6.4457468155940489 0.3019607843137255 0.2980392156862745 0.3450980392156863
v 2.1425921595921995 1.7603270056818368 8.7724504571935000 0.3215686274509804 0.3176470588235294 0.3607843137254902
v -0.3706827882605992 1.3442675960519928 9.7547914229515698 0.3686274509803922 0.3725490196078431 0.4235294117647059
v 18.4736084080032370 11.6037996242092447 48.1306240473908602 0.3450980392156863 0.3411764705882353 0.392156862745098
v -1.0864641040292404 2.0305167556734918 7.2826678997805248 0.3137254901960784 0.3137254901960784 0.3568627450980392
v 2.5170872649534033 -3.4135479649570613 26.4194515729564188 0.2156862745098039 0.2196078431372549 0.2549019607843137
v 1.1923893905798457 1.6021234451082504 7.5776679159054430 0.3215686274509804 0.3176470588235294 0.3607843137254902
v -0.1963164763722849 2.1584767446377664 6.3179766786791607 0.2862745098039216 0.2823529411764706 0.3254901960784314
v -11.1401656288288038 2.0781569056891698 15.7432156179868201 0.3215686274509804 0.3333333333333333 0.392156862745098
v 9.0431439640638729 0.6714201317866763 13.0928271136137049 0.8196078431372549 0.7450980392156863 0.7137254901960784
v 3.1335608047185657 -0.1714369260439201 12.9543508704485788 0.596078431372549 0.5607843137254902 0.592156862745098
v -13.0617488052492767 3.6409141796556872 11.4091997213934704 0.2588235294117647 0.2470588235294118 0.1921568627450981
v 14.4682549775804397 -11.8720867670473478 52.9673728728603663 0.5294117647058824 0.4901960784313725 0.4627450980392157
v 10.4968407063441944 0.8815904629381887 18.0639712942635526 0.7568627450980392 0.6705882352941176 0.6509803921568628
v 3.5575882591504380 -3.4702357546171232 30.3574670546908507 0.1843137254901961 0.196078431372549 0.2313725490196079
v 3.4262629671694889 -0.6885849269211068 14.6427465985189613 0.6705882352941176 0.5764705882352941 0.5372549019607843
v -29.4591804480999642 3.1116301524287664 25.2551412241606528 0.4235294117647059 0.3843137254901961 0.3764705882352941
v -0.6288155293243274 2.3488990655541642 5.7265525815271916 0.3137254901960784 0.3098039215686275 0.3529411764705883
v 2.6638548679100560 -1.9330322558474753 20.7278684880504898 0.3647058823529412 0.3686274509803922 0.4156862745098039
v -1.1839245156088274 2.1638400387359638 6.9598148247245017 0.3098039215686275 0.3098039215686275 0.3529411764705883
v 2.3917637672126828 -8.1269995257483565 13.2689620405839896 0.792156862745098 0.7333333333333333 0.7254901960784313
v 1.7987227915414532 1.9531695742545567 7.7968976539626249 0.3019607843137255 0.2980392156862745 0.3411764705882353
v 2.6674582432061067 -2.6690936128782816 23.2411245456333972 0.3019607843137255 0.3019607843137255 0.3294117647058823
v 3.3814965240677339 -2.3419507959654400 22.4022793310001163 0.5725490196078431 0.5098039215686274 0.5019607843137255
v -0.7347120781936369 -1.0014576124998000 19.9716869109049071 0.1647058823529412 0.1686274509803922 0.207843137254902
v 3.5493591094184906 -1.0979208477034359 16.8911126275750121 0.7019607843137254 0.6078431372549019 0.5843137254901961
v -1.5836809736674846 2.5905146110218542 6.0600691517110343 0.2549019607843137 0.2588235294117647 0.2980392156862745
v 3.6112068824063117 -1.8819492935213631 19.8363868957471468 0.6980392156862745 0.592156862745098 0.5490196078431373
v 1.0018279578654290 1.6564758426823056 7.0631903772675289 0.3019607843137255 0.2941176470588235 0.3411764705882353
v 4.8537515530008477 5.9987371279649713 17.8041189670341637 0.3058823529411765 0.3058823529411765 0.3490196078431372
v -0.9644386598150652 2.5463374857966707 8.1036852716582377 0.3019607843137255 0.3019607843137255 0.3450980392156863
v 6.8645473646746407 -11.9901972154874112 31.5856615998301749 0.6901960784313725 0.6745098039215687 0.5843137254901961
v 12.6886704931093774 -5.8534341584556042 32.4439468776581919 0.8313725490196079 0.7019607843137254 0.7176470588235294
v 2.0611510188033355 -3.3637596276624944 25.0863982379913040 0.1803921568627451 0.1921568627450981 0.2274509803921569
v -1.3530042787210470 2.1877036164498262 7.1753618818734584 0.3098039215686275 0.3098039215686275 0.3529411764705883
v -7.5886853767128803 0.9895928491521095 15.8094788696034314 0.4 0.392156862745098 0.4745098039215686
v -0.8726772907488409 1.5712454238469418 9.5216618833928912 0.3137254901960784 0.3176470588235294 0.3568627450980392
v 3.1148308729946357 -4.1230410817336711 28.7674335757568116 0.4980392156862745 0.4117647058823529 0.3843137254901961
v -18.5235137805103847 1.6317491800732324 3.3308372534325481 0.3764705882352941 0.4862745098039216 0.2941176470588235
v -21.1617882515692060 -0.9383990164651903 14.2530389608144947 0.2745098039215687 0.2352941176470588 0.2745098039215687
v 3.3505483025121854 -1.1626727359447606 16.8016810047681702 0.6784313725490196 0.596078431372549 0.5803921568627451
v 0.2889753994247333 2.5231751149529869 5.9139898151819636 0.2705882352941176 0.2705882352941176 0.3137254901960784
v 2.5967792862944372 -1.3883394678686374 18.2395155828282114 0.4901960784313725 0.4823529411764706 0.5411764705882353
v 3.1075930303307797 -0.2869147280293205 12.6392396179582320 0.6352941176470588 0.5686274509803921 0.5725490196078431
v 1.2791839340197528 -0.4988610904089170 15.4187665562530754 0.4117647058823529 0.4156862745098039 0.4705882352941176
v -1.3653187453455389 2.3527861599867022 7.4465850715975366 0.2941176470588235 0.2980392156862745 0.3411764705882353
v 0.0095032304847061 2.1403608975908530 6.4395160909756335 0.2784313725490196 0.2745098039215687 0.3176470588235294
v 1.9823711144582614 0.4850149305343391 12.0409092158829587 0.4 0.396078431372549 0.4470588235294118
v 1.9047193100434963 1.3609743062548110 7.8114145617550621 0.3098039215686275 0.3058823529411765 0.3529411764705883
v 1.8185926603606239 -1.3520742479657035 18.2327235761808879 0.3803921568627451 0.3843137254901961 0.4352941176470588
v 3.3315173806767842 -5.1708868220457900 33.1151212014289129 0.4156862745098039 0.3137254901960784 0.2745098039215687
v 9.8432680488120745 9.4366071771615001 25.9191696423925961 0.3058823529411765 0.3019607843137255 0.3450980392156863
v 29.1124708279382460 3.0037201787528200 45.7748413547059272 0.5647058823529412 0.4862745098039216 0.4627450980392157
v 2.9047936974012876 -2.7142770633632241 23.0289369265472175 0.4235294117647059 0.392156862745098 0.407843137254902
v 3.1115369788039304 1.1838712935081996 6.9108552690791125 0.2823529411764706 0.2509803921568627 0.2627450980392157
v 2.7925539227224236 0.4170304868899936 11.1624996243212102 0.3607843137254902 0.3529411764705883 0.403921568627451
v 0.8044947460335372 1.3410914436529549 9.0264941388301185 0.3568627450980392 0.3529411764705883 0.403921568627451
v 16.7732061152483460 -18.2963048899785932 51.0732741319547188 0.6627450980392157 0.7137254901960784 0.6235294117647059
v 2.6776077959200300 -2.4700220112474520 22.2921378935792731 0.3568627450980392 0.3529411764705883 0.3843137254901961
v 2.8209865007753847 1.0735031138987623 7.6011568966386651 0.2745098039215687 0.2705882352941176 0.3098039215686275
v 3.7032725721799227 0.9544083333617399 8.5997740307872874 0.4352941176470588 0.3490196078431372 0.3176470588235294
v 2.8741125783859767 0.9788367592020015 8.2293003683830541 0.3137254901960784 0.3019607843137255 0.3490196078431372
v 2.6772413097485366 0.2804292133599653 11.4300291124114892 0.4313725490196079 0.4235294117647059 0.4745098039215686
v 2.2030083018355340 1.2278894434757119 8.1916465523405737 0.3176470588235294 0.3098039215686275 0.3568627450980392
v -1.8325245609023164 0.7607053250880937 12.4743948413071308 0.2627450980392157 0.2666666666666667 0.3058823529411765
v 2.5478136838103946 0.2442759086183842 11.2012526687286886 0.3607843137254902 0.3490196078431372 0.396078431372549
v -0.9420547107241699 2.1189159521289231 7.0812205630601106 0.2509803921568627 0.2509803921568627 0.2941176470588235
v 1.1495411363473709 0.1474818797823292 13.5883115961634626 0.4117647058823529 0.4117647058823529 0.4705882352941176
v 2.9700100495625028 1.2537553741532257 6.9768815168527176 0.207843137254902 0.2 0.2392156862745098
v -28.9277487881262800 5.4905865963839506 13.5236437166073671 0.2156862745098039 0.1764705882352941 0.1568627450980392
v -22.5081529917413974 7.0735044471820769 2.8995678656588595 0.396078431372549 0.4313725490196079 0.3215686274509804
v 1.7183485987927154 0.6069679359407558 10.8938201674020814 0.3215686274509804 0.3215686274509804 0.3725490196078431
v 0.6981281191557003 0.8547197587762002 10.8530485422834317 0.2901960784313726 0.2862745098039216 0.3372549019607843
v -12.3949552384321429 -5.1210681235396054 12.9523045628791582 0.5333333333333333 0.3882352941176471 0.3607843137254902
v -1.7693886276709772 1.6107414682776855 9.5415579284763119 0.2156862745098039 0.2196078431372549 0.2588235294117647
v 1.1873342433748240 1.7518920756469956 6.7195432222633249 0.2549019607843137 0.2509803921568627 0.2901960784313726
v 0.5684979149980932 1.4584585197649267 8.6048617333169695 0.2745098039215687 0.2745098039215687 0.3176470588235294
v 3.0745053116534522 -0.3746421431642075 13.5573057576034834 0.5568627450980392 0.5058823529411764 0.5215686274509804
v -0.3173022765844533 2.6545803492717202 5.5256290549396772 0.2470588235294118 0.2470588235294118 0.2901960784313726
v 2.5691115362055408 1.2246482848201354 7.7684777359800821 0.2313725490196079 0.2274509803921569 0.2666666666666667
v -13.1038664465489596 13.3739100389333334 18.4696035795326807 0.2784313725490196 0.3764705882352941 0.2392156862745098
v 1.9077102649125548 0.5370739787519033 11.0354468891875062 0.3294117647058823 0.3294117647058823 0.3764705882352941
v 2.0081695346221902 1.0753811264577611 9.2321810722584576 0.3098039215686275 0.3019607843137255 0.3490196078431372
v 1.1608831793480370 1.0608855587523833 9.7989416085553511 0.3254901960784314 0.3215686274509804 0.3725490196078431
v 1.3590565962537948 1.2407428954972743 9.0534116771558715 0.3058823529411765 0.3019607843137255 0.3490196078431372
v 2.3371958148111491 1.0265940245320306 9.0384933581968454 0.3019607843137255 0.2980392156862745 0.3411764705882353
v -1.0221674566456391 1.8233066172024013 9.0457358599667526 0.2431372549019608 0.2431372549019608 0.2862745098039216
v -1.0231868576048080 2.3910555502589754 6.0203357516443470 0.2196078431372549 0.2235294117647059 0.2588235294117647
v 1.2191820145920973 0.6550271084098084 11.1833562565796427 0.3019607843137255 0.2980392156862745 0.3411764705882353
v 3.0107062493626415 0.5888246124073497 9.8667983756286244 0.3294117647058823 0.3098039215686275 0.3450980392156863
v 0.4326104401036928 1.9026692658026443 7.2503700817518100 0.2549019607843137 0.2509803921568627 0.2980392156862745
v 1.3421940365140610 1.9277615250637767 6.4052981842866945 0.2274509803921569 0.2274509803921569 0.2666666666666667
v -0.7451685478059131 1.8011774878534208 8.8531885178468261 0.2509803921568627 0.2509803921568627 0.2901960784313726
v -11.9536611583385834 1.9831861712999501 12.6827311988370930 0.1764705882352941 0.1882352941176471 0.2196078431372549
v -14.2608513650805655 3.1814651106134324 12.8056523906698168 8.627450980392157e-002 0.1607843137254902 0.1058823529411765
v -22.2810068892010165 -2.7900729161950482 16.1859368623285960 0.4431372549019608 0.3686274509803922 0.3568627450980392
v 0.2758106910827124 2.2689305579873920 5.7320674572801007 0.2196078431372549 0.2156862745098039 0.2588235294117647
v 18.5148193895089470 15.3577283658824317 45.2222040743822333 0.2901960784313726 0.2941176470588235 0.3372549019607843
v 0.8004195482336779 1.6440451927055915 7.8083164506158846 0.2784313725490196 0.2745098039215687 0.3215686274509804
v 3.3932711885954285 -0.0511404334223371 12.1427356476528505 0.5843137254901961 0.5019607843137255 0.4784313725490196
v 2.3365478030389282 1.3563132315244149 7.4204351772073540 0.2431372549019608 0.2392156862745098 0.2862745098039216
v -18.9922624314488253 -2.0367660038177320 13.0448200538533783 0.2509803921568627 0.2313725490196079 0.2509803921568627
v -0.2740701684448631 1.1737449214919848 10.2181080605286017 0.3058823529411765 0.3058823529411765 0.3568627450980392
v 1.4105634974473200 1.0495861167154787 5.3474235236717380 0.2196078431372549 0.2156862745098039 0.2549019607843137
v 2.7944298693579155 1.2277079005976457 7.4386630994374165 0.2117647058823529 0.207843137254902 0.2509803921568627
v -1.5347702048598739 2.5256235358564236 6.0384733228593133 0.1843137254901961 0.1921568627450981 0.2274509803921569
v -12.6202095261708891 -4.0941988422713314 12.2690694945608580 0.2274509803921569 0.1372549019607843 0.1490196078431373
v 3.2862093418772442 0.8661449015708987 8.4006437322298897 0.3294117647058823 0.2784313725490196 0.2784313725490196
v -0.0833026082962945 1.7577536468790778 8.8517724711994568 0.2588235294117647 0.2588235294117647 0.3019607843137255
v -21.0300292692496278 0.5716988270545730 9.9890296722324301 0.1764705882352941 0.2588235294117647 9.411764705882353e-002
v -17.5300384349050766 -1.3948083465481858 12.2549045821096971 0.2196078431372549 0.2196078431372549 0.2196078431372549
v -16.1151354999894458 -3.8275934331666095 17.4749445217280623 0.3764705882352941 0.3176470588235294 0.3098039215686275
v -28.8635003226482851 -1.4517177203550795 17.3847552137579910 0.5294117647058824 0.4901960784313725 0.4823529411764706
v 1.9532896317371768 0.7075672730883870 9.8908878592967095 0.2862745098039216 0.2823529411764706 0.3254901960784314
v -5.4028579014150422 -2.1380446590391102 6.7332635161969510 0.1803921568627451 0.1843137254901961 0.2274509803921569
v -14.3256656244878506 2.6069383188572344 2.9193745320069260 0.5450980392156862 0.5803921568627451 0.4901960784313725
v 0.9437545044520725 0.7462790044473636 10.9604417589246861 0.2901960784313726 0.2862745098039216 0.3333333333333333
v -18.4089496141892575 -2.2432536268018488 12.7530340034579677 0.2431372549019608 0.207843137254902 0.2196078431372549
v 1.1497248766290626 1.2699671491918676 8.6072899139493693 0.2784313725490196 0.2784313725490196 0.3215686274509804
v 17.0943496999458198 -13.3268469414668385 60.4403071538167467 0.611764705882353 0.5372549019607843 0.4941176470588236
v -0.3143130860881013 2.3402303783778562 6.2223845719923272 0.2470588235294118 0.2470588235294118 0.2901960784313726
v 1.0723674864939796 1.0936215897188002 8.8876740398374174 0.2980392156862745 0.2941176470588235 0.3411764705882353
v -15.3292241525854038 -2.5561198965555256 10.4970900345842040 0.2862745098039216 0.2509803921568627 0.2823529411764706
v -13.4527381130741794 -2.6567484691384990 6.4017171198050775 0.1803921568627451 0.1450980392156863 0.1921568627450981
v -17.5747477218199428 -2.3590354665201021 -11.7672199327434441 0.5607843137254902 0.5882352941176471 0.4352941176470588
v -1.6524442400818775 2.4753575334769256 6.3847359561273729 0.2745098039215687 0.2745098039215687 0.3137254901960784
v 2.8658373195095801 1.9855750754520820 6.2691411952994924 0.2509803921568627 0.2470588235294118 0.2862745098039216
v -1.5766468893134924 2.6118760316498424 6.3302165036425908 0.2705882352941176 0.2666666666666667 0.3098039215686275
v 16.0297225700392225 -11.4101928823031464 56.0788104573425699 0.5215686274509804 0.4823529411764706 0.4627450980392157
v 18.7492561266153288 -13.7673864775473653 55.3838564683396584 0.7058823529411765 0.6784313725490196 0.592156862745098
v -17.2298516111976561 -4.6344196717734283 18.4734098111123117 0.4156862745098039 0.1098039215686274 9.411764705882353e-002
v 2.3362032879756129 1.0795370815278729 8.6113515411001522 0.3647058823529412 0.3607843137254902 0.4117647058823529
v -15.1830978882592795 -1.4392999953624694 10.5749900516045621 0.2235294117647059 0.207843137254902 0.2352941176470588
v -18.6369117552293169 1.1207791799021167 5.4527767818665716 0.1254901960784314 0.207843137254902 9.019607843137255e-002
v -21.8571458554857330 -1.9045887007608611 14.7117145087378489 0.3333333333333333 0.2862745098039216 0.3215686274509804
v 1.0268554728335457 1.6870897436411267 8.0642110308486838 0.3529411764705883 0.3490196078431372 0.4
v 2.6194317980770583 1.7586233100328099 6.1952372043627335 0.2627450980392157 0.2588235294117647 0.3019607843137255
v -1.2278103521222326 2.3888282458995969 5.8375206579617611 0.2745098039215687 0.2745098039215687 0.3176470588235294
v 2.5019353633728305 1.6263665546399937 6.5999590839461799 0.2627450980392157 0.2588235294117647 0.3019607843137255
v -21.4455984148172973 1.4340698220188246 7.4900956557233407 0.4509803921568628 0.5450980392156862 0.3019607843137255
v 0.6676362005046332 2.3669660168792714 5.2558009419049352 0.2980392156862745 0.2980392156862745 0.3411764705882353
v -34.1993227478312178 -4.3297074314833779 21.1676607064277036 0.5372549019607843 0.5019607843137255 0.5098039215686274
v -14.8707238731321461 -2.3462277397806517 9.9301255551470167 0.2745098039215687 0.2392156862745098 0.2745098039215687
v -6.4268309558020649 -1.1837180972470569 -3.2329483093366358 0.3058823529411765 0.3098039215686275 0.3529411764705883
v -13.5551306052974745 -1.2891424155664117 9.7934872348274009 0.203921568627451 0.1725490196078431 0.2196078431372549
v -0.2321931849789522 2.2779880437052342 6.2269415803960770 0.3098039215686275 0.3058823529411765 0.3529411764705883
v -1.7685635850669605 2.8715931591430648 4.6771618071436762 0.2431372549019608 0.2431372549019608 0.2862745098039216
v -1.1357476249375511 2.5307625664826823 6.2816370610289143 0.2901960784313726 0.2901960784313726 0.3333333333333333
v -13.4966729935256673 -1.3498832478803158 9.8453817245449784 0.1882352941176471 0.1568627450980392 0.203921568627451
v -13.8054164947371127 3.5872327302160638 3.0830524713586231 0.3529411764705883 0.4666666666666667 0.3333333333333333
v -15.1678745665717258 -1.2690321014057373 10.5777051914494393 0.2392156862745098 0.2274509803921569 0.2509803921568627
v -18.1406956421986614 0.0018797331923498 9.6305723011571374 0.2705882352941176 0.3529411764705883 0.1882352941176471
v -6.0355376428392402 -0.2371951697703075 20.6868951340328309 0.4941176470588236 0.4666666666666667 0.4901960784313725
v 3.7159658823408757 1.3471711053386435 5.8944356531747086 0.6078431372549019 0.4509803921568628 0.403921568627451
v -12.9087075727043370 -2.6079935177604545 9.8890021118587228 0.2156862745098039 0.1725490196078431 0.2
v -0.1201022509847158 2.4469324891845652 5.5409784870846783 0.3058823529411765 0.3058823529411765 0.3529411764705883
v 3.0927170970839151 1.8956941459728953 5.6370866445849570 0.2156862745098039 0.2117647058823529 0.2470588235294118
v 0.0263527464921244 2.5345530152976483 5.0622555670138585 0.2823529411764706 0.2823529411764706 0.3176470588235294
v 11.4128252746567611 -18.9397721436304813 48.6595167082769251 0.4823529411764706 0.4745098039215686 0.4588235294117647
v -17.9088409640187010 1.1544395994251233 5.3963006807279541 0.1921568627450981 0.2901960784313726 0.1529411764705882
v -14.2698433478573001 -2.2836782455983062 9.7929834719856039 0.2549019607843137 0.2235294117647059 0.2627450980392157
v -2.7335644218116117 2.0681321065624521 4.8949286633102638 0.2745098039215687 0.2784313725490196 0.3215686274509804
v -20.3892525573607024 1.9096790098574641 2.8466561403355080 0.4705882352941176 0.5607843137254902 0.396078431372549
v -11.9533449629101511 -4.5860749402685936 12.1563867799833041 0.4705882352941176 0.3019607843137255 0.2901960784313726
v -2.4746323280293372 -1.0141058076921798 21.1591353291756761 0.2235294117647059 0.2196078431372549 0.2470588235294118
v 2.9930718200421311 0.2892184241538678 11.1824190435989195 0.4627450980392157 0.4470588235294118 0.4980392156862745
v -16.3885516322931295 -4.0201600296569175 17.2155947557111872 0.2862745098039216 0.1843137254901961 0.1882352941176471
v -21.2973353360994118 -1.9800982082135488 16.3759946783707804 0.2274509803921569 0.1882352941176471 0.2156862745098039
v -1.8721959485718438 2.7566518112273455 5.7663111457793246 0.2666666666666667 0.2666666666666667 0.3098039215686275
v -10.7692359962319522 0.8946307423242684 13.8458251619821819 0.407843137254902 0.4117647058823529 0.4862745098039216
v -13.4303926108801157 0.2774704443778364 10.8429498185131497 0.1764705882352941 0.1803921568627451 0.207843137254902
v -23.3572524173062632 1.7040578400354118 12.1895365524699990 0.5411764705882353 0.5764705882352941 0.4196078431372549
v 14.8134384822769789 -12.9456856161472267 48.8294166233968312 0.6823529411764706 0.6980392156862745 0.592156862745098
v 2.5329132496450852 1.4900472135642080 6.9915604223515588 0.2509803921568627 0.2470588235294118 0.2901960784313726
v -21.2219388786109491 -1.8808221128633040 16.5106365828907329 0.3450980392156863 0.2862745098039216 0.3137254901960784
v -22.8397776183409675 1.6834422312387385 8.7652597913879831 0.4901960784313725 0.5882352941176471 0.3607843137254902
v -14.1616759837040220 -4.5711277262951979 12.4780919063031543 0.4 0.207843137254902 0.1803921568627451
v -17.8660071763267467 -2.2625144483735413 12.4997992637340136 0.1921568627450981 0.1725490196078431 0.1843137254901961
v -13.6270404570586159 -4.2339691398059749 11.5618703720953615 0.3215686274509804 0.2313725490196079 0.2235294117647059
v -20.9592348852435784 -2.4948317726859495 14.3378695767928921 0.2627450980392157 0.2117647058823529 0.2392156862745098
v 2.8137224010999922 -5.9920525563660343 33.0556618036953367 0.3137254901960784 0.2117647058823529 0.1647058823529412
v 21.7214840997879648 -3.3230957683171853 52.1945896873240542 0.8509803921568627 0.7450980392156863 0.8
v -21.9121649629802349 0.9122176677750463 10.2551913700963464 0.2392156862745098 0.3215686274509804 0.1411764705882353
v 14.2771218749673174 -12.9760102877642609 51.5029894355883613 0.6784313725490196 0.6392156862745098 0.5568627450980392
v 3.1671349794415407 -3.2791983803603957 25.0719869993605471 0.5450980392156862 0.4588235294117647 0.4352941176470588
v 3.5668513531202839 1.4433960955424570 6.3184408268841432 0.3803921568627451 0.2862745098039216 0.2509803921568627
v -19.2555323476070157 -3.6299848662284706 16.6919500624691466 0.2941176470588235 0.2235294117647059 0.2549019607843137
v -16.5047709193068144 -5.3208090632690457 -9.8263107591298802 0.2392156862745098 0.2313725490196079 0.1764705882352941
v 0.5345046411144672 -1.9213748766269261 22.2112824766595978 0.1803921568627451 0.1921568627450981 0.2274509803921569
v 17.5392146063001810 -1.5578829594136911 51.2840649476510038 0.8156862745098039 0.7372549019607844 0.7372549019607844
v -17.3009828051121630 -3.5941658380801051 13.9134085479167116 0.3764705882352941 0.3058823529411765 0.3294117647058823
v -16.1342479127925529 -4.7759149202245146 17.6480587201011687 0.4784313725490196 0.2313725490196079 0.2156862745098039
v -18.6984601882691237 1.4005655361366007 4.4312637698585844 0.1019607843137255 0.1725490196078431 7.843137254901961e-002
v 4.5663800535459940 -4.1043911089540606 29.3645788465823685 0.4470588235294118 0.3647058823529412 0.3254901960784314
v -21.9674254181013175 2.6027934520367237 2.3559565920905854 0.1176470588235294 0.1725490196078431 9.019607843137255e-002
v 3.1522488773460777 -2.5526792074672429 21.9416192144637776 0.6196078431372549 0.5411764705882353 0.5176470588235295
v 24.4620703290536881 -2.7410438120831992 51.4534616863270742 0.9019607843137255 0.6627450980392157 0.7176470588235294
v 3.5419560634903604 -1.9116033006541324 20.9982000759242737 0.6627450980392157 0.592156862745098 0.5882352941176471
v 2.1431902137741607 -1.8342677802381731 19.8657065070064576 0.3411764705882353 0.3450980392156863 0.392156862745098
v -3.3443149155668266 -9.3876399415302991 4.7474648177902266 0.6941176470588235 0.6745098039215687 0.7058823529411765
v -18.3984303427265168 1.1671177199473053 5.7649836985726850 0.2235294117647059 0.3176470588235294 0.1529411764705882
v -18.8922964450139723 0.6506500591211941 7.2166117680142881 0.4352941176470588 0.5411764705882353 0.3019607843137255
v -22.2530581175783091 1.7929520111697450 7.1807139715079105 0.4431372549019608 0.5294117647058824 0.3254901960784314
v 32.2515295891630771 6.6375356819266784 50.1144637377104587 0.7529411764705882 0.6745098039215687 0.6509803921568628
v -10.2681381697604195 1.1992495815428128 14.5790281348811597 0.3058823529411765 0.3098039215686275 0.3725490196078431
v 0.4812353987213405 -0.9862128813854751 16.0054179366297866 0.392156862745098 0.4 0.4509803921568628
v -0.4280936547268448 0.9998163874596004 10.7800823138726880 0.3294117647058823 0.3294117647058823 0.3764705882352941
v 2.7963569474645742 0.6348876570715658 10.0396566568334507 0.3490196078431372 0.3372549019607843 0.3843137254901961
v -11.8522099882512748 -6.5526298956895204 -13.3560842070757175 0.3764705882352941 0.3725490196078431 0.4274509803921568
v -20.8758338661884899 2.3584118886961787 1.9343931085336563 0.3058823529411765 0.3764705882352941 0.2196078431372549
v -10.1156457343670851 -5.5384961158379591 -9.1395404758453118 0.3450980392156863 0.3490196078431372 0.4
v 1.0048427068446115 2.2054409327114715 6.0121237309494999 0.2274509803921569 0.2196078431372549 0.2627450980392157
v 2.7647344889979348 1.4973040347148074 6.5971542176287192 0.2117647058823529 0.2117647058823529 0.2509803921568627
v 2.1839897377240511 1.0256304264913036 9.5205395890329587 0.3333333333333333 0.3254901960784314 0.3764705882352941
v 2.7738675947462741 1.1304392102074579 8.2198512958886809 0.2862745098039216 0.2784313725490196 0.3254901960784314
v 3.2601720291753571 1.5123335239042979 6.0776105895786587 0.2627450980392157 0.2313725490196079 0.2509803921568627
v -1.4362171420204946 2.9863656678650594 7.8986978376262567 0.2313725490196079 0.2274509803921569 0.2745098039215687
v 2.1121793082530225 0.8994826830008287 9.3181899498191996 0.3529411764705883 0.3490196078431372 0.396078431372549
v -0.3925575952464148 2.6168539163012463 5.3271902272883773 0.2509803921568627 0.2509803921568627 0.2941176470588235
v -1.4690594183004375 2.7724354034603760 6.3757093649848704 0.2235294117647059 0.2274509803921569 0.2705882352941176
v -17.4272048488810682 -3.6198150590727289 -9.0548694556642140 0.5215686274509804 0.6313725490196078 0.396078431372549
v -22.1372273998823133 1.6970258546542385 11.2430006801126350 0.4627450980392157 0.5607843137254902 0.3294117647058823
v -17.3218388442337883 -4.6438009089540362 18.2680119876974274 0.4509803921568628 0.1411764705882353 0.1176470588235294
v 1.6746377440102698 0.9295005859171048 7.9509715462160946 0.3137254901960784 0.3098039215686275 0.3529411764705883
v 2.0581776405691081 1.9617682290491290 6.9609824403572951 0.2352941176470588 0.2313725490196079 0.2705882352941176
v -0.0366011907296782 2.0690317482152696 6.0753925051385851 0.2156862745098039 0.2156862745098039 0.2509803921568627
v 0.8211661782776372 1.9315527085216473 4.7064736947225603 0.2274509803921569 0.2235294117647059 0.2627450980392157
v 2.2292915704980558 1.5078564812257342 6.8895446452933804 0.2235294117647059 0.2235294117647059 0.2627450980392157
v -0.2732158956741333 2.0384713883442371 5.4840074026706329 0.2392156862745098 0.2431372549019608 0.2862745098039216
v 1.9294993414584793 1.8116023305641809 5.7208712965635335 0.2156862745098039 0.2117647058823529 0.2509803921568627
v -1.2650725243795136 1.5304659858871845 12.1288157388426914 0.2705882352941176 0.2705882352941176 0.3137254901960784
v 2.9140372161352208 1.1981578823459227 6.9286444861456324 0.2431372549019608 0.2352941176470588 0.2745098039215687
v -7.2086566921527639 -5.6710803749899723 -8.0110631662370970 0.7647058823529411 0.6823529411764706 0.6627450980392157
v 2.5985132734556595 0.3908561899551101 10.6150752819825360 0.3568627450980392 0.3490196078431372 0.4
v 3.6442127791670766 1.2701596306616938 6.3452107127300286 0.4823529411764706 0.3490196078431372 0.2980392156862745
v 15.3657781808808096 -13.1040001176561383 50.6144811421876639 0.6862745098039216 0.6862745098039216 0.5882352941176471
v 3.4761670881213571 -0.7852549538228015 14.7730676051574079 0.6784313725490196 0.5725490196078431 0.5215686274509804
v -22.0310684836176414 -0.6229579101526117 16.0241689454054779 0.3333333333333333 0.2901960784313726 0.3294117647058823
v 3.8873801793940270 -7.0575994304339984 39.8101632915360497 0.3019607843137255 0.2196078431372549 0.1764705882352941
v 1.7703595780446384 0.5191051762874678 10.9373887068215403 0.3176470588235294 0.3137254901960784 0.3607843137254902
v -11.9102897669158381 -7.4466610713694212 5.5125228852885426 0.3254901960784314 0.2862745098039216 0.2627450980392157
v -2.2664556398471847 -4.0470694446027240 -1.7628424993304064 0.807843137254902 0.7450980392156863 0.7176470588235294
v -32.7688576183693243 -1.9612043353022341 20.3524808380004103 0.5058823529411764 0.4745098039215686 0.4784313725490196
v -10.1476144403056701 -6.8812645703762749 -11.4518557050666541 0.8666666666666667 0.7843137254901961 0.8
v 0.9756600090225556 1.1556867891005325 9.2974410047792375 0.3137254901960784 0.3098039215686275 0.3568627450980392
v -20.1746497346673159 -3.5577039699875463 15.4225664133606806 0.4156862745098039 0.3450980392156863 0.3764705882352941
v 1.9097294177431041 -1.2640324040904434 18.1639629075783233 0.3843137254901961 0.3843137254901961 0.4392156862745098
v -2.1307585729301994 0.2732364494997400 19.5056671053057755 0.3725490196078431 0.3647058823529412 0.396078431372549
v -23.1115874736912623 1.2795346578095452 11.6887933696698774 0.5294117647058824 0.5215686274509804 0.4274509803921568
v 2.9921450929131144 1.0793442568704461 7.5679795800318672 0.2784313725490196 0.2666666666666667 0.3019607843137255
v 32.7480094413245695 0.7000036702145840 57.8138854816014671 0.9019607843137255 0.8745098039215686 0.8941176470588236
v 2.8415566881874308 0.3655098964088600 10.8589734223363905 0.3647058823529412 0.3529411764705883 0.396078431372549
v -14.1443244539153632 -4.5844741490722178 12.2610712359269911 0.4156862745098039 0.1921568627450981 0.1725490196078431
v 2.6834260581080924 1.3105486231920058 6.9901035293274347 0.2549019607843137 0.2509803921568627 0.2941176470588235
v -18.1834295984680985 0.4674982885783135 11.1268436186029707 0.2470588235294118 0.3333333333333333 0.1647058823529412
v -22.9003996518392583 4.0375374863975271 1.7047571941458304 0.5333333333333333 0.6235294117647059 0.392156862745098
v 3.8568684517221534 0.9029874222780981 9.0383766792079143 0.4509803921568628 0.3450980392156863 0.2980392156862745
v 1.9080679672583398 -2.0229375845649038 20.9957162756975535 0.2470588235294118 0.2509803921568627 0.2941176470588235
v 3.4289245406846298 -0.3760801328343031 13.6941676930527301 0.6627450980392157 0.5686274509803921 0.5490196078431373
v 33.5452648548242536 2.3762006738106716 64.5413556928190957 0.8313725490196079 0.7411764705882353 0.7725490196078432
v 0.1616974649284740 1.2443557288853571 10.1189168931345623 0.3372549019607843 0.3372549019607843 0.3882352941176471
v -0.7619955847324067 1.7262562222651303 8.6436619954484506 0.3019607843137255 0.3019607843137255 0.3450980392156863
v -12.6739039272948091 -5.0573761870832943 13.0948650565113098 0.5568627450980392 0.3254901960784314 0.3058823529411765
v -20.3015675370860222 -3.3378564374262734 16.0442588439596037 0.4196078431372549 0.3450980392156863 0.3843137254901961
v 2.8669185567301536 1.7394227203766350 5.5476841552964684 0.203921568627451 0.2 0.2352941176470588
v -22.1450494077491129 1.6138163063283488 7.0145262720392676 0.4745098039215686 0.5607843137254902 0.3568627450980392
v 3.7799947321687246 0.7770487441448825 9.1207046965119076 0.4980392156862745 0.3843137254901961 0.3333333333333333
v 4.1644770635366566 -3.9173760307272492 29.9404911222001218 0.5607843137254902 0.4549019607843137 0.4
v -22.8321045874822772 0.8346098012725947 18.7179126012103580 0.4549019607843137 0.403921568627451 0.4117647058823529
v -16.8614640267171474 -3.5778545334281224 14.5532924317434897 0.3882352941176471 0.3176470588235294 0.3490196078431372
v -20.8509723424953002 -2.3834335765313481 14.3696992494961044 0.2509803921568627 0.207843137254902 0.2392156862745098
v 2.5438997847846578 0.4799635288182817 9.9407900308026278 0.3215686274509804 0.3137254901960784 0.3607843137254902
v 2.6729376233897657 -1.7818946064195018 19.4873125253492745 0.4470588235294118 0.4352941176470588 0.4823529411764706
v -22.1516998600246566 3.2952616211852268 -0.3127812783334372 0.4352941176470588 0.5294117647058824 0.3450980392156863
v -17.6106397453946215 -3.6093530349332861 13.5995428308515827 0.3843137254901961 0.3215686274509804 0.3450980392156863
v -13.5916414505845005 3.0976799829178150 2.3688191321707435 0.4117647058823529 0.5137254901960784 0.407843137254902
v 2.7160538876073730 -1.1752182486547653 17.1977766576491646 0.4862745098039216 0.4745098039215686 0.5254901960784314
v -21.0467883117380090 0.5254630306973808 10.1806662664246907 0.196078431372549 0.2745098039215687 0.1137254901960784
v -13.6469423122205704 -4.1832069997397108 11.8732729956920195 0.3411764705882353 0.2549019607843137 0.2431372549019608
v 2.6309140561016124 -2.2358616163879335 21.2348307010165414 0.3882352941176471 0.3843137254901961 0.4235294117647059
v 3.3129189297367927 -4.6825808594696721 32.1588696336174209 0.3843137254901961 0.3176470588235294 0.3098039215686275
v -23.3211188016147339 -4.4006551621562568 2.7318161764400744 0.4823529411764706 0.4431372549019608 0.4352941176470588
v 3.7062156154356161 -3.4619987213724599 25.3036680752474012 0.5882352941176471 0.4980392156862745 0.4627450980392157
v 15.4970509322122112 -3.7494105996636788 49.7754294269652249 0.6549019607843137 0.5490196078431373 0.5176470588235295
v 3.4149666178893363 -1.2989306363092750 16.8926781814356488 0.6980392156862745 0.6 0.5686274509803921
v 28.7236205939866878 1.4716902315947331 47.4829967397165476 0.8274509803921568 0.7764705882352941 0.788235294117647
v -12.3556541470086643 -3.7315262343051741 10.9266390900376553 0.5686274509803921 0.5215686274509804 0.5647058823529412
v -21.5005540582674470 0.4701144429488002 9.4873533294122154 0.1803921568627451 0.2470588235294118 0.1019607843137255
v -21.6976963787879811 0.1799686854227620 12.6674098497907313 0.5568627450980392 0.5098039215686274 0.4784313725490196
v -12.8599005268021820 -3.2644133482986017 11.1196938196005259 0.3607843137254902 0.2980392156862745 0.3215686274509804
v -21.1028126086170680 0.6323259183101473 11.4101248773590775 0.3098039215686275 0.3882352941176471 0.1882352941176471
v -21.1962604757544710 -2.5813631679087763 14.9701795034286391 0.2941176470588235 0.2352941176470588 0.2627450980392157
v 12.5850789399892982 -5.5279451009001228 49.8276987943746263 0.3450980392156863 0.2784313725490196 0.2509803921568627
v -17.7292043796404108 -4.7694151345181233 17.6841096539355647 0.4627450980392157 0.207843137254902 0.1843137254901961
v 2.7284343254140233 -6.8327892626795519 42.0618968421884603 0.2431372549019608 0.1843137254901961 0.1529411764705882
v -20.7158145402495215 -2.8395391334895033 13.9402789518738661 0.3372549019607843 0.2784313725490196 0.3019607843137255
v -17.7016616494648034 -3.5149732503536280 13.4577784339527859 0.392156862745098 0.3254901960784314 0.3490196078431372
v 1.7075080958914794 1.0621104748508297 8.3063304254617911 0.4 0.396078431372549 0.4470588235294118
v -18.5803665927228110 1.3452077368666930 4.3054590038127420 9.411764705882353e-002 0.1607843137254902 6.666666666666667e-002
v -17.8067323401153779 -2.0894704778614033 12.5533925425202373 0.203921568627451 0.1803921568627451 0.1882352941176471
v -19.3499484911378978 1.1653629001881356 5.9664557944446512 0.203921568627451 0.2941176470588235 0.1215686274509804
v -18.9462497951663487 -2.1540509661274267 13.0095045664867914 0.2470588235294118 0.2196078431372549 0.2431372549019608
v -18.2955842061564908 1.7865603357228965 4.4021576466853851 0.4470588235294118 0.5647058823529412 0.3450980392156863
v -18.7119394470684028 1.3801442255684016 4.2553528790530191 0.1019607843137255 0.1725490196078431 7.450980392156863e-002
v -15.2711256733596628 -1.2515057064059849 10.5896553123868156 0.2196078431372549 0.2156862745098039 0.2313725490196079
v -21.1360423870799643 0.6923723409683408 10.0085557201741597 0.1921568627450981 0.2745098039215687 0.1176470588235294
v 3.1203066902850773 0.3544733965292508 10.8406952899676430 0.4705882352941176 0.4470588235294118 0.4823529411764706
v 3.4900744339361074 -0.9980572810795756 16.1103265045745871 0.7019607843137254 0.6078431372549019 0.5803921568627451
v 3.5297441259155460 -1.2080533090146837 16.8622900042903439 0.7058823529411765 0.6 0.5647058823529412
v 3.3932567058952765 -1.5249340317710971 18.1349316754415355 0.6941176470588235 0.615686274509804 0.592156862745098
v -1.1016548632639696 1.7571068580047313 8.8565781786527360 0.3019607843137255 0.3019607843137255 0.3490196078431372
v 2.2857192509985698 0.9411621299305695 9.2303865817872861 0.3607843137254902 0.3568627450980392 0.403921568627451
v 1.9263577702419077 0.0311440105468189 13.1675106727957978 0.4627450980392157 0.4549019607843137 0.5137254901960784
v 0.9364565876196529 0.3265145854903742 12.1634229312900892 0.4196078431372549 0.4156862745098039 0.4666666666666667
v 2.3842997469724909 -2.4669746235146963 23.4816627789556378 0.2 0.2117647058823529 0.2470588235294118
v -1.1661348748030980 2.1153547736028711 7.3850505481410975 0.3137254901960784 0.3137254901960784 0.3568627450980392
v 5.6993740598695712 -7.1389184328009936 40.8668346953146440 0.1137254901960784 7.843137254901961e-002 6.666666666666667e-002
v 1.9584714453964540 0.9054238547464798 9.7419376366753987 0.3764705882352941 0.3725490196078431 0.4196078431372549
v 3.3942735343176107 -2.8531068563609940 23.9008260100575711 0.592156862745098 0.5058823529411764 0.4784313725490196
v 2.6799285372232249 -2.5825554150161638 22.6977075207905159 0.3333333333333333 0.3294117647058823 0.3686274509803922
v 1.8399870574748023 -2.6900772493047098 24.1505889150360673 0.1843137254901961 0.196078431372549 0.2352941176470588
v 1.6973333621406004 -0.0692137099830270 13.2119948058626697 0.4823529411764706 0.4745098039215686 0.5372549019607843
v -2.2502652519168365 1.9077907239375864 11.4090083374891531 0.2980392156862745 0.2941176470588235 0.3294117647058823
v -19.8741802847856022 1.5677880449914399 4.7262788336554635 0.1058823529411765 0.1725490196078431 5.490196078431372e-002
v -21.3542894573167992 1.4413016176656130 8.4591145554477247 0.4 0.4941176470588236 0.2627450980392157
v -17.9201096570319010 1.1461776774401307 4.7694066654887575 9.411764705882353e-002 0.1803921568627451 7.843137254901961e-002
v -19.6298440526528211 -3.1366450201485483 13.9289339173494078 0.4 0.3294117647058823 0.3529411764705883
v -0.1603139499255943 -0.1442526918658875 12.9331429947436494 0.3372549019607843 0.3372549019607843 0.3882352941176471
v 29.2237722065158749 1.4773498620322092 53.6949547499943165 0.8666666666666667 0.807843137254902 0.8274509803921568
v -19.2102139121509836 0.0569994087294122 8.4630318956076618 9.019607843137255e-002 0.1294117647058824 5.490196078431372e-002
v 32.6427272315863490 4.7449141961430561 70.1149935290603850 0.7490196078431373 0.611764705882353 0.6588235294117647
v -7.4332217627688406 -4.3772187163074765 37.0496582680940278 0.3725490196078431 0.3294117647058823 0.3019607843137255
v -7.4031789493957634 1.1347770789711085 14.6014334076082211 0.5372549019607843 0.5490196078431373 0.6235294117647059
v 1.8361963723233887 -2.9595736038678080 24.8071645935782712 0.1686274509803922 0.1803921568627451 0.2196078431372549
v 1.3646960495330440 -0.6728591196803269 18.0787853194930008 0.3764705882352941 0.3843137254901961 0.4352941176470588
v 32.6928758167520144 1.0477070524717207 54.6122969967026677 0.9098039215686274 0.8862745098039215 0.9176470588235294
v 3.1401778866607737 -2.6419765850403634 21.8698083475517677 0.6431372549019608 0.5568627450980392 0.5294117647058824
v 3.4393955523605384 -0.9266983173441756 16.5494959733882361 0.6745098039215687 0.6 0.6039215686274509
v 0.0674381896288645 -1.6422246251883916 20.5028485372506566 0.1882352941176471 0.2 0.2352941176470588
v -15.4100314341369646 -0.4525364065762804 11.4752253516728633 0.1333333333333333 0.1843137254901961 0.1215686274509804
v -15.3382462344613799 -0.3039563790470049 11.8861491026697603 0.1333333333333333 0.1803921568627451 0.1294117647058824
v 21.2056864148472712 1.9291017507214998 55.6446589798554072 0.9137254901960784 0.796078431372549 0.8392156862745098
v -20.6171850583806808 -3.4441176174912504 16.5059764409081744 0.3019607843137255 0.2235294117647059 0.2705882352941176
v -16.6453028553155420 -3.8875419286998580 16.5229260436766019 0.1803921568627451 0.1176470588235294 0.1372549019607843
v -15.9007826782785280 -3.6921968840156678 15.4685673837793942 0.5019607843137255 0.4470588235294118 0.4901960784313725
v 2.1657028466195598 -1.8828678499718585 20.5904465920775550 0.1921568627450981 0.2 0.2392156862745098
v -21.0591043189848115 2.3560268617123823 4.1568249612245332 0.4666666666666667 0.5568627450980392 0.3372549019607843
v -12.8804212380574121 -5.5742497096081571 11.0568732236595988 0.5843137254901961 0.1803921568627451 0.1647058823529412
v 3.1645986715758871 0.6055084998468188 9.4764272638762321 0.3725490196078431 0.3254901960784314 0.3333333333333333
v -22.0073206088529716 0.7952936267255482 11.3446642685057331 0.2235294117647059 0.2901960784313726 0.1294117647058824
v 2.6101528281299164 0.9171252324606273 9.4267705814321054 0.2784313725490196 0.2745098039215687 0.3137254901960784
v -22.0615326340958298 -0.1393175916815962 15.3603633483872493 0.403921568627451 0.3529411764705883 0.3725490196078431
v -17.4483562372338348 -4.0006149542909233 17.2554350294752652 0.2784313725490196 0.1607843137254902 0.1529411764705882
v -19.6497677668514115 1.9567310977661256 4.4731030951021635 0.2705882352941176 0.3529411764705883 0.1490196078431373
v 1.2790063070457414 1.2120390815890316 8.5118948399062706 0.2980392156862745 0.2941176470588235 0.3411764705882353
v 2.9726720180471760 1.1612351650228432 6.4794298424916157 0.2666666666666667 0.2352941176470588 0.2509803921568627
v -16.3925912126029480 -4.7889832161123342 17.9668152109082868 0.4941176470588236 0.207843137254902 0.1882352941176471
v 2.1870234848397727 -0.4008210899130127 12.9722679010653028 0.4941176470588236 0.4862745098039216 0.5450980392156862
v -11.7470974643491530 0.4002284787296880 12.3207100402183087 0.3882352941176471 0.396078431372549 0.4745098039215686
v 3.0354473454430617 -1.6672242950132057 19.3376876419998283 0.5843137254901961 0.5529411764705883 0.5843137254901961
v -0.9100063832538761 1.8060471048860451 9.5803216791856354 0.2784313725490196 0.2745098039215687 0.3215686274509804
v 2.7645599513582542 -0.4736495450628475 13.4559941123045377 0.5372549019607843 0.5098039215686274 0.5529411764705883
v 3.3224715018729718 -0.7929158478135518 14.1290791104340236 0.6823529411764706 0.5764705882352941 0.5294117647058824
v 3.5764697350160968 -0.4003499472306495 13.8526541593306600 0.6705882352941176 0.5686274509803921 0.5372549019607843
v 3.0473938915610250 1.2012537398034613 8.5449149969400580 0.2901960784313726 0.2823529411764706 0.3294117647058823
v -2.7296186036053052 2.5152497266866449 7.0611169601294588 0.4392156862745098 0.4235294117647059 0.4627450980392157
v 2.8330043045245503 -1.4106316888848314 17.9696716338141869 0.5529411764705883 0.5333333333333333 0.5725490196078431
v 2.7015912989618975 -1.2923335502771227 17.6200513545749686 0.4901960784313725 0.4784313725490196 0.5254901960784314
v 2.7160627777543986 -1.8672374971536436 20.0190305691692032 0.4431372549019608 0.4352941176470588 0.4784313725490196
v 2.7897902161502377 -1.9085761806052928 19.8079903490363449 0.5176470588235295 0.4941176470588236 0.5333333333333333
v 2.9146057751825247 -0.1027343854695976 12.7075341390751060 0.4627450980392157 0.4431372549019608 0.4862745098039216
v 0.9930911706625577 1.9883419004726908 6.6699507984737796 0.2509803921568627 0.2509803921568627 0.2862745098039216
v 1.9598636802686125 1.6005136722873594 6.6515884096174629 0.2313725490196079 0.2274509803921569 0.2666666666666667
v 2.8906902576831066 1.4339784743278299 7.0050388659265632 0.2156862745098039 0.2156862745098039 0.2549019607843137
v 12.4083045562250689 -14.3426288637589021 49.9070238156029617 0.6196078431372549 0.6235294117647059 0.5490196078431373
v 1.4532471972917964 -1.4314398375187010 17.5233968380044089 0.3764705882352941 0.3843137254901961 0.4352941176470588
v -20.9133941295599932 2.6251688820948669 2.2790634878208222 0.3490196078431372 0.4274509803921568 0.2470588235294118
v 31.2069568804368735 7.5170245346079483 49.5526210433168899 0.7529411764705882 0.6745098039215687 0.6549019607843137
v 17.6585436030870113 -13.5471518236530049 57.7168662831969073 0.7372549019607844 0.6901960784313725 0.6078431372549019
v -14.2025977262957319 -1.3174066859199252 9.6581328617050879 0.2549019607843137 0.2235294117647059 0.2588235294117647
v 3.4542632782053966 1.5367406178936409 5.6963875811978610 0.3843137254901961 0.2941176470588235 0.2627450980392157
v 22.4187864482787589 -0.7115336880130043 55.4410372510137748 0.8901960784313725 0.796078431372549 0.8627450980392157
v 30.8669702217111031 3.0396887811141280 65.6959676744885996 0.7607843137254902 0.6352941176470588 0.6862745098039216
v 2.6833644411951245 -2.7186562203701294 23.0647097872381011 0.3294117647058823 0.3215686274509804 0.3529411764705883
v 22.8772667480094114 0.4700702268110620 54.9021552556393431 0.9450980392156862 0.8431372549019608 0.9254901960784314
v -18.9291839571556757 1.1255630350937067 6.1880674185084388 0.1647058823529412 0.2549019607843137 0.1137254901960784
v 2.8702661127141456 -2.1470900568392581 20.6491775703054330 0.5568627450980392 0.5176470588235295 0.5411764705882353
v 3.3608420476057939 0.9908849945813981 8.1593905467270051 0.3529411764705883 0.3058823529411765 0.3098039215686275
v -20.5640068496373729 2.2905817302930775 2.0318305816046860 0.3490196078431372 0.4392156862745098 0.2627450980392157
v -17.5436894769294263 -3.8990166583784394 17.4188250320347180 0.3254901960784314 0.2274509803921569 0.2117647058823529
v 35.2364400586499826 0.8425184639753350 59.7700764445189350 0.9411764705882353 0.9176470588235294 0.9450980392156862
v 0.8188175342409921 -3.1339271857268649 27.1856413496797984 0.1450980392156863 0.1607843137254902 0.2
v -18.9540648778684648 1.1098142760351244 6.0340781029617769 0.1490196078431373 0.2313725490196079 9.411764705882353e-002
v -18.7073437448371465 0.5913346962167412 7.4862588762471338 0.3803921568627451 0.4941176470588236 0.2588235294117647
v 3.4635524443951207 -3.2214915873454668 25.2039293242134264 0.6078431372549019 0.5098039215686274 0.4705882352941176
v -20.0378555664474689 0.2718611617464894 8.6651817802141675 0.2392156862745098 0.3098039215686275 0.1568627450980392
v 27.9982398566566886 3.1410314733702744 58.4807610008822323 0.5411764705882353 0.4941176470588236 0.5372549019607843
v -18.2681081095442401 -0.2398746692584022 9.2650072829489254 0.2823529411764706 0.3725490196078431 0.1686274509803922
v 27.8627136511911750 4.6957821574535039 55.8475243242746160 0.8117647058823529 0.7647058823529411 0.7294117647058823
v 32.2830370941395017 0.2011862159320206 62.2123770492200450 0.8 0.7137254901960784 0.7215686274509804
v 2.3809351778213155 -2.7482772336443251 22.7736195622239705 0.1803921568627451 0.1882352941176471 0.2196078431372549
v -0.1908951508388682 -0.6162585957015041 12.4602384417359691 0.1921568627450981 0.196078431372549 0.2313725490196079
v 3.0882903244418571 -0.8035982626946614 18.3072673877306968 0.2745098039215687 0.2705882352941176 0.3137254901960784
v -20.4940193568267013 -3.3351843978929345 16.6936541433509333 0.2901960784313726 0.2156862745098039 0.2823529411764706
v -2.9572393009033440 0.3324676551667706 10.9383565200908563 0.1294117647058824 0.1372549019607843 0.1764705882352941
v -16.7241838385607728 -3.9713974396151048 11.5559759212106918 0.4549019607843137 0.392156862745098 0.4274509803921568
v 3.7507035016576942 -3.6972469335060492 27.3302700146331006 0.5686274509803921 0.4627450980392157 0.403921568627451
v 3.0598486762155841 -3.0958073598507960 24.1695199216094423 0.4941176470588236 0.4117647058823529 0.3803921568627451
v 3.5660122221707078 1.0203095124399244 9.1901323978933860 0.2431372549019608 0.1843137254901961 0.1568627450980392
v 3.2133546405674593 -3.4505176870539485 24.4933697567555910 0.5568627450980392 0.4470588235294118 0.3843137254901961
v 25.1936448046025028 5.9331620456170269 58.4709936939934494 0.6039215686274509 0.5529411764705883 0.5647058823529412
v -19.6698449178419104 2.6198835405221077 4.5271148835432289 0.4117647058823529 0.5019607843137255 0.2509803921568627
v 1.6267779884092259 0.7552534134731534 13.4963872005402425 0.1921568627450981 0.1921568627450981 0.2313725490196079
v 4.0030064655874629 -2.8061311985394806 24.9610297748179946 0.6039215686274509 0.4901960784313725 0.4352941176470588
v 3.3454816041008355 -1.1585810213783039 18.2912625939567235 0.4705882352941176 0.407843137254902 0.396078431372549
v 2.9698784561270126 -1.3220407909860830 17.7682420515803443 0.3843137254901961 0.3529411764705883 0.3686274509803922
v 3.4617943054958165 -2.8272807991477276 22.0841607685116372 0.6274509803921569 0.5019607843137255 0.4313725490196079
v 2.7571718553166522 -0.2981358793230708 14.3958411157809412 0.2313725490196079 0.2235294117647059 0.2627450980392157
v -28.0282887356120263 -0.6951010115296297 37.3451843261439791 0.3607843137254902 0.3098039215686275 0.2745098039215687
v 2.8895427378455332 0.3712988905574516 12.0954732147576287 0.1843137254901961 0.1764705882352941 0.2156862745098039
v 2.5020909577308421 -6.1754341093607650 39.4698069867459154 0.1333333333333333 9.019607843137255e-002 7.058823529411765e-002
v 3.0531258359314215 0.9165266522050021 10.3166697077837188 0.1490196078431373 0.1450980392156863 0.1764705882352941
v 2.9737565781544228 -4.9432118709657447 33.7905906094019954 0.207843137254902 0.2117647058823529 0.2274509803921569
v 19.6195803031154199 -7.4247674800456958 49.9968887477734967 0.8745098039215686 0.7843137254901961 0.8235294117647058
v -0.4345153788424869 0.0811758361322924 15.5667133761135350 0.1882352941176471 0.196078431372549 0.2352941176470588
v -22.0408122311064076 2.5430164656763665 6.6896279680184580 0.5098039215686274 0.615686274509804 0.3490196078431372
v 2.6679304183112875 -2.7794876919267333 21.0469476458123594 0.5019607843137255 0.4235294117647059 0.396078431372549
v 27.1699518396818291 -3.6179237529392330 50.9285383030286170 0.8784313725490196 0.8509803921568627 0.8666666666666667
v -22.1779998134688014 4.8734029639289869 3.1167113436609810 0.4509803921568628 0.5450980392156862 0.3058823529411765
v 3.4118957935053951 -1.9256393028116972 19.0279646886680780 0.6235294117647059 0.4862745098039216 0.407843137254902
v 2.5715475675509953 -1.0092882478628602 15.0028691446202505 0.2862745098039216 0.2627450980392157 0.2901960784313726
v 3.4798683133011599 -1.6115687261440510 18.7753871371648202 0.615686274509804 0.4901960784313725 0.4156862745098039
v 3.1281445746166372 -3.6939578855789001 25.0329209538219217 0.5490196078431373 0.4274509803921568 0.3686274509803922
v 3.7514124934778903 -2.6584648805952371 23.3658272279260615 0.611764705882353 0.4862745098039216 0.4156862745098039
v -29.2939272656180449 0.8421013001082067 18.9430854771161847 0.5764705882352941 0.5450980392156862 0.5529411764705883
v 3.3384157931533145 -4.6662334536044598 31.1338710181762153 0.5254901960784314 0.4117647058823529 0.3568627450980392
v 3.1248491669145015 -0.2070449850992945 11.4711440294225735 0.3294117647058823 0.2392156862745098 0.2
v 13.4855275125669003 -5.4631334108176013 51.3738845672173383 0.2941176470588235 0.2588235294117647 0.2509803921568627
v 3.6292144166676721 -0.9784796065910786 16.0993622731432424 0.596078431372549 0.4509803921568628 0.3686274509803922
v -2.9729260585763715 -6.8438967158645232 -1.8872223803150963 0.8705882352941177 0.7686274509803922 0.7568627450980392
v 3.4153044922924654 -3.0482649901584393 23.8279050842695241 0.5647058823529412 0.4431372549019608 0.3803921568627451
v -16.3338150561565065 -4.4736413949827636 13.6163546740752981 0.4470588235294118 0.3843137254901961 0.4274509803921568
v 2.2512271204533554 -3.8685578285446196 29.8898361712142915 0.1333333333333333 0.1568627450980392 0.196078431372549
v 2.9742657311497580 -1.8286275669671077 19.9429317916804507 0.396078431372549 0.3647058823529412 0.3764705882352941
v 1.8307704526395756 -2.0940240718010319 15.1789027955379439 0.407843137254902 0.3607843137254902 0.3686274509803922
v 3.5703449008306314 0.7503551523127587 13.1568968034395191 0.196078431372549 0.1921568627450981 0.2313725490196079
v 3.4785308658920200 -4.0412667561922291 28.6822490132005328 0.6 0.4745098039215686 0.407843137254902
v 3.5842804607075296 -5.0538598616907358 32.3786742209591409 0.4666666666666667 0.3607843137254902 0.3058823529411765
v 3.0334203385094809 -0.8515798876559499 14.3830769908689344 0.4470588235294118 0.3411764705882353 0.2941176470588235
v 23.6708328248170083 5.6762157332145859 56.7666658567471174 0.6392156862745098 0.5843137254901961 0.592156862745098
v 2.4854628367716654 -1.1287118637267552 15.8134904873536559 0.2862745098039216 0.2745098039215687 0.3098039215686275
v 1.9351947083528211 -0.8707223172769749 10.6451841679118040 0.2156862745098039 0.203921568627451 0.2274509803921569
v 3.8019205605634263 -3.4249380153397446 26.6120772569814505 0.5568627450980392 0.4509803921568628 0.396078431372549
v 17.3815762115629511 -8.0133159461995334 49.1378797232027296 0.8980392156862745 0.8235294117647058 0.8666666666666667
v -14.1972272476891703 -4.0717407681426643 13.5476281320766692 0.2823529411764706 0.1529411764705882 0.2117647058823529
v 2.5613713994537179 -0.0953194565059999 10.5669467298420816 0.1921568627450981 0.1843137254901961 0.2117647058823529
v 22.1979770303698096 -1.7035035720163949 53.9168719856242120 0.8980392156862745 0.788235294117647 0.8509803921568627
v 2.3356891610499830 -0.0606143434926120 9.2105256074486057 0.1764705882352941 0.1647058823529412 0.1843137254901961
v 3.5194658375344980 -2.5943831337285426 21.7063617073905419 0.6352941176470588 0.5058823529411764 0.4352941176470588
v -21.9937763022499162 2.4062332678893847 6.3574883507785946 0.5137254901960784 0.615686274509804 0.3529411764705883
v 2.8590828911919712 -0.4295044578941001 7.7229183020124621 0.6549019607843137 0.5411764705882353 0.4862745098039216
v -15.5742345099505144 -3.6039082149131190 14.3941787610390435 0.4666666666666667 0.4 0.4470588235294118
v 2.8691904452259953 -1.0698764851359555 7.7625631127855614 0.8588235294117647 0.7568627450980392 0.7411764705882353
v 2.6874871726877134 -0.9070300412470875 11.4352311796737514 0.4235294117647059 0.2980392156862745 0.2274509803921569
v 3.3691101791633282 -7.4288322936947049 35.6555680674212141 0.196078431372549 0.1333333333333333 9.019607843137255e-002
v 15.9629511977305292 -2.2605732236283842 57.5908493520422908 0.196078431372549 0.1725490196078431 0.1607843137254902
v -33.7886169025719880 12.5518716605409679 19.7146057629055207 0.4313725490196079 0.3764705882352941 0.3450980392156863
v 22.5267502645786273 -2.6002878473423587 55.4525563390857101 0.9058823529411765 0.8117647058823529 0.8745098039215686
v 6.2988161937626153 -6.7630738203812166 42.1323433876688256 9.019607843137255e-002 6.666666666666667e-002 5.098039215686274e-002
v 2.9267045263310392 -5.6103546508741209 35.7711678242628750 0.2 0.1803921568627451 0.1843137254901961
v 3.5756421754759482 -5.1993121758576333 33.0425716559211295 0.4313725490196079 0.3294117647058823 0.2823529411764706
v 2.6128324363518165 -4.2087651971410658 28.7287864815507277 0.2823529411764706 0.2705882352941176 0.2901960784313726
v 2.7069978136577824 -0.2920707050696190 15.7909574043365524 0.2470588235294118 0.2431372549019608 0.2784313725490196
v -13.5488200495896649 -2.8842071693917548 9.2152293903240405 0.2313725490196079 0.1921568627450981 0.2196078431372549
v 3.4852067958728017 -2.9902903122856008 22.6972435424608818 0.6352941176470588 0.5137254901960784 0.4470588235294118
v -16.4178326605106975 -3.5063007000956352 15.1554761851049058 0.4431372549019608 0.3803921568627451 0.4235294117647059
v -21.9249655501804348 0.8653034582262794 10.3792319555465991 0.2235294117647059 0.3098039215686275 0.1215686274509804
v 3.9621461457710829 -6.3252506250304243 39.1330516302708915 0.3019607843137255 0.196078431372549 0.1333333333333333
v -14.6489755469571712 -3.0239446572559174 15.9769451993768303 0.4196078431372549 0.3568627450980392 0.4235294117647059
v 3.1336912865143680 -5.7577547926569546 33.2335304663061990 0.3882352941176471 0.2784313725490196 0.2196078431372549
v -21.5005164684784376 0.2050202822653746 11.7823543034523119 0.2274509803921569 0.2705882352941176 0.1372549019607843
v -20.8373904518841293 -2.5038960026129171 14.5380879455352083 0.3019607843137255 0.2470588235294118 0.2745098039215687
v -13.4819314623924171 -4.7482327151324295 12.8626688601829606 0.5725490196078431 9.803921568627451e-002 8.235294117647059e-002
v 3.2927930091933817 -2.8564268942390516 23.1747453517285038 0.5607843137254902 0.4470588235294118 0.3843137254901961
v 30.4806480977430745 0.7040133385158969 57.8900599786459509 0.9254901960784314 0.8431372549019608 0.8745098039215686
v -16.4783989767253338 -3.7596725100690112 13.8727332799452530 0.4196078431372549 0.3568627450980392 0.396078431372549
v 1.8852441412957752 -1.8269258115817613 19.2683576876683205 0.2117647058823529 0.2156862745098039 0.2588235294117647
v 1.7570100101719495 -3.5144148679595260 20.3481627364160360 0.4117647058823529 0.3647058823529412 0.3529411764705883
v -21.2661462842893165 0.3159507169351493 9.5172952702536975 0.1568627450980392 0.2431372549019608 7.058823529411765e-002
v -27.7901560190947343 -0.1355969449674997 38.1603830739117313 0.3803921568627451 0.3254901960784314 0.2901960784313726
v -21.1873994209025547 1.0657612268481023 7.6673088013494386 0.4235294117647059 0.5254901960784314 0.2705882352941176
v -20.8339716900145255 0.5303289769321651 11.7648922614476010 0.2 0.2823529411764706 9.803921568627451e-002
v -22.9140208203122668 2.7609828736016810 5.1528227025242979 0.5294117647058824 0.6196078431372549 0.3647058823529412
v -15.7203417268890391 -3.1391585709825147 16.7205576052893718 0.5411764705882353 0.4745098039215686 0.5372549019607843
v 5.3556785058181360 -7.2106657240815171 40.1308019483003946 0.1450980392156863 0.1098039215686274 9.019607843137255e-002
v -20.2338223856110240 -0.1302069259346246 10.4703990416312909 0.1450980392156863 0.2274509803921569 6.274509803921569e-002
v -14.7360086200464515 -3.5736568210634676 14.3701396597499542 0.4705882352941176 0.407843137254902 0.4705882352941176
v -22.3577883130391513 -2.5719577010804828 15.6427338397108286 0.4823529411764706 0.4156862745098039 0.407843137254902
v -22.1391739125196594 0.8141250321772919 9.7202216136927522 0.4588235294117647 0.5568627450980392 0.3058823529411765
v -14.2425796849259036 -3.6178828298368026 15.5332890468556002 0.3372549019607843 0.2588235294117647 0.3176470588235294
v 4.9849863832462997 -5.9197802283469692 39.9849870062524673 0.2745098039215687 0.1803921568627451 0.1333333333333333
v 2.4292124311917771 -1.7851242572899781 19.1851056519778425 0.2823529411764706 0.2784313725490196 0.3176470588235294
v 2.9376464744075586 0.4155325118200273 9.1536806849108636 0.2392156862745098 0.1921568627450981 0.1882352941176471
v -22.1484287637532127 2.6973869575078071 -0.1458008206426143 0.4549019607843137 0.5333333333333333 0.3333333333333333
v -11.7102302601633852 -3.5231276942603911 1.5323361681227414 0.4470588235294118 0.4470588235294118 0.4627450980392157
v 15.3465048805936597 -0.3577747451689171 53.5153769778075699 0.5803921568627451 0.5411764705882353 0.5019607843137255
v -3.8804772805691421 -11.0444275159499874 4.6681686017043829 0.8862745098039215 0.7843137254901961 0.8392156862745098
v 3.3128045583679526 0.8425051422683616 9.0760344140713389 0.2196078431372549 0.1843137254901961 0.1843137254901961
v -22.7796234223142235 2.4886771480263352 3.7630480317920973 0.3333333333333333 0.407843137254902 0.203921568627451
v -9.1184465263279044 -8.3179073518651077 -3.0798882626050337 0.1843137254901961 0.1921568627450981 0.2274509803921569
v -16.5226171112676674 -5.0504405237815266 -3.1381552800371386 0.1921568627450981 0.2745098039215687 0.2
v 2.5544345181318202 -4.4375678596898371 26.9674411482909733 0.5333333333333333 0.4431372549019608 0.396078431372549
v 3.3177078981855828 0.2443558096686040 11.1985533417799061 0.2901960784313726 0.2352941176470588 0.2196078431372549
v 3.3511708154151743 0.7005148371588263 11.3127600221032178 0.196078431372549 0.1882352941176471 0.2235294117647059
v 3.4175312528105617 -1.1078819829705755 21.4112087116050773 0.2627450980392157 0.2627450980392157 0.3019607843137255
v 3.5577806797366676 1.5824456327961411 7.2524516715443559 0.1725490196078431 0.1411764705882353 0.1411764705882353
v 2.9686666919539122 1.3453116182398090 5.4807639698403205 0.1764705882352941 0.1333333333333333 0.1254901960784314
v 1.9085250785039858 -2.0271991597719365 17.7440330718269692 0.2745098039215687 0.2784313725490196 0.3176470588235294
v 2.5561246109916609 0.7728473569376195 8.2129796985675316 0.1529411764705882 0.1529411764705882 0.1843137254901961
v 3.6327637445275847 1.2840740218740525 6.4869039587967690 0.3490196078431372 0.2313725490196079 0.1490196078431373
v 2.8311759081464634 1.1501923344595497 5.4948182882833967 0.1725490196078431 0.1333333333333333 0.1294117647058824
v -10.6888923786048871 -9.9941036505872471 -8.7009578605731939 0.1803921568627451 0.1803921568627451 0.2196078431372549
v 2.8459789877131589 -1.7880570246040264 20.2811747864962086 0.3176470588235294 0.3058823529411765 0.3411764705882353
v 2.9254312471386688 1.5090370093631078 6.1871528432048990 0.1215686274509804 0.1215686274509804 0.1490196078431373
v -22.3067922734309825 1.6431032745584211 7.0566127350639638 0.4 0.4901960784313725 0.2862745098039216
v 25.5053824716665822 -10.4604211014955286 53.3936541790933603 0.9411764705882353 0.8941176470588236 0.9215686274509803
v 36.5534213253787428 5.7478466454657271 70.1223171204158007 0.8666666666666667 0.7843137254901961 0.7725490196078432
v 23.6631847693392992 -3.7921351026139805 56.0556774989278139 0.8980392156862745 0.803921568627451 0.8588235294117647
v 3.5787473039524738 -1.5238128242382463 18.1533544456252685 0.6431372549019608 0.5137254901960784 0.4352941176470588
v 22.7772706020679259 -4.6366617672157107 51.9268260618559836 0.9098039215686274 0.7803921568627451 0.8392156862745098
v 3.5129784895576797 -3.2495074140820410 25.0021701120169766 0.5843137254901961 0.4705882352941176 0.4117647058823529
v 24.7679607425550472 -5.5271377582060879 54.2313462010501226 0.9019607843137255 0.7450980392156863 0.796078431372549
v 21.7759092191157642 -1.3880769288603778 55.2415067387343584 0.9019607843137255 0.803921568627451 0.8666666666666667
v 18.2176887550149935 -7.8402892166008016 50.1408192721626307 0.9058823529411765 0.8274509803921568 0.8705882352941177
v 31.5711133253231324 7.1159931327499617 53.0104001843248085 0.8196078431372549 0.7490196078431373 0.7176470588235294
v 3.1672782877767811 0.5161106769760035 13.0125490557344179 0.207843137254902 0.203921568627451 0.2392156862745098
v 3.3014318241109368 -2.5885652182611478 22.3529570965951194 0.5568627450980392 0.4470588235294118 0.392156862745098
v 20.4384636016879675 -5.8173134176753853 55.9738269925853160 0.8862745098039215 0.792156862745098 0.8313725490196079
v 19.9059665267278092 -6.5000024607312321 51.9863072253905329 0.8941176470588236 0.796078431372549 0.8470588235294118
v -18.7103702269814285 1.4833519093868266 3.8087817644570134 0.1176470588235294 0.207843137254902 7.843137254901961e-002
v 26.5057935663654227 4.9555063097856795 55.9074748041303238 0.803921568627451 0.7568627450980392 0.7215686274509804
v 18.8283924029834822 -6.5019181250109730 57.0805691184680200 0.7568627450980392 0.6745098039215687 0.615686274509804
v 3.9700795502294257 -0.2482188259063440 16.6605162100249018 0.4941176470588236 0.4 0.3607843137254902
v -1.4016939740492651 2.6243928319781560 6.1518574083761388 0.2156862745098039 0.2156862745098039 0.2588235294117647
v -22.5961580607661645 1.0078053577177140 11.0243557093526263 0.2627450980392157 0.3215686274509804 0.1725490196078431
v 1.0388302761341888 -1.0728985393898320 18.3003672828712922 0.3098039215686275 0.3176470588235294 0.3568627450980392
v -22.9516665854460093 2.2443954477598864 7.0674425118655559 0.4549019607843137 0.5333333333333333 0.3333333333333333
v -14.6901173422703231 -3.3925748399512212 12.5171547439412834 0.3294117647058823 0.2588235294117647 0.2549019607843137
v 2.6737028897189394 1.6072569392316189 6.0449755493442492 0.207843137254902 0.207843137254902 0.2509803921568627
v 3.4367388145914566 -1.1751756225356462 17.2319283638133456 0.6823529411764706 0.592156862745098 0.5764705882352941
v 3.1326539786301120 0.7984288140800042 8.6157576660960675 0.2980392156862745 0.2588235294117647 0.2666666666666667
v 0.8583683351991177 1.5595179407336459 8.5676884054533335 0.3019607843137255 0.3019607843137255 0.3490196078431372
v 2.7322112406601100 0.9129342087281419 9.1969880188555990 0.2823529411764706 0.2784313725490196 0.3215686274509804
v 2.8365962207286621 1.2064517544906270 8.2109790745549187 0.2588235294117647 0.2549019607843137 0.2980392156862745
v 13.3800064954632987 -6.2822901628446548 51.1043570032420646 0.5450980392156862 0.4549019607843137 0.4235294117647059
v 29.4817518405424508 4.7456591912544939 52.7722708230601327 0.7764705882352941 0.6980392156862745 0.7215686274509804
v 26.0277853566424291 4.7890645845923308 52.7271574667574683 0.7137254901960784 0.6313725490196078 0.6196078431372549
v -15.7840190217732150 -3.3216837789687199 13.0556929279297140 0.4549019607843137 0.3882352941176471 0.4235294117647059
v -6.5503060687350514 0.7782835479994848 17.2018276989244328 0.5725490196078431 0.5686274509803921 0.6235294117647059
v 2.9659207877837654 0.6120200656338248 9.5215153324866169 0.3568627450980392 0.3333333333333333 0.3725490196078431
v 2.9790926015298722 1.6786598669081085 5.6753625197468063 0.1921568627450981 0.1882352941176471 0.2196078431372549
v -21.0517498922198349 0.7273428762332034 7.6369333782291697 0.4705882352941176 0.5725490196078431 0.3176470588235294
v -19.6220755516841088 -0.6797579503984987 9.8324255211051437 0.2235294117647059 0.3058823529411765 0.1254901960784314
v 1.3592149127738182 -0.8336854343555535 18.9370936402752292 0.2352941176470588 0.2470588235294118 0.2784313725490196
v 3.4172185781820339 0.4154747953059676 10.9676864448111093 0.2745098039215687 0.2156862745098039 0.2
v 3.3415055655271932 1.5318128431709590 6.4481801437939499 0.1607843137254902 0.1333333333333333 0.1333333333333333
v -22.1581237791062904 -2.6438639302374298 16.1223400421363188 0.3843137254901961 0.3176470588235294 0.3294117647058823
v -21.2533919945608538 -3.5008488339087389 16.0499687831910478 0.3725490196078431 0.2980392156862745 0.3137254901960784
v 3.0011701906202237 1.4036277341447940 6.9809487582919170 0.1137254901960784 0.1176470588235294 0.1490196078431373
v -13.5047728481810623 0.6407933554550898 11.0724269949653316 0.2235294117647059 0.2392156862745098 0.2627450980392157
v -21.2128391106356027 0.6046067528920591 10.5071954265858452 0.1803921568627451 0.2666666666666667 9.019607843137255e-002
v -20.1895579415991975 0.0306733816759830 11.1212324253747479 0.1647058823529412 0.2470588235294118 8.235294117647059e-002
v 2.9587943159871832 -1.9611744143337380 21.5093811832640327 0.2901960784313726 0.2862745098039216 0.3137254901960784
v -16.7191421448734303 -4.8000202422337539 18.6041990480076649 0.5333333333333333 0.3411764705882353 0.3019607843137255
v -15.4544743175661381 -2.4892196804564026 11.0827111111968897 0.2784313725490196 0.2431372549019608 0.2588235294117647
v 2.6936395625961795 -2.2828472426692130 20.1929118510567136 0.4784313725490196 0.4352941176470588 0.4392156862745098
v 3.0315669759893744 0.8181953693606792 8.7403569432330102 0.1843137254901961 0.1725490196078431 0.196078431372549
v 2.7607180129920215 1.2492848110223125 6.4529699867823913 0.1215686274509804 0.1215686274509804 0.1529411764705882
v -22.6458710063440165 1.5558325762882712 6.8697207174700177 0.5176470588235295 0.6078431372549019 0.3686274509803922
v -11.8006006323006574 -4.5515846741088142 13.6027491255695629 0.592156862745098 0.4784313725490196 0.4627450980392157
v 3.1897645597952380 0.8955793109050642 8.3544494603961255 0.1921568627450981 0.1607843137254902 0.1607843137254902
v -19.9021482061878636 -3.3452693810244565 17.1175821105409653 0.3647058823529412 0.2941176470588235 0.3333333333333333
v -21.1772680487743266 0.1703829614487867 11.9369603329554010 0.1725490196078431 0.2352941176470588 9.411764705882353e-002
v -18.4797573931381116 -0.6767120176122845 7.7901695634330581 5.882352941176471e-002 0.1137254901960784 5.098039215686274e-002
v -17.9675428686048875 1.0233748671210605 4.6429576490717439 0.1058823529411765 0.1921568627450981 7.450980392156863e-002
v -21.3102243405382836 1.6129657579060213 5.4662341773802501 0.5137254901960784 0.6235294117647059 0.3647058823529412
v -20.3624064915979801 1.7865711773486905 2.6126738160636656 0.5058823529411764 0.6039215686274509 0.407843137254902
v 3.7245288360995601 1.1361412534599564 7.3560486231323665 0.3764705882352941 0.2588235294117647 0.1843137254901961
v 3.3790635852805497 -2.3613745112064146 20.9092202347497889 0.6274509803921569 0.5019607843137255 0.4352941176470588
v -20.1456150589947995 0.1297302664663502 12.5922040636251147 0.3725490196078431 0.4235294117647059 0.2627450980392157
v -1.6227509115802370 1.4722920856095090 10.0283191023866749 0.1490196078431373 0.1568627450980392 0.1921568627450981
v 16.6320986238505988 -0.1235704424086411 57.0166236043596015 0.5215686274509804 0.4901960784313725 0.4549019607843137
v 0.3170064373721483 0.5901282030600201 8.3236576530076629 0.1803921568627451 0.1803921568627451 0.2196078431372549
v -16.5898194602288100 -3.6758315720702877 14.7894313589591828 0.407843137254902 0.3372549019607843 0.3803921568627451
v -11.6610545332474338 -3.5130722781681474 12.7355776227525990 0.5333333333333333 0.4980392156862745 0.5647058823529412
v -12.4550193530038236 -3.6717420034010759 13.0592743047345028 0.1921568627450981 0.1098039215686274 0.1294117647058824
v -12.3733426364002028 -3.6647995449440183 12.9069485475698968 0.1921568627450981 0.1333333333333333 0.1607843137254902
v -13.7148520603141790 -5.0595358292364017 12.5884710687453545 0.5764705882352941 0.3019607843137255 0.2823529411764706
v -17.4466193919082215 -4.7988944254551980 17.3176685583831755 0.4980392156862745 7.843137254901961e-002 6.274509803921569e-002
v -17.5247148361561536 -3.6862707862185840 17.5755011508594023 0.2156862745098039 0.1333333333333333 0.1411764705882353
v -13.5947804347941918 -4.9166511595646236 12.7956125782358292 0.5843137254901961 0.203921568627451 0.1882352941176471
v -20.1353569149703340 0.5950414869577322 15.5867927461575242 0.3725490196078431 0.3411764705882353 0.3294117647058823
v -22.1627727191555266 -3.0677707710792346 14.3379533663797911 0.5254901960784314 0.4588235294117647 0.4392156862745098
v -16.1074512711395634 -3.8916419791426335 17.6710050160192722 0.3843137254901961 0.2666666666666667 0.2705882352941176
v -16.4129380735421257 -3.7923636727370500 17.0429456699013713 0.2470588235294118 0.1725490196078431 0.203921568627451
v -20.4678439644055814 0.0098362792522789 14.5597757069779625 0.3137254901960784 0.2862745098039216 0.2901960784313726
v -16.9481473292789033 2.4201452625589290 11.0969945307217461 0.1019607843137255 0.1921568627450981 0.1019607843137255
v -19.7280742740295985 -0.8505966941659691 7.2107036595359366 0.1215686274509804 0.1882352941176471 5.098039215686274e-002
v -16.0944426768908464 -3.6370552554745821 14.0639981846626991 0.4588235294117647 0.3882352941176471 0.4313725490196079
v -12.2438657577130812 -4.0505539111721420 12.3208441876245942 0.3686274509803922 0.2627450980392157 0.2980392156862745
v -15.2647473912459972 -1.0660190307251223 10.8803510659304319 0.196078431372549 0.203921568627451 0.2
v 3.2859203669906827 -0.2072976887655681 13.9665499352211544 0.392156862745098 0.3529411764705883 0.3607843137254902
v -22.4145583331517919 -2.7022606048881883 15.5682394131450543 0.5294117647058824 0.4627450980392157 0.4352941176470588
v -14.1537027132436783 -3.8202563442176745 14.2814916255952635 0.2823529411764706 0.1333333333333333 0.1803921568627451
v 21.8706104393894414 2.4319494537492701 66.8953592787902807 0.6078431372549019 0.5647058823529412 0.5215686274509804
v -0.5970431348816967 2.2258016186798817 6.5210766733831642 0.1686274509803922 0.1725490196078431 0.207843137254902
v -19.9609304465793755 -0.2789763044630289 14.8528868399406004 0.207843137254902 0.203921568627451 0.2196078431372549
v -12.3879851988066108 -3.6959363350110142 11.9743825187872872 0.3098039215686275 0.2627450980392157 0.2941176470588235
v -7.3513148369742618 -0.9901093346311847 14.9525598382151319 0.4352941176470588 0.4156862745098039 0.4431372549019608
v -17.9597828968500366 -3.6433294337447704 15.4481985730970042 0.392156862745098 0.3176470588235294 0.3254901960784314
v -15.7750233372794462 -3.9281625333125785 13.4714830986666936 0.4549019607843137 0.3843137254901961 0.4274509803921568
v 3.8313747551939192 0.4721865571665954 10.9202967805199531 0.5176470588235295 0.396078431372549 0.3450980392156863
v 3.5502144726844072 -0.9420219474837481 15.6230554653625031 0.6823529411764706 0.5686274509803921 0.5058823529411764
v 2.9176787173525671 -1.2345435284280408 16.8715545155857427 0.5725490196078431 0.5294117647058824 0.5490196078431373
v 2.8529465276515236 -1.0563591839363080 16.5274217670531947 0.5176470588235295 0.4901960784313725 0.5254901960784314
v 3.3417327160634933 -2.3909649901137975 21.6193266127152270 0.6627450980392157 0.5686274509803921 0.5333333333333333
v 3.3015196337235451 -2.9773243083646506 24.6226494876311222 0.5450980392156862 0.4745098039215686 0.4588235294117647
v -1.1117319289338374 -0.3268729301931322 16.3066358539630905 0.207843137254902 0.2156862745098039 0.2509803921568627
v -21.0891422161748032 -2.2662174084902507 14.8798775254680464 0.2352941176470588 0.1882352941176471 0.2196078431372549
v -21.7011519479805202 1.7797279855556791 5.4848623662163831 0.5058823529411764 0.6078431372549019 0.3607843137254902
v -15.6137890802218173 -2.4117857803768343 10.7313376243776943 0.2666666666666667 0.2392156862745098 0.2627450980392157
v -21.2187294267971431 0.5206336985215074 12.5404202004372891 0.1725490196078431 0.2352941176470588 9.803921568627451e-002
v -17.9249204985764088 0.5338614555757829 10.2365766850842572 0.2117647058823529 0.2980392156862745 0.1333333333333333
v 1.6345580699268005 0.5497786336750169 12.3977186729934381 0.3215686274509804 0.3176470588235294 0.3607843137254902
v -20.9851926439657106 2.2314009587127894 3.2086256688439123 6.666666666666667e-002 0.1254901960784314 6.274509803921569e-002
v -18.9441526975641246 -2.1459307635924851 13.0330140993902770 0.2470588235294118 0.2196078431372549 0.2392156862745098
v -21.3595824554617053 -2.4332463537531881 14.9789723824700296 0.3254901960784314 0.2627450980392157 0.2941176470588235
v 2.5414313538945414 -2.5929340776848386 24.2501299477848988 0.1843137254901961 0.1921568627450981 0.2313725490196079
v -15.4870198893878914 -0.4202153288233489 11.7838194781708481 8.235294117647059e-002 0.1294117647058824 7.843137254901961e-002
v 2.7743572200446032 0.6129541787324334 8.8213995572690163 0.3372549019607843 0.3176470588235294 0.3490196078431372
v -22.0240502844660107 1.1169826387373278 9.6880450422441555 0.4705882352941176 0.5647058823529412 0.3254901960784314
v -2.6666018064475798 1.3011520642009744 11.5866236235192677 0.3058823529411765 0.3019607843137255 0.3372549019607843
v -1.4421885418095983 0.7442196078828835 13.3513688979519234 0.2352941176470588 0.2392156862745098 0.2784313725490196
v 2.4949349995517562 -2.3193455960446920 21.7622912858955502 0.3137254901960784 0.3215686274509804 0.3568627450980392
v -16.1908423466345006 -3.4825322383439028 16.6116797475891431 0.5215686274509804 0.4549019607843137 0.5098039215686274
v -13.9696677472729611 -4.0981443813985221 15.1016031291911794 0.4156862745098039 0.1450980392156863 0.1294117647058824
v -13.6645908050734022 -4.9734729082586719 12.8444843340526909 0.5058823529411764 0.2196078431372549 0.196078431372549
v 3.6319429991339156 -0.1723085517410994 12.6028970733494301 0.6313725490196078 0.5137254901960784 0.4666666666666667
v 0.9859321261272475 1.3762097171750611 9.1610528667967532 0.3019607843137255 0.3019607843137255 0.3490196078431372
v 3.6489821231378787 0.4138316839282818 10.0375810997381922 0.5843137254901961 0.4549019607843137 0.4
v 28.0556324483395159 5.5883667151920573 48.4983481666503380 0.7725490196078432 0.7254901960784313 0.6941176470588235
v 0.7471317103949461 -0.9562519266005247 16.6320820975192873 0.3568627450980392 0.3607843137254902 0.4117647058823529
v 2.0298565592525972 1.2140483187255868 8.7548468973851552 0.2784313725490196 0.2745098039215687 0.3176470588235294
v -17.6083568238030210 -3.5861384210427563 13.8955176264945219 0.3843137254901961 0.3176470588235294 0.3450980392156863
v -1.7012432839065013 -0.3071391065602393 16.4370930157665924 0.1803921568627451 0.1882352941176471 0.2235294117647059
v -2.5939697632377823 1.3762444571823065 11.3130087978120049 0.2470588235294118 0.2470588235294118 0.2823529411764706
v 3.9744237720753417 0.4822150974826762 11.4325982706746707 0.4980392156862745 0.3843137254901961 0.3411764705882353
v -19.1008305102620426 -3.4795973416263681 16.7517169377737858 0.3333333333333333 0.2549019607843137 0.3019607843137255
v 1.9585095412289770 -2.9362028193397078 25.1696469282246440 0.1686274509803922 0.1803921568627451 0.2196078431372549
v 2.8714670895125027 0.0461893936500938 11.5571748839785986 0.4823529411764706 0.4588235294117647 0.4980392156862745
v -15.6423305555236425 -0.7715503514963473 11.6827447928979069 0.1333333333333333 0.1568627450980392 0.1450980392156863
v 1.5435801506184197 0.1962823393979526 12.5398934088191112 0.3568627450980392 0.3529411764705883 0.4
v 3.5614908721642626 0.0128450689064004 12.0263725736604545 0.5882352941176471 0.4862745098039216 0.4509803921568628
v -17.5028065913660242 -4.8009632610723756 17.8960449958630576 0.5019607843137255 0.2392156862745098 0.203921568627451
v 3.0015280077140152 1.1263004465079318 6.3606734914206777 0.2666666666666667 0.2196078431372549 0.2156862745098039
v -1.5851184843517405 1.4078795950583833 11.7136745604595447 0.2156862745098039 0.2196078431372549 0.2588235294117647
v 3.1375305093270511 0.8136853832491014 9.2732912688810742 0.2627450980392157 0.2392156862745098 0.2627450980392157
v 3.3781856581608305 0.3224393955180535 11.5660877766694821 0.4235294117647059 0.3725490196078431 0.3882352941176471
v 3.2119648440628823 0.7789034407907625 8.9660961800253585 0.3294117647058823 0.2941176470588235 0.3098039215686275
v 2.8011404026352396 1.5192532198834587 6.1632518764359405 0.1725490196078431 0.1686274509803922 0.203921568627451
v -13.2729075435472339 -2.4305672220161796 10.2458460649604692 0.1882352941176471 0.1450980392156863 0.1803921568627451
v -7.8007808097066169 -1.2655133190294838 14.2631276529704181 0.2509803921568627 0.2196078431372549 0.2588235294117647
v -20.6192609510095011 0.4470098932620936 15.6729997515844310 0.2784313725490196 0.2588235294117647 0.2666666666666667
v 1.6209296665745183 0.4226905082526383 11.6759953927958513 0.2941176470588235 0.2862745098039216 0.3294117647058823
v 2.8190779532510701 1.5340593013547461 7.3663043983531118 0.196078431372549 0.1921568627450981 0.2313725490196079
v -1.3436190910198360 1.0062609176026411 12.3125004403208695 0.207843137254902 0.207843137254902 0.2470588235294118
v 3.1589594673732231 -0.0854711808282647 13.0479246492627770 0.5137254901960784 0.4823529411764706 0.5176470588235295
v 23.2337980455082196 0.8091800936663557 55.2158309292635039 0.9529411764705882 0.7764705882352941 0.8352941176470589
v -18.8060028482832138 -3.5712620633169356 16.0145003467788598 0.3647058823529412 0.2941176470588235 0.3254901960784314
v -17.9857370115929491 1.4088212165467486 5.4041353964173462 0.1098039215686274 0.196078431372549 8.235294117647059e-002
v -11.9485286576396597 -4.9013937918733248 12.5747179257808792 0.5882352941176471 0.4549019607843137 0.4392156862745098
v -16.7982276341757171 -3.4178373354902476 14.4454508446317806 0.4352941176470588 0.3686274509803922 0.403921568627451
v -12.6638732923016022 -3.1049618603349165 12.0084436589797878 0.4156862745098039 0.3607843137254902 0.396078431372549
v 0.0183235585446505 1.5871714456050416 7.9085767432170933 0.2196078431372549 0.2196078431372549 0.2549019607843137
v 33.7356962817858346 -1.3724586385130506 59.8890808992382233 0.9450980392156862 0.9294117647058824 0.9568627450980393
v -16.9089620834284560 -3.6122222221074978 14.3676944927992931 0.4156862745098039 0.3372549019607843 0.3725490196078431
v 2.3887668498101600 0.5403270982625941 8.8686250072741100 0.2431372549019608 0.2352941176470588 0.2745098039215687
v -16.1308604539938543 -3.6141343589815289 14.2661078103438879 0.4588235294117647 0.3882352941176471 0.4352941176470588
v -20.2671097882227507 0.1997863869646048 11.2279889159733077 0.1568627450980392 0.2235294117647059 7.450980392156863e-002
v 1.6222160631807914 0.5147696945457916 11.2459070076027334 0.2784313725490196 0.2745098039215687 0.3137254901960784
v -7.6981881966157806 -1.2327306178358817 14.3064932860359963 0.2784313725490196 0.2470588235294118 0.2862745098039216
v -1.0200190277000807 1.1282856160283068 10.7631046372868759 0.2509803921568627 0.2470588235294118 0.2862745098039216
v 2.9477787621522240 0.2539579566528860 10.1943556501647699 0.3294117647058823 0.2862745098039216 0.2980392156862745
v 3.0288591393766779 -0.5287738893374678 14.2879402440882863 0.5529411764705883 0.5058823529411764 0.5176470588235295
v 0.0427905553428261 1.2714416672331643 10.7461484304257286 0.2745098039215687 0.2705882352941176 0.3137254901960784
v -1.9899728588964063 1.4017344353436405 10.9282282864417297 0.2156862745098039 0.2156862745098039 0.2549019607843137
v -0.5754328978963410 2.2370089022691126 5.8750894653034251 0.207843137254902 0.2117647058823529 0.2470588235294118
v -20.8116138393084746 0.4224706856024890 12.3333455256709019 0.2352941176470588 0.2823529411764706 0.1490196078431373
v 3.2131490487567880 1.4397195794310429 6.2991359170366374 0.2392156862745098 0.207843137254902 0.2156862745098039
v 2.8733063342463470 -1.1838601910468993 17.1512795753483616 0.5176470588235295 0.4980392156862745 0.5411764705882353
v 1.9207373479067600 0.9839009721056390 11.1957709962209595 0.2980392156862745 0.2980392156862745 0.3411764705882353
v 2.8180167219017016 -0.4926175290956223 14.1003423879518319 0.4823529411764706 0.4588235294117647 0.4980392156862745
v -15.3466824992942250 -0.9545482940335506 11.3916933363981752 0.2 0.2 0.207843137254902
v -14.5114082157386370 -3.6696669355161120 14.3647892234934815 0.2666666666666667 0.196078431372549 0.2470588235294118
v 3.8741706612275522 0.5755621080809658 12.8325669136874954 0.4274509803921568 0.3843137254901961 0.407843137254902
v 3.0415513779988239 1.1074249004329260 7.0005394057534494 0.2235294117647059 0.1843137254901961 0.1921568627450981
v -21.4724489538899164 0.7004745606804123 10.4137605002579026 0.1647058823529412 0.2431372549019608 8.235294117647059e-002
v 0.8934961243105850 1.4314063509698012 8.7712846702802132 0.2784313725490196 0.2784313725490196 0.3215686274509804
v 3.5625052140892159 0.7588025735679493 8.9159254071700786 0.4196078431372549 0.3215686274509804 0.2784313725490196
v 0.6764375446910380 1.6941278471350605 7.4787140687729385 0.2431372549019608 0.2431372549019608 0.2862745098039216
v -1.0802558852248880 2.2694203647343145 6.0349075720512069 0.2 0.2 0.2352941176470588
v -19.3220536043946503 -3.6805008709312634 16.3946168280905020 0.2784313725490196 0.196078431372549 0.2588235294117647
v -0.1089053609989362 2.3579746460153754 6.9297600885691288 0.207843137254902 0.207843137254902 0.2431372549019608
v -0.8721433542125161 0.9895222478828607 11.8046022899370335 0.2549019607843137 0.2588235294117647 0.2980392156862745
v 2.5080440337723053 -1.6090248638674789 19.0201027442108739 0.4196078431372549 0.4156862745098039 0.4705882352941176
v 1.7901136547390644 0.0881895494091632 13.2704810180039630 0.3529411764705883 0.3529411764705883 0.4
v -1.1983840486599246 0.6107863424445972 13.3864738451793954 0.2196078431372549 0.2313725490196079 0.2666666666666667
v 3.4399771432641688 0.3335956041782252 10.9216422822136661 0.4313725490196079 0.3529411764705883 0.3372549019607843
v 2.9685009948780756 1.0340284188269167 7.8427001451423566 0.2117647058823529 0.203921568627451 0.2352941176470588
v -19.1566760104679830 -3.5715052266614711 16.6297989730418934 0.3254901960784314 0.2470588235294118 0.2980392156862745
v 2.6011858449818610 -0.0090511955583105 12.9757534979477356 0.3490196078431372 0.3450980392156863 0.392156862745098
v 2.3969285507593918 -1.0273360187330665 16.6558302973442522 0.4156862745098039 0.4156862745098039 0.4666666666666667
v -1.2224276681595241 1.2413126353394452 11.3417104504096962 0.2313725490196079 0.2352941176470588 0.2784313725490196
v -22.1378780609132448 0.8733760220157381 12.6816352591275141 0.4313725490196079 0.4549019607843137 0.3215686274509804
v -17.6319290470812966 -3.6688513699086158 15.7038521883904973 0.3529411764705883 0.2784313725490196 0.2862745098039216
v -0.4094362769168836 1.7995198067970746 7.9844592121812115 0.2509803921568627 0.2509803921568627 0.2941176470588235
v 3.5699999529969508 -0.8007048745018517 15.1738886353310836 0.6823529411764706 0.5803921568627451 0.5294117647058824
v 2.8518553788217713 0.8908386343038844 9.2990807137640505 0.2705882352941176 0.2588235294117647 0.2980392156862745
v -15.1277925662674200 -0.3531458380175760 11.6031863432173026 0.1764705882352941 0.196078431372549 0.1843137254901961
v 2.7208877275267218 -3.2260397744414444 27.7946957362016036 0.1647058823529412 0.1764705882352941 0.2196078431372549
v -15.1906312450509517 0.0400406740601850 11.6260845635109593 0.1607843137254902 0.2235294117647059 0.1647058823529412
v 3.3846116471792325 -1.3232327217627566 17.5139532472277608 0.6941176470588235 0.6078431372549019 0.5882352941176471
v -0.5800428879729300 -0.2489311331090949 15.1277293082642643 0.2705882352941176 0.2745098039215687 0.3137254901960784
v -14.2681348166718003 -2.2563348725891164 9.6240291969346927 0.2588235294117647 0.2274509803921569 0.2666666666666667
v -18.7232593436774728 1.1180847284390942 5.6114324051819491 0.1254901960784314 0.2117647058823529 9.803921568627451e-002
v 2.0484789088029371 -1.8945916076725908 20.6366288352750544 0.2666666666666667 0.2705882352941176 0.3098039215686275
v 0.6446500768830400 0.7801373208096837 10.4770293577278863 0.2784313725490196 0.2745098039215687 0.3215686274509804
v 0.4750813625478436 1.8741119925513872 7.8392620210777091 0.2235294117647059 0.2196078431372549 0.2549019607843137
v -15.4349022038080186 -2.4117030569401967 11.6350925391312394 0.2901960784313726 0.2509803921568627 0.2745098039215687
v -15.7962992591100253 0.0313804761888682 11.3245621783304582 0.1450980392156863 0.2549019607843137 0.1294117647058824
v -20.8414122861197697 -0.6912598829444916 14.5757371544720744 0.1490196078431373 0.1333333333333333 0.1568627450980392
v 1.7852390632527051 0.6865093190405599 10.4842225826245041 0.3176470588235294 0.3137254901960784 0.3568627450980392
v -0.2992750078840209 2.2931982998645228 6.6394982360925328 0.196078431372549 0.2 0.2313725490196079
v -0.0861279893028083 1.1746044877066879 10.2573489861874272 0.2823529411764706 0.2862745098039216 0.3333333333333333
v 3.2260664680075353 1.1311141034496317 7.5431368239494700 0.2627450980392157 0.2274509803921569 0.2431372549019608
v 0.0437906155807878 1.7539705782883419 7.8873118024365292 0.2431372549019608 0.2431372549019608 0.2862745098039216
v -14.7622292448012686 2.0624264438076469 2.1192764126019057 0.5254901960784314 0.615686274509804 0.4705882352941176
v 2.9047966614490370 0.2069913698806128 10.9896735720279768 0.4 0.3764705882352941 0.4117647058823529
v 3.0716646020028242 -1.8872486879552979 20.3981200267407274 0.5333333333333333 0.4980392156862745 0.5215686274509804
v 31.9009395285609756 -4.5473859693898389 60.5480356837460647 0.803921568627451 0.7490196078431373 0.8117647058823529
v 36.0066044454541299 7.2101151704129709 53.6099132581341564 0.7803921568627451 0.7215686274509804 0.6901960784313725
v -0.5424289196118928 1.4848797662278368 9.6659381958891828 0.2823529411764706 0.2862745098039216 0.3294117647058823
v -21.1049994913239871 0.6814372802006787 11.4325672283000284 0.3215686274509804 0.407843137254902 0.2
v -22.5081641438200144 -2.5447715707799325 16.2071112228755716 0.4941176470588236 0.4235294117647059 0.403921568627451
v -13.4278742653157188 3.9712525347006533 11.3585393612163053 0.3450980392156863 0.3215686274509804 0.2549019607843137
v 3.3923831879393158 -0.2979736329625569 13.7114107218175523 0.6392156862745098 0.5568627450980392 0.5490196078431373
v 2.5417081821777323 0.5944045834997711 10.4562036002392151 0.2941176470588235 0.2862745098039216 0.3294117647058823
v -1.0678847324998864 2.1771156033503440 8.0891907244437942 0.2352941176470588 0.2392156862745098 0.2823529411764706
v 2.9884086988123135 1.4240064329851987 6.2991652342471625 0.207843137254902 0.2 0.2313725490196079
v 3.8200672139806398 0.1026475088991693 11.9611428283131378 0.6039215686274509 0.4862745098039216 0.4392156862745098
v 3.0544841618820353 0.8396591639259587 8.7840472557480069 0.3058823529411765 0.2901960784313726 0.3215686274509804
v 2.5499885506691005 -1.2604559582475574 17.5418700577755402 0.4352941176470588 0.4313725490196079 0.4862745098039216
v 2.4780340254538680 -1.0660160564511663 16.5664718702036993 0.4235294117647059 0.4196078431372549 0.4705882352941176
v -17.7393039041658866 -4.7665174683431371 17.7008790109022414 0.4901960784313725 0.2196078431372549 0.1882352941176471
v 2.8110600609075638 0.5583098745803158 10.5341621948976041 0.3333333333333333 0.3254901960784314 0.3686274509803922
v 3.1864793477912094 1.5992359809173291 6.2661585926636514 0.1921568627450981 0.1803921568627451 0.207843137254902
v -1.2174765719508223 2.5223700809577156 5.7001588293097223 0.1882352941176471 0.1882352941176471 0.2235294117647059
v 2.7012155240676079 -1.9955990384922198 20.4966105324405703 0.3764705882352941 0.3686274509803922 0.403921568627451
v -0.6439524691788059 1.3587785829925219 9.5982463128397875 0.2627450980392157 0.2666666666666667 0.3098039215686275
v 2.4957263307796835 -2.1019440897633999 20.8235077587895816 0.3019607843137255 0.3058823529411765 0.3450980392156863
v 3.1263666416085547 1.6035341954514764 6.6773110500098900 0.1803921568627451 0.1764705882352941 0.2117647058823529
v 2.6109260962888761 -0.3027998418757061 13.6275304409493465 0.4666666666666667 0.4588235294117647 0.5137254901960784
v 0.0961839656722659 1.3953220974406222 8.2652674684649270 0.2509803921568627 0.2470588235294118 0.2901960784313726
v 3.7252625150082648 -0.1036315624566759 12.4544716924636703 0.6235294117647059 0.5058823529411764 0.4549019607843137
v -1.5175539231077986 1.2455055800157833 11.3966064939300438 0.2313725490196079 0.2313725490196079 0.2745098039215687
v 3.7147454393274604 0.3019780271957545 12.0797199102917521 0.4980392156862745 0.4117647058823529 0.392156862745098
v 2.5797436768445126 0.2144155473302501 11.5829102463638609 0.3098039215686275 0.3019607843137255 0.3450980392156863
v -22.1044668626082483 0.8699252665566464 12.0601537549071161 0.3215686274509804 0.3764705882352941 0.207843137254902
v 3.4897586716022300 0.1448324834967631 11.3723852569130948 0.5058823529411764 0.403921568627451 0.3686274509803922
v 2.7563810542651748 0.2742363530427096 10.9579695755424140 0.3372549019607843 0.3254901960784314 0.3725490196078431
v 2.6471539657635978 0.1468409597561375 11.8053540513241160 0.3803921568627451 0.3686274509803922 0.4196078431372549
v 3.1643383796715332 0.3141513537913098 10.7858661251597159 0.4274509803921568 0.3843137254901961 0.403921568627451
v 2.9273709584066925 0.1387252059332723 11.7850222658916586 0.403921568627451 0.3843137254901961 0.4274509803921568
v -28.9387483677289836 5.3312478467330617 14.3230505852371728 0.3333333333333333 0.2745098039215687 0.2509803921568627
v 3.1021566638178735 1.4645389832145550 6.6445128911370954 0.1843137254901961 0.1764705882352941 0.2
v -16.0594008890038786 -3.5688243949067910 15.7003582551608716 0.5176470588235295 0.4470588235294118 0.5019607843137255
v -16.0916742034471270 -4.4781487281158139 17.2681634038688259 0.4627450980392157 0.1490196078431373 0.1450980392156863
v -22.5388870658975939 -2.2470995327780336 16.4291309344746566 0.4627450980392157 0.4 0.396078431372549
v -2.4333534828120080 1.6329776260965319 11.4510723542430792 0.2470588235294118 0.2431372549019608 0.2784313725490196
v 2.9206190818033857 1.2122501323160064 7.4811475420209792 0.1725490196078431 0.1725490196078431 0.207843137254902
v 1.7520846346068966 0.2156544524262285 12.5405536047351358 0.3333333333333333 0.3294117647058823 0.3725490196078431
v 1.9380676633676304 0.4484536546819090 11.6818145075614055 0.3372549019607843 0.3333333333333333 0.3764705882352941
v 2.6907533757738582 -1.6340741374135634 19.0422600511540523 0.4666666666666667 0.4549019607843137 0.5019607843137255
v -20.4997805972397948 0.1629515359217378 11.4134789646948498 0.2117647058823529 0.2745098039215687 0.1215686274509804
v -22.1991216467335342 -2.6339125919008479 15.9781182618598212 0.3882352941176471 0.3137254901960784 0.3215686274509804
v -19.5986590808826406 2.1047443044648451 4.2675890585066245 0.3529411764705883 0.4431372549019608 0.2196078431372549
v 2.9690343829012678 1.5467856390059729 6.2322473991423601 0.1764705882352941 0.1764705882352941 0.2117647058823529
v 3.3746823598731828 0.3730244252189459 10.9533790846646060 0.3725490196078431 0.3098039215686275 0.3019607843137255
v -0.0469189179589721 2.1282044745551345 6.1017852287305985 0.2274509803921569 0.2235294117647059 0.2627450980392157
v -22.2988844490324780 1.8339449946580701 7.3223154510029076 0.4 0.4901960784313725 0.2941176470588235
v -14.2143346906586103 -2.8182536623994681 9.9793924794644262 0.2901960784313726 0.2392156862745098 0.2549019607843137
v -21.0275800773377348 0.5344866351889354 13.7255854561612214 0.4588235294117647 0.4392156862745098 0.3764705882352941
v -18.9305557163208782 0.3596818090517241 7.9309182023892522 0.3019607843137255 0.4 0.2
v -20.4512819278362699 2.1110316214415374 5.1333413336569595 0.3490196078431372 0.4313725490196079 0.203921568627451
v -17.8371715794596035 0.1799114020860008 9.2442603411227164 0.2117647058823529 0.2980392156862745 0.1411764705882353
v 5.3059366243084973 -4.0334729868160473 31.9334591483154071 0.2470588235294118 0.2 0.1803921568627451
v 28.7635367000776938 -12.8348168545153047 81.0477206278516888 0.788235294117647 0.7686274509803922 0.803921568627451
v -22.5118847408978766 2.3874978622722547 3.0973367746758065 0.2235294117647059 0.2862745098039216 0.1215686274509804
v 3.1944532037056881 0.4603359197535266 10.3217029730196419 0.4 0.3529411764705883 0.3647058823529412
v 3.1199317817535288 0.5598809502760771 9.6069731690275457 0.3333333333333333 0.2901960784313726 0.2980392156862745
v 2.4969280099590794 0.5496943507286552 10.0319053426367795 0.2784313725490196 0.2705882352941176 0.3137254901960784
v 1.5723589238829052 -1.7675214594026090 19.4472080639592662 0.2352941176470588 0.2431372549019608 0.2784313725490196
v 3.0774348830434297 -3.5526310767988987 25.5887020494910331 0.5176470588235295 0.4156862745098039 0.3686274509803922
v 2.8600723346230152 -0.4016775199961680 13.1757667800241531 0.403921568627451 0.3764705882352941 0.403921568627451
v 5.0164030021045294 -7.1625808211531172 39.4589962222911268 0.1686274509803922 0.1254901960784314 0.1019607843137255
v 3.0233992308263558 0.5345999004013281 9.9314627012607062 0.2901960784313726 0.2666666666666667 0.2941176470588235
v 4.5767694401248464 -6.3256579323962736 38.5146416145774637 0.203921568627451 0.1333333333333333 9.803921568627451e-002
v -13.2469598283768342 -4.8336131296331084 12.6175118764637837 0.5450980392156862 9.803921568627451e-002 8.627450980392157e-002
v -12.0466291104865775 -3.8753299687953495 12.0479757387198223 0.5058823529411764 0.4627450980392157 0.5019607843137255
v 2.9640290035415449 0.6469706934922338 9.4297774683888136 0.2823529411764706 0.2627450980392157 0.2941176470588235
v -12.7411064233147080 -4.9246301536438430 11.6270064186035089 0.5058823529411764 7.843137254901961e-002 7.058823529411765e-002
v -17.7023324364022656 -3.7011216141203631 14.9754761313259266 0.3882352941176471 0.3137254901960784 0.3333333333333333
v 3.4165093139637142 -5.0158810377568637 32.0611356539016228 0.4705882352941176 0.3568627450980392 0.3098039215686275
v -13.5089599882170113 -3.6959383321304307 11.4247209135044141 0.3176470588235294 0.2392156862745098 0.2352941176470588
v -22.8521237951390503 2.0580330482979576 6.7145113792354856 0.4470588235294118 0.5294117647058824 0.3137254901960784
v -19.5225175057328535 -0.3164295731643363 8.7153717348133100 0.1098039215686274 0.1725490196078431 4.705882352941176e-002
v -12.4691905664695426 -3.8338200913575085 11.7382157989724494 0.2745098039215687 0.2235294117647059 0.2549019607843137
v -18.7507715179114953 1.2339395364281800 5.8501760841216850 0.1254901960784314 0.207843137254902 9.803921568627451e-002
v -12.7681136290879778 -4.1209626014155862 10.9448523674698865 0.1764705882352941 0.1254901960784314 0.1411764705882353
v -21.9801903258497582 1.7623051481612710 1.3015213478450345 0.4156862745098039 0.4823529411764706 0.2588235294117647
v -22.1594270975178596 -2.5195814501892944 13.4924730085578268 0.5450980392156862 0.4862745098039216 0.4627450980392157
v -21.7796408217728263 1.3942184347577877 7.6037476691428747 0.4941176470588236 0.596078431372549 0.3450980392156863
v -15.1157313347706328 -1.4793119658274050 10.4589090431086298 0.2196078431372549 0.207843137254902 0.2352941176470588
v -21.2500130424301865 1.4735438682796109 8.5172089030610767 0.4156862745098039 0.5137254901960784 0.2627450980392157
v -20.0663705683910365 -3.4051515331495512 16.5946757615573048 0.4352941176470588 0.3647058823529412 0.407843137254902
v -23.5157195630748568 2.7252577644515643 21.7979802613886946 0.5568627450980392 0.4980392156862745 0.4862745098039216
v -16.9593898919149133 0.5546831147372410 11.4796735071319187 0.1450980392156863 0.2431372549019608 0.1215686274509804
v -13.4607525712478235 -4.8583498468379274 11.5560026044588167 0.4784313725490196 3.137254901960784e-002 2.352941176470588e-002
v -20.7675729604745207 0.5642711815425577 10.4563140181912253 0.3411764705882353 0.4274509803921568 0.2
v 1.7730165081568359 0.8914507536336328 10.2621574788575902 0.207843137254902 0.207843137254902 0.2431372549019608
v -17.2384664794260232 -3.7003085527314008 13.7636689603401372 0.3882352941176471 0.3254901960784314 0.3607843137254902
v -21.6235689121721926 0.6932888797478107 9.9819304233072206 0.1490196078431373 0.2313725490196079 6.666666666666667e-002
v -14.2681631525900166 -3.4122513664833729 13.8305727913426768 0.407843137254902 0.3372549019607843 0.3607843137254902
v 4.5975669258994314 -1.7403984574133908 23.6994635880730726 0.6392156862745098 0.5254901960784314 0.4666666666666667
v -2.1850294503701613 1.6309801314678014 10.4840503894340102 0.1607843137254902 0.1686274509803922 0.203921568627451
v 1.9491871909717842 0.1601335251853706 12.8608564941979537 0.2509803921568627 0.2509803921568627 0.2901960784313726
v -1.9090430607310584 1.0246510949030223 11.1498865520295425 0.1803921568627451 0.1843137254901961 0.2235294117647059
v -18.8962814757792650 -3.6005964362733902 16.0600529600920403 0.2980392156862745 0.2196078431372549 0.2745098039215687
v 2.8125327911363409 -0.2110472660364612 13.4351091158932867 0.2823529411764706 0.2784313725490196 0.3137254901960784
v -24.4201419345796857 -1.9229211173809031 35.8098538441989689 0.5058823529411764 0.4470588235294118 0.407843137254902
v 13.4286404488306097 -3.6588833245423169 51.6553839589327026 0.2352941176470588 0.196078431372549 0.1803921568627451
v 2.0382424463665161 -1.1459272981790427 18.4319188087964534 0.2862745098039216 0.2901960784313726 0.3294117647058823
v -0.1627865529778845 1.7147983259295070 8.6716644578507989 0.2 0.196078431372549 0.2392156862745098
v 11.8364421097332126 -5.5551196371103142 45.5511277074326699 0.4901960784313725 0.4392156862745098 0.4117647058823529
v -15.1467900609554817 -0.5483675916793065 11.3966107580575660 0.1843137254901961 0.2 0.1882352941176471
v 3.0516112866153744 0.2169522007824217 11.9723001123346169 0.2666666666666667 0.2509803921568627 0.2862745098039216
v 2.3155426831984824 -0.2966166349085320 12.2731035239938269 0.2823529411764706 0.2784313725490196 0.3254901960784314
v 3.5112640400943551 -0.8410502335317471 15.9171772973361243 0.6392156862745098 0.5294117647058824 0.4745098039215686
v 2.9158006473013671 -1.8175784878652397 16.5319651113327453 0.6823529411764706 0.5686274509803921 0.5058823529411764
v -20.4870569285879647 1.5789473865956740 1.3025380128611161 0.3647058823529412 0.4666666666666667 0.2627450980392157
v 3.1928491164706330 -1.3160714141277461 17.4281413154549440 0.5529411764705883 0.4823529411764706 0.4509803921568628
v 2.4369243165007064 -0.9114238092636391 15.9641596942533646 0.2823529411764706 0.2862745098039216 0.3215686274509804
v -1.7754199235602419 1.6180025753744602 11.9101211228884072 0.1529411764705882 0.1607843137254902 0.1921568627450981
v -17.3263464938249783 -3.3564543422423938 18.5225226994853003 0.1490196078431373 8.235294117647059e-002 9.411764705882353e-002
v 0.1526945151618699 -2.2215946795980894 25.0098367026512776 0.1725490196078431 0.2 0.2313725490196079
v -14.9949386895925016 -1.2888118271912223 10.7680417934113439 0.2313725490196079 0.2 0.2352941176470588
v -19.2673387478958205 1.6711773166389619 3.9465125721032970 0.1411764705882353 0.2235294117647059 8.627450980392157e-002
v 3.1384953473356592 -2.3557565156689382 20.9610564013837788 0.5882352941176471 0.4980392156862745 0.4431372549019608
v -18.4407153391480243 0.8462745499313800 4.2386458700781642 0.1215686274509804 0.2117647058823529 6.666666666666667e-002
v -2.0893310637126623 0.0053008565015120 16.7024448779483734 0.207843137254902 0.2235294117647059 0.2509803921568627
v -22.1845327631771845 0.2523400950159124 10.3770961392834078 0.1607843137254902 0.2431372549019608 8.627450980392157e-002
v -20.7878667826062227 0.0081296250456057 6.9704066782830143 0.4352941176470588 0.5686274509803921 0.3098039215686275
v -17.0217454896888682 -3.6335459566985593 14.6220607239005194 0.4431372549019608 0.3686274509803922 0.403921568627451
v -21.0554536961207823 -3.2410120880857489 17.4097829759284650 0.3098039215686275 0.2156862745098039 0.2627450980392157
v -12.0481604624965755 -3.9123434536747119 11.9892714436072882 0.4392156862745098 0.392156862745098 0.4431372549019608
v -2.6187536684073245 1.5726401806621320 10.7929012532712427 0.2823529411764706 0.2784313725490196 0.3098039215686275
v -2.2603375493352580 0.1206940692871336 15.8146970428587608 0.2196078431372549 0.2352941176470588 0.2627450980392157
v -20.8234814106977311 -3.6461698505307716 15.4975639115708272 0.2431372549019608 0.1568627450980392 0.2196078431372549
v -20.8560153310848406 -3.6626379870603536 15.4876432519161717 0.2705882352941176 0.1725490196078431 0.2392156862745098
v -13.7572040743317743 -3.8475581673169659 12.6470285711257588 0.2470588235294118 0.1490196078431373 0.1686274509803922
v 2.5004904742690255 -1.0056504277626952 16.8974855739257137 0.2980392156862745 0.2980392156862745 0.3372549019607843
v 0.0608413320747434 -0.7275951075743590 17.4009861870010170 0.2588235294117647 0.2705882352941176 0.3098039215686275
v 1.3029479505163835 -0.9255210851745328 17.0010305610351082 0.2980392156862745 0.3098039215686275 0.3490196078431372
v -2.6126726869381343 -0.5239431259344494 18.9413991658431655 0.203921568627451 0.2117647058823529 0.2392156862745098
v 3.0464772182150237 -0.3889263983101681 13.5006046173750125 0.3176470588235294 0.2745098039215687 0.2745098039215687
v -2.2738123346407315 0.9041162449855217 12.6760187231560586 0.1882352941176471 0.2 0.2313725490196079
v 2.7581470933946171 0.1527458170653353 12.1193397880846874 0.1725490196078431 0.1686274509803922 0.207843137254902
v -2.1407022776106541 0.1878366397931946 15.7412705084612554 0.1568627450980392 0.1725490196078431 0.203921568627451
v -22.1137479228684448 0.5186100013731042 10.9156552827160862 0.2274509803921569 0.3294117647058823 0.1058823529411765
v -12.5181255530111883 -3.6637641764572368 12.2915111016139011 0.1764705882352941 9.019607843137255e-002 0.1058823529411765
v 1.7011983233676158 -2.8841583956644934 23.9803945001666747 0.2 0.2156862745098039 0.2470588235294118
v -20.1567642265450218 0.5133361997329474 11.0374920702523394 0.1568627450980392 0.2470588235294118 9.019607843137255e-002
v 2.7210584074402786 0.3735835310182440 7.0584260357955708 0.2156862745098039 0.1372549019607843 9.411764705882353e-002
v -5.3069890489017837 -3.5590407812565550 5.0159822228608961 8.235294117647059e-002 0.1058823529411765 0.1294117647058824
v -19.6166809315714978 1.6848705723525903 8.9335515086291988 0.3686274509803922 0.4862745098039216 0.2431372549019608
v -21.1047535391910230 -2.7141326069972482 16.4110350016646507 0.4352941176470588 0.3529411764705883 0.3725490196078431
v -17.4861550958883996 -4.9628257568043521 17.3907225305535391 0.5176470588235295 0.1215686274509804 0.1098039215686274
v 3.2127613182193477 1.2974055112227001 9.2538756819746091 9.019607843137255e-002 9.411764705882353e-002 0.1215686274509804
v -12.5624436797306132 6.0762921913948489 12.1854663455370122 0.4 0.3568627450980392 0.2980392156862745
v -21.9794353857469282 0.7108532847385277 12.0554313533864477 0.3490196078431372 0.4352941176470588 0.2196078431372549
v -26.4992932787746049 0.4935568453257423 3.4400755801459426 0.4862745098039216 0.4274509803921568 0.3882352941176471
v -3.2645443811568100 -14.8165119892479957 13.3954322644770478 0.3843137254901961 0.3372549019607843 0.3254901960784314
v -1.1337589434321349 1.3616455733150277 8.1712312791024289 9.411764705882353e-002 0.1019607843137255 0.1333333333333333
v -10.0312652816665846 -9.0034109141444247 13.9959684296214029 0.6196078431372549 0.5843137254901961 0.5843137254901961
v -16.0313131043793256 0.1644739652561257 10.4221813736602353 0.1450980392156863 0.2470588235294118 0.1490196078431373
v -13.3374934799956470 -4.8218769365529752 11.8899487059913245 0.5490196078431373 4.313725490196078e-002 3.137254901960784e-002
v 2.5483587172340307 0.0219947975510645 5.3154231380052410 0.392156862745098 0.2705882352941176 0.196078431372549
v -26.1822730795788772 -0.7647391438187230 3.6702413110058227 0.5176470588235295 0.4627450980392157 0.4235294117647059
v -17.9343339057450244 -2.1450661335478260 6.6114377189896931 0.2392156862745098 0.3215686274509804 0.1411764705882353
v -13.8726199709117743 -4.2048721266466931 13.8161170792836856 0.4470588235294118 0.1019607843137255 0.1254901960784314
v -3.9929511589424118 -15.9865294069357002 6.4691800156223600 0.9058823529411765 0.792156862745098 0.8470588235294118
v -5.6471643181958902 2.5711530835761032 26.0278085210193453 0.6196078431372549 0.596078431372549 0.6
v 2.8247210498965019 -2.4407696303977175 24.5513344630652526 0.1372549019607843 0.1529411764705882 0.1843137254901961
v -4.5277215608758450 27.6846312974989921 116.3609959320932319 0.5372549019607843 0.4745098039215686 0.4352941176470588
v -1.4072531637288268 1.3410866871692924 10.0306964119438042 0.1098039215686274 0.1215686274509804 0.1568627450980392
v -1.4700546803016383 0.3848440996398572 13.0128204166271964 0.1215686274509804 0.1372549019607843 0.1725490196078431
v 1.7548919602135831 -0.4778006041969183 15.7286046556694235 0.1686274509803922 0.1764705882352941 0.2156862745098039
v 4.1289514330078800 -1.5622815673561228 19.6825014813704158 0.6 0.4392156862745098 0.3372549019607843
v 40.4584276761015715 23.7832454862660221 54.1288117280541243 0.8705882352941177 0.7803921568627451 0.7725490196078432
v 1.7208522617302904 0.1334713937515719 12.3245558327157152 0.1333333333333333 0.1372549019607843 0.1686274509803922
v -13.6764464723522465 -3.0251359523024082 2.4478934468534592 0.5176470588235295 0.4823529411764706 0.4392156862745098
v -7.1835193050553086 -8.7586289967798976 -2.0834760684957616 9.411764705882353e-002 9.803921568627451e-002 0.1333333333333333
v -19.7061680584918903 2.0036606748397467 8.7956238297569076 0.4196078431372549 0.5372549019607843 0.2745098039215687
v -17.1074358157701134 -3.4991426990973711 15.2703415399389648 0.4666666666666667 0.392156862745098 0.4392156862745098
v 4.7316800915501531 1.2999981822095341 10.3955263191894289 0.2745098039215687 0.1686274509803922 9.803921568627451e-002
v 0.0555433684894961 2.0151788166465177 6.3349288115613973 7.058823529411765e-002 7.843137254901961e-002 0.1019607843137255
v 3.2162225890955249 -1.9179696418412779 16.1730059402735087 0.5568627450980392 0.407843137254902 0.2901960784313726
v -7.3916883049222086 -12.4811345403926435 -2.2766973039696747 0.8196078431372549 0.7254901960784313 0.7098039215686275
v -28.8553193462036006 6.6718110334574590 10.9307804326318259 0.2588235294117647 0.207843137254902 0.1686274509803922
v -29.4071208201739509 7.5835901758078048 10.8847858182446942 0.2313725490196079 0.1843137254901961 0.1450980392156863
v -28.5875222853606488 6.0550692775201522 9.7276573151604087 0.2117647058823529 0.1647058823529412 0.1294117647058824
v -16.9591443844345449 -2.0376413872122665 7.4197479021880408 0.1529411764705882 0.2470588235294118 0.1215686274509804
v 43.3710114468036494 28.6420332679861218 52.5640364148382773 0.8431372549019608 0.7529411764705882 0.7372549019607844
v 3.2685715713963579 -3.0488401329279373 24.5756894457756587 0.407843137254902 0.3254901960784314 0.2862745098039216
v 39.1875759872360874 23.2041409250131885 51.9084260893467970 0.8549019607843137 0.7647058823529411 0.7568627450980392
v -20.0939370015354655 -3.3106321585941636 17.7404082116030395 0.4 0.3215686274509804 0.3647058823529412
v -29.6709497269800089 3.0168081279943291 21.4839409008980766 0.6078431372549019 0.5725490196078431 0.5764705882352941
v 3.1151080474089010 0.8554940430903057 8.2678154361604008 0.1450980392156863 0.1176470588235294 0.1176470588235294
v 8.2842301745862876 -0.2614353361732624 16.0655114063022708 0.8392156862745098 0.7450980392156863 0.7333333333333333
v 25.8433877323713830 11.6686731359665856 51.7128959335686673 0.8666666666666667 0.6431372549019608 0.7254901960784313
v 2.8009152156909787 1.0286292038148903 10.4094772507519231 9.019607843137255e-002 9.411764705882353e-002 0.1254901960784314
v -15.0751010507503196 -8.5351919964073240 -3.8820112764906645 0.5372549019607843 0.4980392156862745 0.4588235294117647
v 3.5200564545246302 -1.8811823634192708 18.7389989138760669 0.5490196078431373 0.392156862745098 0.2941176470588235
v 2.5076265747662405 -0.3696983138548341 11.6942778447285818 0.1529411764705882 0.1411764705882353 0.1686274509803922
v 0.5149258441561183 0.1665836327431340 11.0370115396886170 0.1137254901960784 0.1254901960784314 0.1568627450980392
v 4.3193675232387614 0.9228493440356895 9.0191651947888634 0.1803921568627451 0.1137254901960784 7.450980392156863e-002
v -15.2932138944369242 -0.4383711874912577 11.3690787229052610 0.1686274509803922 0.2156862745098039 0.1490196078431373
v 3.2481339979770474 -0.7548423499329753 15.4152667465656865 0.3294117647058823 0.2588235294117647 0.2274509803921569
v 3.3424501797825164 -1.0047456666472629 16.3853574895398815 0.403921568627451 0.2862745098039216 0.207843137254902
v -20.0289622205669424 1.9480295422904370 2.1508270629138893 0.4862745098039216 0.6039215686274509 0.3686274509803922
v 2.3413977988893300 0.2240746050241341 11.0849477407362702 0.1137254901960784 0.1215686274509804 0.1529411764705882
v 2.4806288074860179 0.0931486041507164 11.5289704676895415 0.1254901960784314 0.1294117647058824 0.1607843137254902
v 0.2138145347412215 0.3230774637945119 13.1110936572412999 0.1490196078431373 0.1607843137254902 0.196078431372549
v 3.4444343057784796 1.1252603931986251 6.3025373971973808 0.3176470588235294 0.196078431372549 0.1215686274509804
v 23.8780010773746945 16.7264661698004353 28.0794658184092327 0.1254901960784314 8.627450980392157e-002 8.235294117647059e-002
v 0.4033304206384509 0.8450385696621047 8.9351913385322774 9.411764705882353e-002 0.1058823529411765 0.1411764705882353
v 3.3709914878334595 -1.8417408821052768 19.2837075384998045 0.4941176470588236 0.3568627450980392 0.2745098039215687
v 2.8123857617482693 -0.9324374748122088 13.8211245185883680 0.2980392156862745 0.2196078431372549 0.1803921568627451
v 0.3692087543195192 2.2187994436344334 6.6993411773364784 8.235294117647059e-002 9.019607843137255e-002 0.1137254901960784
v 3.1822086802938827 -2.4870194640121168 10.8920030765497700 0.807843137254902 0.7176470588235294 0.7019607843137254
v 41.3211138872229498 22.7100536944245981 51.4819732605113884 0.8627450980392157 0.7803921568627451 0.7764705882352941
v 1.7628683810066947 0.2148410346727775 10.1966689955238614 0.1137254901960784 0.1215686274509804 0.1490196078431373
v -27.1758166471693592 -3.5805252612347340 15.6065754245829567 0.5254901960784314 0.4823529411764706 0.4705882352941176
v -14.5850366250636867 -0.2767484250919061 9.9297261053135220 0.2823529411764706 0.2509803921568627 0.2745098039215687
v 0.1026177564625770 0.3704898078268416 11.7609087715178120 0.1019607843137255 0.1215686274509804 0.1529411764705882
v 2.3160553109102513 -0.7336457718369112 17.0069744452217009 0.1725490196078431 0.1764705882352941 0.2196078431372549
v 3.4483319962641685 0.7138326980013747 7.1084564096843765 0.4274509803921568 0.3098039215686275 0.2392156862745098
v 4.5777152041660543 1.0813444329707791 9.8892643083164788 0.2196078431372549 0.1333333333333333 9.019607843137255e-002
v 2.5856195769429782 -0.1442367620845986 13.7806658727170142 0.1450980392156863 0.1450980392156863 0.1843137254901961
v 4.6057307598858914 0.7568532920321364 11.4300595698205090 0.4509803921568628 0.3529411764705883 0.2823529411764706
v 3.3218440801387312 0.2727018025291925 9.7551498259080276 0.3137254901960784 0.1882352941176471 0.1098039215686274
v 0.9104506836784709 0.4461557048797398 11.7226648608123778 0.1058823529411765 0.1176470588235294 0.1490196078431373
v -16.9303101722292837 -3.5847127383659227 13.5851879460198397 0.4549019607843137 0.3803921568627451 0.4156862745098039
v 9.6278880186405544 3.8762097446115602 14.6075541633638277 0.2156862745098039 0.1647058823529412 0.1450980392156863
v -3.7041354046174062 -10.1056112615194387 1.5675182245860411 0.8705882352941177 0.7764705882352941 0.7686274509803922
v 3.2959122858690399 0.8266956135326919 8.3501974431050208 0.207843137254902 0.1333333333333333 9.803921568627451e-002
v 1.4301366857122546 0.5258232346836448 9.4136476148555985 9.411764705882353e-002 0.1058823529411765 0.1333333333333333
v 3.3132297425520796 0.2033960799160663 11.0441020731601487 0.2431372549019608 0.1647058823529412 0.1215686274509804
v 2.8077854141642327 -0.2130453585575032 11.0976843103967919 0.1803921568627451 0.1450980392156863 0.1450980392156863
v -0.1160041057716542 -1.5563769606682547 15.6647141841500712 0.1490196078431373 0.1607843137254902 0.203921568627451
v 2.5005518250188445 -0.8375412467558905 12.1679655217472913 0.2156862745098039 0.1803921568627451 0.1764705882352941
v -5.2828744475343727 -6.5753058884677218 0.7856731186049442 9.019607843137255e-002 9.803921568627451e-002 0.1294117647058824
v -14.1623344143738237 -4.0140694408714062 15.9988283164236105 0.5725490196078431 0.5137254901960784 0.5490196078431373
v 6.2787145680894660 0.2924070085203297 21.2677521043210334 0.7058823529411765 0.5764705882352941 0.5058823529411764
v 2.1080107994551018 0.2430799702399552 11.4130396316884219 0.1294117647058824 0.1372549019607843 0.1725490196078431
v 0.3332106919142603 0.3571377539228116 11.9429179123100866 0.1215686274509804 0.1294117647058824 0.1647058823529412
v -1.1870438077945951 1.4948484278866385 10.7957071249413232 0.1058823529411765 0.1215686274509804 0.1529411764705882
v 2.8876226243643037 -0.8088949691884466 14.4774883323981758 0.2666666666666667 0.2156862745098039 0.207843137254902
v 2.2532073679775175 0.2399899306781068 11.1019181626717511 0.1254901960784314 0.1333333333333333 0.1607843137254902
v 0.2870491812152942 1.2082264745656528 9.4963252660978821 0.1098039215686274 0.1215686274509804 0.1568627450980392
v 1.3733905402465212 0.5855224854343840 9.7313064768687276 0.1058823529411765 0.1176470588235294 0.1529411764705882
v 2.5173675811546312 0.6183103239007377 10.4054717557114866 0.1176470588235294 0.1254901960784314 0.1490196078431373
v 2.7568026838625044 0.3650154342011127 10.4781319535765025 0.1294117647058824 0.1294117647058824 0.1568627450980392
v 3.0069124285275222 -0.4899354938077858 13.0988261525915899 0.2745098039215687 0.2117647058823529 0.1882352941176471
v 2.0545508923563198 0.5673548929645076 10.2679609297475345 0.1176470588235294 0.1254901960784314 0.1490196078431373
v 3.3057910840401665 0.8678379957662643 8.0788852494919503 0.2156862745098039 0.1411764705882353 9.803921568627451e-002
v 3.0852840968172295 -0.1759623337345450 11.9575695881034161 0.2627450980392157 0.203921568627451 0.1803921568627451
v 3.2419297666747302 -4.1282595802354871 33.2384874021305379 0.1647058823529412 0.196078431372549 0.2352941176470588
v 2.6262595745108732 0.5078312813321285 9.2510094927001330 0.1137254901960784 0.1098039215686274 0.1411764705882353
v 0.3330597687082716 -1.0096276592261479 18.4240099273107774 0.1647058823529412 0.1725490196078431 0.2156862745098039
v -16.8856326616066816 1.2575329483560911 9.5881076051862308 0.1019607843137255 0.1843137254901961 9.019607843137255e-002
v 3.7592489370438531 -1.5383254277408105 17.2626116688106634 0.5843137254901961 0.4274509803921568 0.3215686274509804
v 3.3428872702783661 -0.6812797671449735 16.2916953438951850 0.3137254901960784 0.2509803921568627 0.2313725490196079
v -21.8839535484107586 4.2189033301536361 10.8187978275341159 0.4392156862745098 0.5490196078431373 0.2705882352941176
v -28.8738251393577059 6.5398082788706589 12.7410848498194103 0.2313725490196079 0.1803921568627451 0.1490196078431373
v 3.5089643918650455 -1.6187868491078075 18.2648968441978852 0.5294117647058824 0.3764705882352941 0.2862745098039216
v -25.6890300090932904 5.2044323701592354 25.5605599456358732 0.6509803921568628 0.592156862745098 0.5607843137254902
v 7.8264275980816462 -4.8549330836537132 29.2152920096242994 0.5372549019607843 0.5137254901960784 0.5529411764705883
v 3.4775679551235417 1.1497495917621054 6.3095947281286815 0.3215686274509804 0.2 0.1254901960784314
v 2.8258232239582730 0.3703381473721861 9.6480716911545255 0.1137254901960784 0.1098039215686274 0.1333333333333333
v 3.5801531532751376 -1.2956244024824901 18.8913325869253512 0.4705882352941176 0.3529411764705883 0.2941176470588235
v 2.0963919857526219 0.0379675714688950 16.4963128172227051 0.1647058823529412 0.1686274509803922 0.207843137254902
v -32.0123848877915549 9.1284494364380855 27.8036797750363789 0.5764705882352941 0.5176470588235295 0.5019607843137255
v -14.6482376868867199 -0.6515002928155058 9.8478780909216344 0.2274509803921569 0.2117647058823529 0.2313725490196079
v 47.3543745521281068 35.5302403337878800 53.9603099279797789 0.2549019607843137 0.196078431372549 0.1764705882352941
v 3.4386979511014739 -0.1283308932731679 11.8744534770357202 0.3137254901960784 0.2 0.1294117647058824
v 3.5845762148824578 1.1412578465370149 8.3869734624766039 0.2274509803921569 0.1450980392156863 9.803921568627451e-002
v 3.9329405899697392 -0.8071564935725466 15.5359319015388664 0.5098039215686274 0.3568627450980392 0.2431372549019608
v -0.1291569647042685 0.9408935620094292 9.3044002575258755 0.1098039215686274 0.1254901960784314 0.1529411764705882
v 5.0479652348026613 -2.9888422542781488 34.2658729124247543 0.4470588235294118 0.3647058823529412 0.3294117647058823
v 3.5676283536669846 -5.6296088682805943 33.6085958964210860 0.3803921568627451 0.2823529411764706 0.2313725490196079
v 45.8136625044973371 39.0881730406084671 53.6494204123127858 0.1176470588235294 8.235294117647059e-002 7.450980392156863e-002
v 2.7320743473033051 0.6100528254725519 9.1631331388575727 0.1058823529411765 0.1058823529411765 0.1294117647058824
v -32.9540918893902202 -1.2195541938147101 22.8635403596075619 0.5647058823529412 0.5176470588235295 0.5137254901960784
v -27.5156197044852249 -0.8102476679216128 23.5084008593733529 0.396078431372549 0.3529411764705883 0.3215686274509804
v -15.3940828147652198 -2.4610056136837395 10.4098997776303932 0.2941176470588235 0.2588235294117647 0.2862745098039216
v -18.7999143696901037 -8.5086331926004419 5.2769958808771991 0.4745098039215686 0.4 0.4392156862745098
v -13.4896846036224609 4.3178116665368940 11.2647597558154082 0.3607843137254902 0.3294117647058823 0.2666666666666667
v -16.1133528059151665 -3.6898917950715546 13.1722127946707186 0.4980392156862745 0.4235294117647059 0.4784313725490196
v -7.2408822126304004 -5.0593529476750509 12.4234290979412272 0.6235294117647059 0.6 0.6078431372549019
v 3.2123171029717876 0.4210303961323817 9.9477632998228049 0.2235294117647059 0.1529411764705882 0.1254901960784314
v 3.8130727548874277 0.4861372498297862 13.4655077800052805 0.2666666666666667 0.2 0.1764705882352941
v -17.5315452512949399 -2.5669261912216728 11.7849813563845274 0.2588235294117647 0.2392156862745098 0.2549019607843137
v 3.9468383914223111 0.3510578352303103 14.1415924814301217 0.3176470588235294 0.2235294117647059 0.1764705882352941
v 2.2530003666291827 0.0218748652042207 10.8808280032985731 0.1294117647058824 0.1294117647058824 0.1568627450980392
v -20.4916819505265124 -2.3862178945187287 14.1751772101084406 0.3098039215686275 0.2627450980392157 0.2901960784313726
v 2.3126534868275130 -0.4204363130888137 10.7962934624774256 0.1450980392156863 0.1411764705882353 0.1607843137254902
v 1.6748642278596702 -2.7513613850010614 15.7418138363493547 0.3803921568627451 0.3098039215686275 0.2941176470588235
v 2.0015731745826781 0.2253308130744858 11.6203207544308889 0.1450980392156863 0.1411764705882353 0.1803921568627451
v -27.2519904718624062 -0.1282805125145232 37.3909935490122081 0.4980392156862745 0.4392156862745098 0.392156862745098
v 1.8890170993593589 0.2076613155840454 11.4245225490952595 0.1372549019607843 0.1372549019607843 0.1725490196078431
v -16.2983604076386328 -4.8248502404663913 17.2394045875666535 0.5411764705882353 7.450980392156863e-002 6.666666666666667e-002
v 3.5877356393229038 -1.1469626201093310 19.6076571760637748 0.392156862745098 0.3176470588235294 0.2901960784313726
v 9.1170317246273100 -7.1266463725063476 45.8399701759985660 0.2745098039215687 0.2274509803921569 0.2117647058823529
v 2.5524677249610908 -2.8695110335459031 24.8402024040502027 0.1294117647058824 0.1411764705882353 0.1725490196078431
v -27.8054704476721462 0.7545341044764636 41.7619402780845306 0.4745098039215686 0.4117647058823529 0.3725490196078431
v 1.3432001774961844 -1.5478342215006842 12.9100258103176984 0.1725490196078431 0.1686274509803922 0.207843137254902
v -2.3005905852232007 -9.1201461376139150 6.4468784358016826 0.8431372549019608 0.6274509803921569 0.6941176470588235
v -14.5663988291134068 -0.0441247466454725 10.2624341759050850 0.2431372549019608 0.2235294117647059 0.2431372549019608
v 3.1090997439552757 -1.3708112262340644 21.7315288087128025 0.1764705882352941 0.1843137254901961 0.2196078431372549
v 3.7443474584760930 -2.8849693735079400 23.7901677839237067 0.5686274509803921 0.4352941176470588 0.3529411764705883
v 3.6690579756252744 -2.7811812675418528 23.0199217927710933 0.5686274509803921 0.4274509803921568 0.3372549019607843
v 8.1248841218328867 -6.7829631230646079 46.6169981235114719 0.3176470588235294 0.2666666666666667 0.2431372549019608
v -1.1900308300278404 -4.0056492212485102 26.8501720916457387 7.450980392156863e-002 0.1019607843137255 0.1333333333333333
v -13.3837766432451559 -3.2742783953818977 9.4544753831007711 0.2588235294117647 0.203921568627451 0.2156862745098039
v 4.0497185110220171 -2.5197729779221962 23.2733497585588793 0.6196078431372549 0.4901960784313725 0.407843137254902
v 1.9054108468439408 0.1926789701558254 10.8862805405120291 0.1254901960784314 0.1333333333333333 0.1647058823529412
v -15.7335569253580303 -4.0514427447230270 -1.6961824479318572 0.4196078431372549 0.4 0.3411764705882353
v 1.1596419287813591 -3.6630171215042067 20.0985208294624513 0.1490196078431373 0.1607843137254902 0.196078431372549
v 2.7234332782544364 -0.0719456097340855 11.4786537295102953 0.1568627450980392 0.1490196078431373 0.1725490196078431
v 1.6132632292323086 -1.6445963003123272 17.8849857840658473 0.1725490196078431 0.1764705882352941 0.2196078431372549
v -21.1081738594893729 3.4614467837854912 3.8291813830729020 7.843137254901961e-002 0.1333333333333333 5.098039215686274e-002
v -0.2907405544189932 0.3598226519737097 12.1357751979089592 0.1215686274509804 0.1294117647058824 0.1647058823529412
v 3.7191887072273446 -1.8171113800565386 19.8907755230774939 0.5568627450980392 0.4 0.3058823529411765
v 4.1370696975168348 0.6781418101549919 11.5915471294781494 0.3411764705882353 0.2156862745098039 0.1372549019607843
v 3.6125301462469381 -2.6536490997351638 21.8921870624178965 0.596078431372549 0.4627450980392157 0.3764705882352941
v -14.7355453402388470 8.3877467018694158 9.8475329722903400 0.4941176470588236 0.4549019607843137 0.392156862745098
v -18.6226350727936598 -1.4459508163989778 24.2519873956660703 0.5450980392156862 0.4745098039215686 0.4509803921568628
v 7.9009238190836770 -8.7055075030454265 40.4135713747228280 0.3215686274509804 0.2745098039215687 0.2588235294117647
v 1.8260165148539593 0.3068304002727144 18.5851421120305034 0.1921568627450981 0.2 0.2352941176470588
v 2.9487107916285313 -0.5582651330859452 15.1925464916963033 0.196078431372549 0.1803921568627451 0.207843137254902
v 3.4495036207554186 -0.8505525408903922 14.4323892052575449 0.4156862745098039 0.2705882352941176 0.1686274509803922
v -29.0767403680564129 5.8864348990750299 9.3290005456846696 0.3372549019607843 0.2823529411764706 0.2470588235294118
v -22.3962757320566404 -0.5262972210372567 40.0285073323019773 0.5607843137254902 0.4901960784313725 0.4431372549019608
v -15.6083394147148340 -2.6163929986553764 10.7333389217805450 0.2705882352941176 0.2431372549019608 0.2549019607843137
v 3.6654653568110667 0.4920636703054221 19.3874743770038123 0.1803921568627451 0.1803921568627451 0.2196078431372549
v -29.8941838140377882 5.9094656009546247 13.6943849163934139 0.5529411764705883 0.5019607843137255 0.4784313725490196
v 3.5813314440535060 -4.1388830555984883 27.8219321942934883 0.6078431372549019 0.4862745098039216 0.4156862745098039
v 2.8089996128800498 -0.7417053436183050 13.0587421041901628 0.2666666666666667 0.207843137254902 0.1882352941176471
v -21.9822242778282479 1.1575479504787740 11.3192108104841704 0.2666666666666667 0.3529411764705883 0.1568627450980392
v -18.6693719422968591 -2.5540355843232154 37.2238259435269043 0.5019607843137255 0.4392156862745098 0.396078431372549
v 2.7951939314922325 -1.6963441943934321 19.0029798404924435 0.2509803921568627 0.2392156862745098 0.2666666666666667
v -29.0857869209499817 4.7643074271154120 12.2893423362263956 0.4235294117647059 0.3764705882352941 0.3490196078431372
v 2.8731079243878588 -2.6356613420553865 20.2814575985574521 0.4705882352941176 0.3411764705882353 0.2666666666666667
v -27.0755389345751460 -1.8582556290502861 34.2320202932532709 0.3686274509803922 0.3215686274509804 0.2862745098039216
v 4.9381238883155731 -7.9960722003842974 39.9020232343354877 0.3294117647058823 0.2784313725490196 0.2549019607843137
v -3.8846596307215515 -12.1262740019891879 3.4497462172535331 0.8470588235294118 0.6823529411764706 0.7294117647058823
v 51.5513572178546369 36.6390963370187706 56.7021907679877728 0.4156862745098039 0.3450980392156863 0.3215686274509804
v 4.0746038292114699 -3.1032441018917032 26.4237762350174208 0.4941176470588236 0.3764705882352941 0.3137254901960784
v -18.3397659067639403 -2.8595028087067718 36.4877496276417119 0.4980392156862745 0.4352941176470588 0.392156862745098
v 14.0174382029257352 0.3352810501927128 51.7392256569293707 0.5607843137254902 0.5215686274509804 0.4784313725490196
v 4.4832099059928039 -3.5409028385604389 30.3510995263362915 0.6392156862745098 0.5176470588235295 0.4470588235294118
v 1.3531826827335596 0.5158104800129935 9.6648594200870352 0.1019607843137255 0.1137254901960784 0.1411764705882353
v -1.3539980364609812 1.5898256700753579 7.8467542110618318 8.627450980392157e-002 9.803921568627451e-002 0.1294117647058824
v 1.5193116191571370 0.7224934047062330 12.8853600147783940 0.1294117647058824 0.1372549019607843 0.1647058823529412
v 6.8638600076878014 -5.5884014258657109 46.4891972985604269 0.2784313725490196 0.207843137254902 0.1607843137254902
v -12.0615305725845303 -4.7949859160044541 11.9336909088970682 0.5450980392156862 0.3058823529411765 0.3019607843137255
v -21.4118860242282594 0.4381333784811105 9.8572067740784242 0.1803921568627451 0.2705882352941176 9.803921568627451e-002
v -14.6218582656478731 -2.7620787126269128 10.0487874304380860 0.3098039215686275 0.2549019607843137 0.2745098039215687
v 22.7370095788807554 -0.3799061342634786 55.2614800612906052 0.9294117647058824 0.7607843137254902 0.8156862745098039
v -11.7106447514445833 -0.0560559079296179 11.5204858003576494 0.2549019607843137 0.2509803921568627 0.3019607843137255
v -20.0434811091464873 -0.3604928238475034 8.8674854391452680 0.1372549019607843 0.2235294117647059 7.843137254901961e-002
v -20.1657767849432972 2.2325743209311337 2.9832321612626025 0.5333333333333333 0.6549019607843137 0.4980392156862745
v -13.1414362591449212 -4.0701660275404627 10.3443259408271278 0.2509803921568627 0.1882352941176471 0.1921568627450981
v -12.6201406705880679 -3.6056290584768895 11.9955245175965253 0.2549019607843137 0.196078431372549 0.207843137254902
v -18.1933486899565509 -3.2019044848911742 19.3080444046004871 0.4823529411764706 0.407843137254902 0.3764705882352941
v -28.6003524756884140 5.9043846635482717 7.8197958494318165 0.2196078431372549 0.1725490196078431 0.1372549019607843
v -1.6820235470327187 1.1502948356939893 11.5648348458742571 0.1215686274509804 0.1333333333333333 0.1647058823529412
v -27.0577926109317417 1.3676738148935856 9.4428188601805569 0.2235294117647059 0.1725490196078431 0.1529411764705882
v 48.2751093690745279 37.4833958645297614 57.2293158575976975 0.4431372549019608 0.3725490196078431 0.3490196078431372
v -14.3225663859078800 -0.8271242035443513 9.4150413054993365 0.2352941176470588 0.2156862745098039 0.2392156862745098
v -11.6919675351817247 -13.0998977389016265 15.0132836114342449 0.3137254901960784 0.2627450980392157 0.2392156862745098
v -20.8673776924788044 3.0799345926180255 4.2824840602417593 0.4627450980392157 0.5529411764705883 0.3372549019607843
v 0.7671944886912001 0.2139410634112721 10.8848968630861531 0.1098039215686274 0.1215686274509804 0.1529411764705882
v -22.0115985989781500 -0.4532980317523936 -0.8336293507557357 0.5764705882352941 0.6470588235294118 0.3882352941176471
v 3.1026633741876792 0.9130602377372010 7.9544734474334611 0.1450980392156863 0.1137254901960784 0.1058823529411765
v 48.8992396302566874 36.7918425952774726 56.5197798318623441 0.4313725490196079 0.3607843137254902 0.3411764705882353
v -12.9412009504774304 -2.2753510766427603 9.8844480706548712 0.2313725490196079 0.2 0.2313725490196079
v -11.3682421960260811 -3.8741881967805227 11.8203753437098413 0.6274509803921569 0.596078431372549 0.6627450980392157
v 5.6860154660163085 -3.1896404025690197 37.2064195747629611 0.5254901960784314 0.407843137254902 0.3450980392156863
v 3.5761608108218317 -2.3325599922897382 22.7053887432394674 0.4431372549019608 0.3411764705882353 0.2823529411764706
v 2.3563344819170244 -1.0915353330793582 16.5721482022059803 0.1921568627450981 0.1921568627450981 0.2352941176470588
v 2.6587306583181487 -1.1171574464933023 14.4293141696714802 0.2666666666666667 0.2235294117647059 0.2196078431372549
v 46.8540563740362828 38.2865371723988659 57.8979260767016086 0.407843137254902 0.3372549019607843 0.3137254901960784
v -19.4069934128978936 -0.0926658800218100 11.0978186270252426 0.3372549019607843 0.4392156862745098 0.203921568627451
v -10.4575219220736777 -16.2263996113034494 -6.6747754508822670 0.7568627450980392 0.5882352941176471 0.6039215686274509
v -15.7497431525475022 -3.4220199024298399 14.2287851389144038 0.4 0.3294117647058823 0.3803921568627451
v -21.6839195794833195 0.9075311664761507 6.9042438461681117 0.5137254901960784 0.6196078431372549 0.3529411764705883
v 47.6589800951159006 37.5723802994100566 52.3236698629298758 0.1333333333333333 9.411764705882353e-002 8.235294117647059e-002
v -26.0155555376969865 -1.0398267343800478 3.1827167973442898 0.4823529411764706 0.4235294117647059 0.3843137254901961
v -15.1369144267008089 3.4458898220032248 4.3711190078988205 0.5607843137254902 0.5372549019607843 0.4823529411764706
v -31.9339755150113014 1.2944536180888329 23.6542306685072816 0.596078431372549 0.5568627450980392 0.5529411764705883
v 2.8223803206633842 0.3444086883583063 10.8380218695029669 0.1176470588235294 0.1176470588235294 0.1450980392156863
v 1.7263647607832815 0.8961643528574994 15.1100735382727294 0.1137254901960784 0.1294117647058824 0.1647058823529412
v -1.0696817039572790 0.9785507870060527 7.5547778961298517 9.019607843137255e-002 9.803921568627451e-002 0.1294117647058824
v 20.7543409365568330 -1.5214787954992419 62.1801941624072398 0.6941176470588235 0.6313725490196078 0.592156862745098
v 21.7643231945688775 -6.0941550729448846 55.6071127399061353 0.9137254901960784 0.8235294117647058 0.8705882352941177
v -15.9845271420822641 -3.2839216470403265 14.3323637061165545 0.4549019607843137 0.3725490196078431 0.4235294117647059
v 3.5633091187723842 -2.6899356845885620 22.9790631806470316 0.611764705882353 0.5137254901960784 0.4509803921568628
v 2.8270535445069185 -0.6710394076575734 13.8914016715185582 0.3490196078431372 0.3019607843137255 0.3019607843137255
v 4.0322368727630353 -1.0623646141119705 17.4706996007648314 0.6235294117647059 0.4823529411764706 0.4
v 3.1605507057227724 -2.6432851970237321 22.5561570121456612 0.5607843137254902 0.4862745098039216 0.4549019607843137
v 2.7045155760533119 -1.9669192948347078 20.2361458112780923 0.3294117647058823 0.3294117647058823 0.3607843137254902
v 2.2954453670922432 -3.5425761033019230 25.9325809061532482 0.207843137254902 0.2313725490196079 0.2588235294117647
v -2.5534152095607050 1.5416889059679211 10.7022778730260484 0.2 0.2 0.2392156862745098
v 2.9943416169138573 -5.0841206347750676 31.3274739003830547 0.4901960784313725 0.407843137254902 0.3529411764705883
v -20.3814529803852658 0.0502407366605267 14.6336881751303469 0.2549019607843137 0.2274509803921569 0.2352941176470588
v 3.2013541053232650 -1.8325613730091292 22.6865726860123118 0.2784313725490196 0.2901960784313726 0.3254901960784314
v -18.8897677326022837 -4.1850967340624550 15.7419608704410514 0.4588235294117647 0.3803921568627451 0.392156862745098
v -13.6185313846294100 -3.1842515294172999 9.1853529262300970 0.3019607843137255 0.2431372549019608 0.2705882352941176
v -21.2452040229006442 0.6785165916440702 12.7406570932950007 0.1725490196078431 0.2352941176470588 9.411764705882353e-002
v -28.8036391273075338 8.4707908187252006 1.7834983426398590 0.4862745098039216 0.4313725490196079 0.396078431372549
v -22.1683990297045028 0.4553554627093030 10.9102938145601183 0.203921568627451 0.2745098039215687 8.627450980392157e-002
v -18.8248272203157505 -2.1749510409262953 12.7232357133643603 0.2509803921568627 0.2196078431372549 0.2352941176470588
v 2.7640722388079610 -4.9595934180677084 28.6553787265900368 0.6039215686274509 0.5215686274509804 0.4705882352941176
v -13.0998381934744081 1.1822148834264865 11.7292240904459728 0.2784313725490196 0.2784313725490196 0.3333333333333333
v 3.0993147762886650 0.8570919582095234 9.2584499215943215 0.1607843137254902 0.1490196078431373 0.1686274509803922
v -20.9300964725710834 -3.5874073636676158 16.0792145647609175 0.2823529411764706 0.1882352941176471 0.2431372549019608
v -20.9590031699327355 -3.6240271941440279 15.9282186755107258 0.2588235294117647 0.1725490196078431 0.2274509803921569
v -21.2272842216720292 0.7305209063370173 13.0917352959234083 0.2352941176470588 0.2745098039215687 0.1529411764705882
v -12.7765809328450111 -4.9063385049856230 13.1826568788729137 0.596078431372549 0.2666666666666667 0.2509803921568627
v -21.3410020232096755 0.9098040309704801 6.5942936541234918 0.4392156862745098 0.5607843137254902 0.2862745098039216
v 2.6938932605176826 -2.4262851816656683 23.4105321094872423 0.203921568627451 0.2274509803921569 0.2666666666666667
v -14.8085118013011545 -3.0434334928930609 11.1734978487960586 0.3725490196078431 0.2941176470588235 0.2901960784313726
v -17.8941339314749328 0.9725197920213718 4.8343496630366856 0.1921568627450981 0.2901960784313726 0.1411764705882353
v -15.8549269738386052 -0.7670989310809551 11.8867396821955094 0.1647058823529412 0.1843137254901961 0.1686274509803922
v -19.2720673539888523 1.2428986937118547 4.6216811888170719 0.1254901960784314 0.2156862745098039 7.843137254901961e-002
v -13.2069596310460540 0.9718669178172367 11.3816099575732501 0.2705882352941176 0.2705882352941176 0.3215686274509804
v -27.8603535542080571 3.7596675904169832 8.5565398927422756 0.2980392156862745 0.2431372549019608 0.2
v 17.7431411370498147 -5.0663896407482758 48.7039394805504102 0.9058823529411765 0.8235294117647058 0.8627450980392157
v 1.9365925058780715 -6.4673682577255560 33.8655565602356035 0.2627450980392157 0.203921568627451 0.1647058823529412
v 3.2440753758211298 -4.5523674530639360 30.0015926226761991 0.5843137254901961 0.4941176470588236 0.4392156862745098
v 3.3856956580859410 -3.5441701827253409 26.2170061838236705 0.5725490196078431 0.4823529411764706 0.4352941176470588
v -13.2570976934193148 -4.9281877625432928 13.0195227084584815 0.6 0.2313725490196079 0.2117647058823529
v 3.0643294249902957 0.1536630746449877 11.1650812892507076 0.2156862745098039 0.1803921568627451 0.1803921568627451
v 3.3792740822581542 0.2317182755704544 13.3733092967868021 0.207843137254902 0.196078431372549 0.2196078431372549
v -20.1466711041191537 -0.1685245438870699 -0.4374967311096785 0.3607843137254902 0.4666666666666667 0.2470588235294118
v 35.7956759726880875 19.1120705875865440 55.1642360293657248 0.7333333333333333 0.5019607843137255 0.5450980392156862
v -21.5136179933163092 1.7579744337951397 6.0351801225265866 0.5019607843137255 0.6313725490196078 0.3568627450980392
v -22.1409896521360778 0.9184190258142513 11.2275749818673418 0.1725490196078431 0.2509803921568627 9.019607843137255e-002
v -17.9813744830150739 2.7450379169565071 6.8726917393355169 0.1137254901960784 0.203921568627451 7.450980392156863e-002
v -28.0859804218491931 3.5625617806862886 10.3541960270392490 0.2588235294117647 0.2117647058823529 0.1764705882352941
v -17.2685807752648230 -0.0726490230502999 5.8472071444766600 0.3254901960784314 0.4392156862745098 0.2509803921568627
v -20.1886748667476503 0.3369235584967459 10.8323186989044924 0.1333333333333333 0.2235294117647059 7.058823529411765e-002
v -13.6013156965329962 -1.6608579480633934 9.2174687773719342 0.2 0.1568627450980392 0.207843137254902
v 27.3901097023834481 6.6590565366126686 55.0050720096911476 0.7607843137254902 0.7058823529411765 0.6745098039215687
v -17.4492804875416674 -3.7523143070929663 15.3803512506413718 0.3843137254901961 0.2941176470588235 0.3058823529411765
v -15.1627733755577019 5.6756681758759289 7.8484666538447421 0.3764705882352941 0.3607843137254902 0.2941176470588235
v -13.8450922108491490 -5.0908365026900713 11.6299335906034091 0.5529411764705883 7.843137254901961e-002 7.058823529411765e-002
v 29.2878757944679400 -1.7271535609204405 54.0302818711044637 0.8352941176470589 0.8156862745098039 0.8313725490196079
v -20.2662211927848261 -3.3143619117389873 18.3708181352054538 0.5019607843137255 0.4313725490196079 0.4196078431372549
v 2.6921817202969733 -0.2167521804489885 12.7301939645006605 0.1607843137254902 0.1568627450980392 0.1882352941176471
v -21.9391215012957339 -1.8579031924753358 15.1401799307081184 0.5294117647058824 0.4431372549019608 0.4745098039215686
v 3.0886120833994948 -3.1373582274145173 27.8915575513708589 0.2745098039215687 0.3176470588235294 0.3372549019607843
v -20.7196883791258628 -3.5960388864383219 15.5412778469192467 0.3137254901960784 0.2313725490196079 0.2941176470588235
v -22.5963491998529520 0.5107110575664718 11.0926569881229149 0.2666666666666667 0.3529411764705883 0.1725490196078431
v 3.6819911334046980 -1.2372437518523260 16.4428015461958914 0.4862745098039216 0.3450980392156863 0.2274509803921569
v -18.7137478914201125 0.9967821503269775 3.6640685508793180 0.1019607843137255 0.1921568627450981 7.450980392156863e-002
v -19.6431996290737452 0.1606492454705121 8.0582676531412911 9.019607843137255e-002 0.1450980392156863 6.274509803921569e-002
v -19.5306094906641583 1.0326081417115855 3.1305655279194817 0.2549019607843137 0.3607843137254902 0.1490196078431373
v -17.7322880451754479 1.1097334299799742 4.9845075733643851 0.203921568627451 0.3137254901960784 0.1686274509803922
v -21.9171954703229481 -0.1649066093837581 7.9174080328491456 0.3882352941176471 0.5058823529411764 0.2549019607843137
v -15.4438938239010106 0.5190430456648428 0.7737152831432175 0.5058823529411764 0.5019607843137255 0.4352941176470588
v -19.4723725329651316 0.8339866856969985 4.6152582735878900 0.2 0.3098039215686275 0.1215686274509804
v 2.4945526852837632 0.1492528999396336 11.6826926653810244 0.2431372549019608 0.2392156862745098 0.2745098039215687
v 1.4564170617871379 -0.2572510166331563 12.8498714121208533 0.2823529411764706 0.2823529411764706 0.3254901960784314
v -4.4487710033621415 -5.9783379371764651 31.7719661170113739 0.3019607843137255 0.2745098039215687 0.2627450980392157
v -11.1898036076528520 -2.8518770864824754 15.2968386228904585 0.4666666666666667 0.4196078431372549 0.4745098039215686
v 3.4129999538329456 -0.5303137928162551 15.1170706349433139 0.4509803921568628 0.3764705882352941 0.3568627450980392
v 2.8959927300719950 0.8760497674899970 8.8189905055013682 0.2117647058823529 0.203921568627451 0.2352941176470588
v -19.4039502143007887 -3.7001750454609148 15.9978971981817519 0.2901960784313726 0.207843137254902 0.2705882352941176
v 2.3992907594336033 -0.1299281705980391 13.1692991847777332 0.2862745098039216 0.2823529411764706 0.3254901960784314
v 3.6147601809559418 0.4476730826331181 11.4235314599399054 0.2941176470588235 0.2313725490196079 0.2156862745098039
v 1.7167736579766328 0.3057286840937752 11.6467691800946138 0.2235294117647059 0.2196078431372549 0.2588235294117647
v -0.0119962295520266 2.1309380643129430 6.1558712531390958 0.1333333333333333 0.1372549019607843 0.1725490196078431
v 31.0408968263914673 -1.9163481692388646 54.9032185934636558 0.9098039215686274 0.8980392156862745 0.9215686274509803
v 3.1601518652885856 1.7843314868162483 5.0300692120182653 0.1450980392156863 0.1176470588235294 0.1254901960784314
v 50.3035459386868382 25.8685874188779223 64.4290216910235785 0.8666666666666667 0.7803921568627451 0.7725490196078432
v -12.6690584298442666 -4.8685484402257435 11.5440418682855324 0.4862745098039216 9.411764705882353e-002 9.019607843137255e-002
v 2.8919554997740540 0.1239501682694659 12.2386014148633038 0.2352941176470588 0.2235294117647059 0.2549019607843137
v 2.3139186841388080 -1.0978023136755024 16.8917358935438600 0.3294117647058823 0.3333333333333333 0.3764705882352941
v 3.2150465079188346 0.2982979423808422 10.5389812909190042 0.2941176470588235 0.2313725490196079 0.2196078431372549
v 2.9531178039035764 1.6117011084064869 5.4676433053461659 0.1294117647058824 0.1137254901960784 0.1333333333333333
v 3.5069427677262324 -2.1247328528807028 20.9439560178430426 0.6392156862745098 0.5294117647058824 0.4745098039215686
v 3.6325266554322422 0.3035826715887663 10.8931111930917499 0.3843137254901961 0.2745098039215687 0.2235294117647059
v 2.9734378652030502 1.2834539850445694 7.2935340374217015 0.1843137254901961 0.1803921568627451 0.2117647058823529
v -0.0770925928904370 -0.1454869050810024 18.5893814551163530 0.2392156862745098 0.2509803921568627 0.2862745098039216
v 30.4808420717679027 4.4439109904019283 48.3904018560425087 0.6862745098039216 0.6235294117647059 0.5843137254901961
v 2.8611437616907707 0.1574548476357422 10.3961655691753556 0.2588235294117647 0.2235294117647059 0.2313725490196079
v 2.5424764181778556 -1.4941851385783933 19.6815442171028749 0.3490196078431372 0.3568627450980392 0.4
v 3.0683015678539416 1.7308409645842806 5.8399928628829061 0.1176470588235294 0.1176470588235294 0.1450980392156863
v -19.2715859235865956 -3.5841723331435746 16.7685460258375585 0.2980392156862745 0.2156862745098039 0.2705882352941176
v -17.9135706154601380 -3.4773911005492995 15.6277956646161975 0.4196078431372549 0.3411764705882353 0.3647058823529412
v -12.8914426678624245 -0.0167877342688997 10.3091757156717243 0.2431372549019608 0.2392156862745098 0.2823529411764706
v -15.4152543636958512 -3.6392078672763146 13.7598815698482948 0.4705882352941176 0.403921568627451 0.4470588235294118
v -22.2283366202677755 -2.7526709591801906 15.4466462138402338 0.3764705882352941 0.3137254901960784 0.3254901960784314
v -20.9885534366823130 0.2149080257130053 11.8907717971080409 0.196078431372549 0.2745098039215687 0.1333333333333333
v -28.9304467172838358 5.3923333017382964 12.7350200606032224 0.2941176470588235 0.2392156862745098 0.207843137254902
v -11.1260034383975004 -3.2950857769197350 12.2091284193953236 0.6549019607843137 0.6274509803921569 0.6862745098039216
v -22.2519638235895805 -2.3334424995640690 16.0519426861289496 0.3882352941176471 0.3254901960784314 0.3450980392156863
v 2.2313304202621005 1.1588765163455101 8.6038337253496344 0.1686274509803922 0.1686274509803922 0.207843137254902
v -21.6214269846214862 1.4302044697094924 7.3972924400582052 0.4313725490196079 0.5607843137254902 0.2941176470588235
v 3.3388225669279632 -1.0578193225448140 17.1964472464541558 0.5411764705882353 0.4705882352941176 0.4509803921568628
v -17.5110657072613236 -4.6448376520070376 17.9854126226722073 0.5098039215686274 0.1372549019607843 0.1215686274509804
v 3.6120145129999437 0.2013094011585548 11.5357485664241146 0.3803921568627451 0.2784313725490196 0.2274509803921569
v 2.8004744534129298 -0.6402593578565192 13.5695779492160700 0.4196078431372549 0.3647058823529412 0.3686274509803922
v 3.0347131188002723 -0.6587944731762396 14.6398246689963116 0.4117647058823529 0.3568627450980392 0.3529411764705883
v 0.8682598085227565 0.6171664852312631 12.0728697819708923 0.207843137254902 0.207843137254902 0.2431372549019608
v 3.0692859432186705 1.0114536629714492 9.1027057629428718 0.1607843137254902 0.1568627450980392 0.1843137254901961
v 2.1801956719138222 -6.4274852842683536 38.6239555015142244 0.1490196078431373 0.1019607843137255 8.235294117647059e-002
v 2.6204191142979028 -2.9854962606698017 27.0071200673902965 0.1764705882352941 0.2 0.2352941176470588
v 12.8974122827507891 -8.7713829691840850 45.4928812633893287 0.5725490196078431 0.5215686274509804 0.5137254901960784
v 33.8782742845570510 11.0970415915013660 52.5458638220221204 0.7686274509803922 0.6784313725490196 0.6588235294117647
v -20.8323528813282586 0.5322620291357075 15.3028801049901979 0.3607843137254902 0.3294117647058823 0.3254901960784314
v -12.7375241164023087 -4.8123106068689081 12.9981985918291780 0.5843137254901961 0.1254901960784314 0.1176470588235294
v 3.8397500880703683 -1.2056483039538592 17.0982034475918212 0.6784313725490196 0.5568627450980392 0.4784313725490196
v 3.1106254551892820 -1.5236674866045765 16.6323667837895783 0.6 0.4823529411764706 0.4156862745098039
v -3.3667757179157225 -1.7892403990991588 19.1950677845328883 0.1803921568627451 0.1921568627450981 0.2156862745098039
v -17.9387291812826675 1.0862176074064851 4.4487003163810943 7.450980392156863e-002 0.1490196078431373 5.882352941176471e-002
v -13.7943755457782693 -5.1378985664908265 11.8279563976957061 0.5764705882352941 0.1372549019607843 0.1254901960784314
v -13.7135129606000241 -4.9947183929929393 12.2873086599146255 0.6901960784313725 0.2117647058823529 0.207843137254902
v -19.8972982772287281 -0.0960392881446182 8.0106162551971423 0.1019607843137255 0.1686274509803922 6.666666666666667e-002
v -21.1615721698959298 -3.3190602016966553 15.9361029345989369 0.3647058823529412 0.2745098039215687 0.3058823529411765
v 3.2805023819050718 -2.5903871805544858 22.6814083036536900 0.6039215686274509 0.5411764705882353 0.5019607843137255
v -19.6547861286374896 1.1840381533522042 4.1353229329027563 7.450980392156863e-002 0.1490196078431373 4.313725490196078e-002
v -15.5677491131433818 -2.5382128942840545 11.0102983657310620 0.2784313725490196 0.2352941176470588 0.2588235294117647
v 3.4365101408564853 -2.7379422345026008 23.5051081571165597 0.6078431372549019 0.5098039215686274 0.4666666666666667
v -13.3232169820243129 4.1834862272000670 12.1756719574380128 0.3411764705882353 0.3137254901960784 0.2549019607843137
v -16.0109893708281383 1.3944634709138883 2.5364591927065514 0.4509803921568628 0.4862745098039216 0.3490196078431372
v -12.2328385874299208 -5.0641439752116248 12.6942685669960671 0.611764705882353 0.4313725490196079 0.4235294117647059
v 1.3862598082305271 -4.9569377741641123 30.3658214017423660 0.1450980392156863 0.1764705882352941 0.2196078431372549
v 0.4004984910592342 -2.6840165620680629 26.4608892644213682 0.1568627450980392 0.1843137254901961 0.2196078431372549
v 30.4931540602028868 -1.3832814374486839 56.1678665882416794 0.8392156862745098 0.8156862745098039 0.8313725490196079
v 36.2209126731491935 5.4384487363204723 53.9943736034915247 0.6705882352941176 0.6196078431372549 0.5725490196078431
v -11.6773239109810980 -3.4774251256806066 11.6887481133632303 0.6352941176470588 0.6039215686274509 0.6549019607843137
v -14.9764816630111817 -3.0489016064593226 10.9984569715652576 0.4313725490196079 0.3490196078431372 0.3450980392156863
v 4.6419448268797856 -6.8385149762037258 40.2488729801130276 0.207843137254902 0.1490196078431373 0.1137254901960784
v 3.4889813953697533 -0.3384202616064452 14.1821443369150089 0.4431372549019608 0.3568627450980392 0.3254901960784314
v -19.6223281890291794 -0.2787784542697509 14.9096272250999640 0.2274509803921569 0.2156862745098039 0.2313725490196079
v -0.1670889272982354 -0.7234404049512706 16.8009606748722646 0.2666666666666667 0.2705882352941176 0.3137254901960784
v -13.6997754374361804 -3.9527390061058760 11.9056479355988927 0.1725490196078431 9.411764705882353e-002 0.1058823529411765
v -15.7235401925246414 -0.5184076574841747 11.8105446011727597 0.1294117647058824 0.1803921568627451 0.1098039215686274
v -18.3526497931647832 -0.1208447289617962 8.5994903017112225 0.207843137254902 0.2823529411764706 0.1607843137254902
v -13.9238153069464374 -4.8757592362038347 11.8784279778314392 0.4862745098039216 3.529411764705882e-002 3.137254901960784e-002
v -17.5275782553106296 -3.6629413643735047 13.5612577179022065 0.4549019607843137 0.3843137254901961 0.4156862745098039
v -13.5612325569765133 -4.9164565446604263 12.8784090221321073 0.596078431372549 0.2431372549019608 0.2313725490196079
v -13.4434131321687893 -4.9173288768806316 12.7121604308326308 0.592156862745098 0.1843137254901961 0.1725490196078431
v 2.5136291591723454 -2.1079665689360416 20.9444348914967335 0.2823529411764706 0.2941176470588235 0.3254901960784314
v 4.1078667594217517 -0.2962868432298865 17.5024437950912457 0.4549019607843137 0.396078431372549 0.3843137254901961
v 1.3977739746355839 -3.3460776496807654 30.4922510641436517 0.1607843137254902 0.196078431372549 0.2313725490196079
v -13.4808036483346569 -4.8558408190641513 11.1788329812907623 0.4156862745098039 2.352941176470588e-002 1.568627450980392e-002
v 2.7909925731054650 -0.0883891619386530 13.9318767656613325 0.2274509803921569 0.2235294117647059 0.2627450980392157
v -21.5572876445762773 -3.3050979684333353 16.9365139268389697 0.4862745098039216 0.403921568627451 0.396078431372549
v -20.6172383329129403 -3.5477926068670653 16.0817980999815333 0.2901960784313726 0.2 0.2666666666666667
v 4.0205295885717183 -4.4022123875615762 31.3361004478735765 0.6392156862745098 0.5490196078431373 0.5019607843137255
v 4.1757562654443285 -7.2183142532242925 38.6827992850693647 0.1686274509803922 0.1254901960784314 0.1019607843137255
v 3.3780903389398791 -3.5967249822463883 27.3864560900873641 0.5607843137254902 0.4784313725490196 0.4392156862745098
v 30.0075680259672382 4.8828930746104939 49.2555353112282361 0.6235294117647059 0.5490196078431373 0.5137254901960784
v 13.1019394064751147 -7.8357186229215596 45.6512562827021782 0.8235294117647058 0.7568627450980392 0.7686274509803922
v 3.1272099834742391 -3.4975871995192298 24.2187920643827326 0.6039215686274509 0.5058823529411764 0.4549019607843137
v 2.7999292621645799 -0.2346597533669720 13.4466205676796005 0.2392156862745098 0.2313725490196079 0.2666666666666667
v 25.9868506998640569 5.3187264183887502 56.6685781251672083 0.8 0.7647058823529411 0.7333333333333333
v 3.4106364670499456 -1.9913725622909333 21.0007797343023128 0.5882352941176471 0.4980392156862745 0.4588235294117647
v 4.4815013081654307 -5.9825061548574734 38.4795594860126684 0.2784313725490196 0.2 0.1568627450980392
v 3.3722676019415485 -2.8790826275703614 23.9402795966176996 0.5882352941176471 0.4901960784313725 0.4509803921568628
v -13.4311957031627571 -1.7872469103701161 9.4531085702649769 0.1803921568627451 0.1450980392156863 0.1882352941176471
v -13.7371942898557045 -3.4566572611896138 15.5396103464664215 0.4745098039215686 0.4 0.4705882352941176
v 3.7980544262582243 -2.0510925909882110 23.2771228471764218 0.5294117647058824 0.4705882352941176 0.4588235294117647
v 3.2382607176004998 -0.2295043548556798 13.6239835360955190 0.3058823529411765 0.2627450980392157 0.2627450980392157
v -21.5128360256475872 6.5540614775939945 1.8080034795601396 0.2156862745098039 0.2509803921568627 0.1764705882352941
v 22.9964996082906872 5.3243224916355691 55.7907630426115162 0.592156862745098 0.5490196078431373 0.5568627450980392
v -12.5807289011072854 -3.8139234991623701 11.3558912143377846 0.2784313725490196 0.2156862745098039 0.2313725490196079
v 2.8395935776862444 0.2203833871873300 13.2963290101797860 0.196078431372549 0.1921568627450981 0.2313725490196079
v -20.6753032010023823 -3.5509411364300449 16.7678121211016702 0.3019607843137255 0.2156862745098039 0.2705882352941176
v 28.1888793269044697 -2.7558668606586352 51.5367243092794354 0.8901960784313725 0.8784313725490196 0.8980392156862745
v 21.3019245913404731 -2.9393048244416766 53.0279583009072297 0.8980392156862745 0.796078431372549 0.8588235294117647
v 20.7761847733114671 -5.3801183352434911 52.2188562833133432 0.8901960784313725 0.792156862745098 0.8431372549019608
v -15.5374385350765394 -2.4877490938405860 10.6345958080080489 0.3294117647058823 0.2862745098039216 0.3058823529411765
v -19.9556471213765114 -0.6888084477801317 14.3145982527700291 0.2274509803921569 0.2156862745098039 0.2235294117647059
v -0.2346087610745116 0.6178186581831158 12.2808202545418528 0.1568627450980392 0.1647058823529412 0.203921568627451
v 3.3611184928876354 -3.3464773310665539 24.7153923355114742 0.5686274509803921 0.4666666666666667 0.4156862745098039
v -19.2808430667870354 -3.6008224882420370 16.5816607583097380 0.2666666666666667 0.1803921568627451 0.2470588235294118
v 2.6382736682100005 -1.2026477572016749 17.7888761446245169 0.207843137254902 0.207843137254902 0.2431372549019608
v 3.7761131307157592 -0.0507067513479498 12.3250866905268541 0.4156862745098039 0.2901960784313726 0.207843137254902
v 3.6877767363153153 0.3398736548590262 10.9736569197547809 0.3215686274509804 0.2196078431372549 0.1568627450980392
v -1.1623399422621816 0.6836649679062191 13.6050883660792845 0.1450980392156863 0.1568627450980392 0.196078431372549
v 3.2755237726898403 -1.1096211082701535 16.5400207457013195 0.4862745098039216 0.3843137254901961 0.3333333333333333
v -2.1136450183133331 2.1003618847184060 11.2673616447812019 0.1725490196078431 0.1803921568627451 0.2156862745098039
v -1.9527142876223511 1.8085219421112404 11.6796285669511377 0.1294117647058824 0.1372549019607843 0.1725490196078431
v 3.3981987400553773 1.2435377543883426 7.1247838979513283 0.2156862745098039 0.1294117647058824 8.235294117647059e-002
v 3.2273067577422725 1.2148298140466589 6.3977249566076564 0.2117647058823529 0.1294117647058824 8.627450980392157e-002
v -21.5916289491606221 2.0740563434636994 8.6005788530381597 0.4705882352941176 0.596078431372549 0.3254901960784314
v 4.0517665015260240 -0.1239870671569748 15.9770928639449004 0.3529411764705883 0.2313725490196079 0.1411764705882353
v 2.6206649460216291 -2.7193097049948101 15.1178498848948255 0.5803921568627451 0.4470588235294118 0.3372549019607843
v -12.4815798028304457 -4.4452169549405598 10.7282666005065028 0.3215686274509804 0.2549019607843137 0.3058823529411765
v -11.8306083238615223 9.8789530203623812 4.4489378421356278 0.3529411764705883 0.392156862745098 0.3764705882352941
v 2.8367713739054041 -0.8219516974095762 11.2066783507456389 0.2901960784313726 0.1725490196078431 9.019607843137255e-002
v -13.1467844344789100 -5.2704932312434627 11.2825136970360198 0.5843137254901961 7.058823529411765e-002 6.666666666666667e-002
v 2.6941858088712571 -2.6457630143237392 20.9891099566190178 0.2666666666666667 0.2274509803921569 0.207843137254902
v 40.4614405901238285 31.3268724868123627 59.0318580033107025 0.7803921568627451 0.7019607843137254 0.6784313725490196
v 2.2462820948100108 -0.6023032495214324 8.6701743703187546 0.203921568627451 0.1333333333333333 9.411764705882353e-002
v -22.5203184137909744 0.7782348311469582 11.1586955329376369 0.2 0.2705882352941176 0.1058823529411765
v 3.5580270895772572 -2.7216515816141111 21.8159438248648954 0.5215686274509804 0.396078431372549 0.2941176470588235
v 43.5422657621619678 36.1650320440434641 57.0869083595586275 0.7254901960784313 0.6705882352941176 0.6470588235294118
v -20.4541496554815652 -3.6655913364827946 16.0910934252636331 0.3372549019607843 0.2509803921568627 0.3254901960784314
v -9.1481523023197013 -1.7239856858645306 -0.1881385228957418 0.6549019607843137 0.6196078431372549 0.6235294117647059
v -9.0578572299109723 -1.8633414334997187 0.5972451100721684 0.6549019607843137 0.6235294117647059 0.6274509803921569
v -32.0591695680901410 -2.0357301999080093 18.6950232966090653 0.615686274509804 0.5803921568627451 0.5764705882352941
v -21.7101975818254473 1.0643865185544379 9.5934154967101559 0.4196078431372549 0.5372549019607843 0.2745098039215687
v -18.3373780400265716 -1.1343542318371407 13.0788337592776678 0.2941176470588235 0.2823529411764706 0.2862745098039216
v 3.5136323435911985 -0.7552066527498120 14.3163418444947421 0.3764705882352941 0.2431372549019608 0.1411764705882353
v 3.4549922242140774 -0.5666291270844659 13.5903163238604030 0.3333333333333333 0.2117647058823529 0.1254901960784314
v -18.9775510022431888 0.4169005798787271 5.1763385236450130 0.1686274509803922 0.2431372549019608 7.843137254901961e-002
v -22.9684830843534904 3.4232949975100917 5.2483456397819994 0.5411764705882353 0.6549019607843137 0.3803921568627451
v -15.7160654205330559 -3.4877838783352813 17.0090031989187906 0.5294117647058824 0.4705882352941176 0.5411764705882353
v 3.2022396580381352 -0.9733688557806348 17.3386281703444212 0.2274509803921569 0.203921568627451 0.2
v 2.7426125794208689 -1.8895861390017370 18.9609028213849484 0.2274509803921569 0.2156862745098039 0.2235294117647059
v -20.4483125766626017 0.4410421370601897 15.3824241837416231 0.2823529411764706 0.2627450980392157 0.2666666666666667
v -12.4090128446632058 -3.6017356950551660 12.1852540651896231 0.2117647058823529 0.1098039215686274 0.1411764705882353
v -20.5918366711135192 -0.0002460696152330 15.2395015221886378 0.2313725490196079 0.2196078431372549 0.2313725490196079
v 1.6276124352410846 -0.8430775858362642 17.8441607018000212 0.1450980392156863 0.1686274509803922 0.207843137254902
v 4.1892240269997565 -2.8866013105719359 26.3757054907874462 0.4705882352941176 0.392156862745098 0.3372549019607843
v -21.7738399472635500 -0.1076676693886998 14.8385092886533823 0.3490196078431372 0.2980392156862745 0.3254901960784314
v -13.4814610968957993 -4.8450532648631768 12.4829224987966878 0.615686274509804 8.627450980392157e-002 8.235294117647059e-002
v 2.7101494589645347 -1.2207676438189858 16.3629175742188160 0.2784313725490196 0.2588235294117647 0.2784313725490196
v -22.6088638452743425 -0.4967505880427450 16.3778749737512861 0.6235294117647059 0.5647058823529412 0.5450980392156862
v 2.2454734962050078 -0.6710683511785940 12.1387253418179935 0.1254901960784314 0.1294117647058824 0.1607843137254902
v 2.5969943328201901 -3.3052888461939327 25.7403727969996012 0.1686274509803922 0.2 0.2235294117647059
v -0.3350755578209733 1.7699660286190322 5.7586371237799012 6.666666666666667e-002 7.450980392156863e-002 0.1019607843137255
v -15.3937617017875326 -1.7465473642785405 10.3632160958598547 0.2196078431372549 0.2156862745098039 0.2196078431372549
v 3.5465170849932810 -1.6246578276984345 18.3680437467899864 0.4588235294117647 0.3215686274509804 0.2156862745098039
v 2.9944201026010377 -1.1086768315907034 14.1006874439478000 0.3568627450980392 0.2392156862745098 0.1568627450980392
v 4.2847289130923816 -1.3927776476274576 18.8451675757235648 0.615686274509804 0.4784313725490196 0.3803921568627451
v -19.7912279832126394 -0.9359218673924157 14.0800823370338346 0.2431372549019608 0.2274509803921569 0.2392156862745098
v -19.7725604264456152 -0.7407114528988596 14.2982707063857752 0.3294117647058823 0.3019607843137255 0.3098039215686275
v -19.8729809517367855 -3.4799621506418692 16.3028546328087351 0.4235294117647059 0.3411764705882353 0.3843137254901961
v -13.7244847966612120 -3.2441331566802551 15.9093200062104021 0.3254901960784314 0.2627450980392157 0.3568627450980392
v -16.4391362080336343 -3.0682547434724050 15.6652963035777351 0.5254901960784314 0.4431372549019608 0.5019607843137255
v -14.5206536787504419 1.3637079944867758 10.5821644231203784 0.1450980392156863 0.1843137254901961 0.1450980392156863
v -10.3468690085554158 -7.6011400239280231 16.0642272992927495 0.6274509803921569 0.5882352941176471 0.5803921568627451
v -22.9857442060143775 2.1871848053684015 4.7496041664412463 0.5254901960784314 0.6352941176470588 0.3607843137254902
v 2.9998395400266524 -1.6104347356651363 20.4600373743374533 0.1921568627450981 0.203921568627451 0.2352941176470588
v 3.2521683186520787 1.2270493958823394 6.4041612831000618 0.2 0.1254901960784314 9.019607843137255e-002
v 3.4239895632864092 2.1618785761954400 3.3602433063715784 0.2156862745098039 0.1333333333333333 8.235294117647059e-002
v 3.6485268673039730 1.8365092208556826 5.1547543401779361 0.2745098039215687 0.1568627450980392 8.235294117647059e-002
v -10.3172439187793934 2.3490375956264682 1.7979629170380598 0.6588235294117647 0.6235294117647059 0.6196078431372549
v 3.9020145473015364 3.4976065808498893 1.4717373190141121 0.1254901960784314 0.1019607843137255 8.627450980392157e-002
v 2.9842491982075576 -3.5264943574364738 26.2732294834846059 0.3803921568627451 0.3372549019607843 0.3098039215686275
v -10.2837566632920279 2.2983969920880924 2.0490725710338866 0.6588235294117647 0.6235294117647059 0.6196078431372549
v -10.5413283858955467 1.7629288512986205 4.5879087535432612 0.6549019607843137 0.6274509803921569 0.6274509803921569
v -9.6044288122356924 2.2938095688115370 1.2567272679051669 0.6588235294117647 0.6235294117647059 0.6235294117647059
v 2.5455284029256693 -0.5648722188140740 13.5345094311934613 0.1490196078431373 0.1490196078431373 0.1803921568627451
v -12.1610360343519694 6.5223028196451214 3.1823900149635977 0.5607843137254902 0.5686274509803921 0.5568627450980392
v -12.3661459618492415 -3.4729787494070026 12.8764097962098969 0.2470588235294118 0.1058823529411765 0.1215686274509804
v 2.7380168843510435 -0.0954084635136359 13.2855224675016999 0.1176470588235294 0.1294117647058824 0.1647058823529412
v -21.7918175273523502 -2.1268298229630824 14.6971887823167489 0.3568627450980392 0.2980392156862745 0.3333333333333333
v -18.5505309417177671 0.2807447161780885 9.0340601357379811 7.450980392156863e-002 0.1176470588235294 6.274509803921569e-002
v -15.2781192422109591 -1.3315336741693855 10.3462824892677165 0.2117647058823529 0.2196078431372549 0.203921568627451
v 2.4999190353651812 1.4123394927422381 2.0176962074101259 0.1803921568627451 0.1215686274509804 8.235294117647059e-002
v -16.4394530913167181 -3.1464038143881057 17.3630529168795178 0.3803921568627451 0.3058823529411765 0.3490196078431372
v -20.8999266361928839 0.3842726228069567 12.3034670010511764 0.196078431372549 0.2784313725490196 0.1137254901960784
v 3.6959135013684761 0.3986396620388639 10.9590845454002199 0.2784313725490196 0.1725490196078431 0.1019607843137255
v -18.1906636667835429 -1.3459124314234283 7.1209954972697238 0.2823529411764706 0.3725490196078431 0.196078431372549
v 3.2666156547186804 -0.9018233733649492 16.0493013118202619 0.3098039215686275 0.2352941176470588 0.1882352941176471
v 2.7688178742118188 -0.0842906452564995 13.5962556871018130 0.1137254901960784 0.1294117647058824 0.1607843137254902
v 3.7759956576543403 -1.4277470226488673 20.2478689777770384 0.407843137254902 0.3058823529411765 0.2313725490196079
v -17.9109122688298505 -3.2865209414533405 15.6496700779658919 0.4666666666666667 0.3803921568627451 0.4235294117647059
v 3.3889092260283231 2.5007395283957057 1.5681882559817477 0.2352941176470588 0.1411764705882353 7.843137254901961e-002
v -14.8172996924151690 -3.5517142777650887 14.3962009657756713 0.5529411764705883 0.4745098039215686 0.5490196078431373
v 3.1565777049051365 1.4378095184141957 7.9841511067410726 7.058823529411765e-002 7.843137254901961e-002 0.1058823529411765
v -13.7470573378371377 -4.4206474024150531 13.2859758314306742 0.5176470588235295 8.235294117647059e-002 0.1019607843137255
v 3.2456885274160974 -2.9146009468472975 23.1097347185480260 0.4470588235294118 0.3333333333333333 0.2705882352941176
v -16.6553476521868085 3.3486567031020060 10.4257173266603562 0.1137254901960784 0.1686274509803922 0.1019607843137255
v -21.6739470006199220 -0.3865578402765615 14.5812389159291627 0.3333333333333333 0.2862745098039216 0.3137254901960784
v 3.1843367674755574 -1.7209552061374096 18.8616200864410644 0.4 0.3098039215686275 0.2549019607843137
v 2.5814134898168275 -0.4693096529016684 15.5486128463926008 0.1450980392156863 0.1607843137254902 0.2
v 2.7510595364476331 0.5086776129777608 9.7586866086159372 9.803921568627451e-002 9.803921568627451e-002 0.1215686274509804
v -19.6013934282555446 1.3463842479660610 7.2634111136690365 0.4862745098039216 0.6274509803921569 0.3568627450980392
v 3.1493826102218669 1.7303451721295022 4.7951185949432302 0.1294117647058824 9.803921568627451e-002 9.019607843137255e-002
v -2.5052570005770014 1.4274744423087444 10.8314404529662269 9.019607843137255e-002 0.1058823529411765 0.1372549019607843
v -12.7333502495817790 -4.6876984793507503 11.9194503723810801 0.5411764705882353 5.490196078431372e-002 5.098039215686274e-002
v 43.7922360689642360 31.4759910156349214 55.1099183761290377 0.8235294117647058 0.7607843137254902 0.7450980392156863
v -19.5384893055426154 0.8490912339322101 7.4036506097563057 0.4313725490196079 0.5568627450980392 0.2823529411764706
v 3.6219071774557112 2.1741746796450578 3.2365111894232195 0.3019607843137255 0.1843137254901961 0.1019607843137255
v 3.2805224469145946 1.5729610319197567 4.8557366587570989 0.2352941176470588 0.1411764705882353 8.235294117647059e-002
v 3.2613183473969571 -2.6352753150655035 22.6455039293024711 0.407843137254902 0.3176470588235294 0.2549019607843137
v 1.4069940709483890 -0.5657042712103424 16.5963464986167182 0.1490196078431373 0.1686274509803922 0.207843137254902
v -17.5562289869864259 -4.4657139382047895 17.4782296412209988 0.4784313725490196 2.352941176470588e-002 1.568627450980392e-002
v 3.5293314840799139 -2.2736871108135928 21.8556945265998834 0.4352941176470588 0.3215686274509804 0.2509803921568627
v 3.2240651603326058 1.8966039010114772 2.9118390156497611 0.2509803921568627 0.1529411764705882 8.627450980392157e-002
v 3.6630983910730377 -1.3558449038385578 18.3067768108818498 0.4509803921568628 0.3215686274509804 0.2235294117647059
v 2.5071845930492613 -0.2302056558367486 12.6725803137052733 0.1058823529411765 0.1176470588235294 0.1490196078431373
v -8.4279433542492335 0.6481247013461628 14.0778414536406693 0.2235294117647059 0.207843137254902 0.2666666666666667
v 3.4436109980720477 1.7181522332742523 4.7787175246616878 0.2588235294117647 0.1490196078431373 7.843137254901961e-002
v 1.5507778708958571 0.3319532339539663 11.5827773276944477 9.411764705882353e-002 0.1098039215686274 0.1411764705882353
v 2.5532761164335422 -1.0138837305188224 16.9375838453348706 0.1450980392156863 0.1607843137254902 0.203921568627451
v 3.5174890804452170 1.6389888982925782 5.9204361236844791 0.2549019607843137 0.1490196078431373 8.627450980392157e-002
v 3.3911564573716602 -2.0407826525659765 23.3238962542447013 0.2509803921568627 0.2431372549019608 0.2549019607843137
v 3.6493579024175218 0.4117208744109755 10.7818299360371395 0.2784313725490196 0.1764705882352941 0.1058823529411765
v 2.9811849451590282 -1.5163900318055845 20.6964927201525768 0.1647058823529412 0.1803921568627451 0.2196078431372549
v 3.1391104930940514 0.1280963145719022 10.9167037271866860 0.2 0.1411764705882353 0.1176470588235294
v 3.5055176440030471 -1.1677188692669960 20.4974204376477047 0.2274509803921569 0.2196078431372549 0.2352941176470588
v 2.3753054370970346 -3.8344286339690292 27.3232502275702487 0.1450980392156863 0.1803921568627451 0.2117647058823529
v 2.7456631198886274 -1.3724624468431967 18.9072864108294283 0.1607843137254902 0.1764705882352941 0.2156862745098039
v -21.4403104653291656 0.7241663965439504 10.1769521922421475 0.1725490196078431 0.2627450980392157 9.803921568627451e-002
v 3.8195506744470862 -2.0481557686268079 21.6312221450441982 0.4666666666666667 0.3450980392156863 0.2588235294117647
v -20.9579997188207194 0.2568967389041550 12.1452908413885599 0.1921568627450981 0.2745098039215687 0.1098039215686274
v 25.2700818468369448 11.5370597879512822 57.5124934869198512 0.4392156862745098 0.3803921568627451 0.3647058823529412
v 3.4387754929454748 -1.3007974484204372 17.9574293532564653 0.4117647058823529 0.3137254901960784 0.2431372549019608
v 2.6252542219874924 -0.1847973858855554 13.6030733180328589 0.1176470588235294 0.1294117647058824 0.1607843137254902
v 2.9673405835820934 -0.1940128839956816 14.4239426254838090 0.1294117647058824 0.1372549019607843 0.1686274509803922
v 3.4945592484212007 -1.0534512553948789 17.8099612197644888 0.3764705882352941 0.2901960784313726 0.2392156862745098
v 34.4035113515899766 8.5923369497389448 52.2460337129028289 0.8117647058823529 0.7372549019607844 0.7098039215686275
v -29.1992351668772585 6.6647710622866727 10.4660882506720405 0.2549019607843137 0.207843137254902 0.1647058823529412
v -2.7510808751332601 1.4526086737125163 9.8606915309509340 0.1450980392156863 0.1529411764705882 0.1843137254901961
v 2.5227882436211320 1.1137246519504063 7.4593896395388937 0.1098039215686274 0.1137254901960784 0.1490196078431373
v -1.5679797412439171 0.4832916967228795 13.4831072604662978 0.1333333333333333 0.1450980392156863 0.1843137254901961
v 1.7727725575892337 -0.5057118726689054 14.5397848933786289 0.196078431372549 0.2 0.2352941176470588
v 2.2306707409872040 -0.3966926316425294 13.4693001381962798 0.1764705882352941 0.1764705882352941 0.2156862745098039
v 2.9571764730629284 -3.3728536705716712 23.0538921350077501 0.5411764705882353 0.4431372549019608 0.3843137254901961
v 2.2823897770503558 -1.1211932860877163 16.0267549286275823 0.207843137254902 0.2156862745098039 0.2549019607843137
v 2.4808020840658256 -0.5685613909864682 13.9112885460997777 0.1843137254901961 0.1843137254901961 0.2235294117647059
v 3.2147277888710479 1.6106095012202319 5.7498865494622695 0.1372549019607843 0.1098039215686274 0.1019607843137255
v 3.7170140205137701 -1.0302561754811581 17.6793345137245694 0.5019607843137255 0.3843137254901961 0.3098039215686275
v 2.6447187894201285 -0.5386442475656208 13.3273442737079097 0.1803921568627451 0.1686274509803922 0.196078431372549
v 2.5726740861373085 0.2290938883136312 11.2599664552270848 0.1333333333333333 0.1372549019607843 0.1647058823529412
v 2.5370472951159475 0.3225391530622931 10.1649354816506374 0.1333333333333333 0.1333333333333333 0.1607843137254902
v 1.7134647371890241 -0.3274479431895329 14.4830370284419363 0.1921568627450981 0.2 0.2313725490196079
v 2.5386640724745844 -1.2468944564681836 16.4363039654407643 0.2235294117647059 0.2196078431372549 0.2509803921568627
v 2.8614050768047488 -0.1936498449644418 11.6260874020416818 0.2274509803921569 0.1882352941176471 0.1921568627450981
v 2.9375141216078000 -0.0793371603465088 11.4426573865978209 0.2196078431372549 0.1803921568627451 0.1843137254901961
v 2.4506309220252924 -0.0198428023486947 10.6164722061613990 0.1333333333333333 0.1333333333333333 0.1607843137254902
v 2.7281480397062814 0.4633244143485907 9.9464311602857940 0.1333333333333333 0.1294117647058824 0.1568627450980392
v 2.6362310138420275 -1.2869263845622965 17.0908387747504875 0.2392156862745098 0.2431372549019608 0.2745098039215687
v 2.9680957723973567 -1.1234816340847043 16.1791791906156099 0.3529411764705883 0.2980392156862745 0.2862745098039216
v 3.5561410240968563 -2.2853017902180284 22.0203768323651659 0.5686274509803921 0.4549019607843137 0.396078431372549
v 3.3232699815659372 -0.7037972399425405 13.0821036277567391 0.4470588235294118 0.3137254901960784 0.2274509803921569
v 3.0242025824824919 -0.5249279331381940 13.9335126979761981 0.2823529411764706 0.2392156862745098 0.2352941176470588
v 2.8261126860622570 0.0786719155065559 12.9468026792558248 0.1647058823529412 0.1647058823529412 0.196078431372549
v 2.8501204143647052 0.2179392486705339 11.6705364419733755 0.1921568627450981 0.1843137254901961 0.2196078431372549
v 2.6343361813371127 -0.0759405254928226 11.8795043767188524 0.1529411764705882 0.1490196078431373 0.1803921568627451
v 3.5633095659198468 -1.6804480885875617 18.1454830871722592 0.6 0.4509803921568628 0.3607843137254902
v 2.6836385443894160 0.3241767109197184 10.1829446514268351 0.1411764705882353 0.1372549019607843 0.1647058823529412
v -15.3583414007779950 -3.4597561153100962 17.7675974200468332 0.4901960784313725 0.4352941176470588 0.4705882352941176
v -13.0437128610768376 -4.9849495977926308 11.6187179200705923 0.5686274509803921 5.098039215686274e-002 4.313725490196078e-002
v 3.0697187646498079 2.4356196462281754 1.0005810642517639 0.1568627450980392 0.1137254901960784 8.235294117647059e-002
v 3.6692302188906076 2.0874370989280040 3.5454189966562764 0.2823529411764706 0.1647058823529412 8.627450980392157e-002
v 2.9095043453614085 1.5762893297943206 4.2433734196700588 0.1294117647058824 9.803921568627451e-002 9.019607843137255e-002
v 3.4786174778456393 1.8099677753576315 3.2784825645461759 0.3333333333333333 0.2156862745098039 0.1372549019607843
v 47.6561419784352083 35.8718896275563353 57.2301648351714576 0.7803921568627451 0.7294117647058823 0.7098039215686275
v 2.2874699750044218 -2.0633556680309599 16.3094067893070829 0.3411764705882353 0.2862745098039216 0.2588235294117647
v -21.1238265096208622 0.1226991341749629 14.2146887727855482 0.4117647058823529 0.3686274509803922 0.3647058823529412
v 3.0722492761505364 1.6246836838601835 4.0328793693403160 0.2 0.1294117647058824 8.627450980392157e-002
v 3.2812857520250280 1.3499064430680885 6.1317428011017361 0.196078431372549 0.1215686274509804 8.627450980392157e-002
v -20.3997512307071140 -3.5802109223498730 16.5613952232853521 0.3647058823529412 0.2862745098039216 0.3490196078431372
v 3.8018999775855655 0.8766198027711473 8.1056994857401197 0.2784313725490196 0.1647058823529412 9.019607843137255e-002
v -17.6572686215326975 -2.3419686653829555 12.2663774790020774 0.2627450980392157 0.2352941176470588 0.2431372549019608
v -19.5316073199179847 2.6698279583810542 4.7101539377601167 0.2705882352941176 0.3647058823529412 0.1372549019607843
v -26.5637519497453773 1.7136637701002209 6.9845770595502064 0.5215686274509804 0.4588235294117647 0.4
v -21.1065975908088816 0.4176950431824151 12.5842361499929947 0.2117647058823529 0.2666666666666667 0.1294117647058824
v 4.2131647205118075 -0.5371351351249720 19.9964069632775789 0.3764705882352941 0.3254901960784314 0.3058823529411765
v -19.3154171025952515 1.2475103342648430 3.2825081982683235 0.1607843137254902 0.2392156862745098 8.627450980392157e-002
v -13.1003200717448216 -2.5551368723029340 10.0492472158749919 0.2392156862745098 0.1843137254901961 0.2117647058823529
v -12.6577808106205687 -3.9045025648818905 11.5159323196780736 0.1803921568627451 0.1176470588235294 0.1333333333333333
v -21.5086132671554502 -1.1677757366194836 4.9414199132683558 0.5019607843137255 0.6274509803921569 0.3411764705882353
v 2.3497802217246240 0.3510947354561126 8.2101227037590778 9.803921568627451e-002 9.803921568627451e-002 0.1254901960784314
v -19.4064169676809577 1.0800124981929591 3.9202794690169083 0.1333333333333333 0.2117647058823529 7.058823529411765e-002
v -18.3483379426252355 -0.4460167880016824 4.0274974930443435 0.3882352941176471 0.4901960784313725 0.2784313725490196
v -13.7506187578115977 -4.9886114814814411 11.6393471935602708 0.5294117647058824 3.529411764705882e-002 2.352941176470588e-002
v 2.8629191798723586 -0.2600908968472320 11.7321798040723664 0.2117647058823529 0.1686274509803922 0.1647058823529412
v 22.1266985537364604 3.6592161065256530 55.3522869418113785 0.6666666666666666 0.6627450980392157 0.7098039215686275
v 46.8070513788946840 36.4016469434422660 57.7114329255556413 0.7529411764705882 0.6980392156862745 0.6784313725490196
v -20.1995804714174767 0.2113511612498500 10.9842672408363899 0.1372549019607843 0.2274509803921569 7.843137254901961e-002
v -13.6889502867052748 -3.5504976799502517 11.4626868038732628 0.3803921568627451 0.2862745098039216 0.2784313725490196
v -17.7981835485787272 -1.0002261353040383 12.8896548530173582 0.2392156862745098 0.2431372549019608 0.2392156862745098
v -18.8832997511163576 -2.6315789414830277 12.2620419198184383 0.2745098039215687 0.2352941176470588 0.2588235294117647
v -18.9380701595860437 -2.7243522145429848 12.6400739866852447 0.2862745098039216 0.2431372549019608 0.2549019607843137
v -19.0730573858279655 1.0106085123148685 6.1637472626791769 0.3686274509803922 0.4823529411764706 0.2470588235294118
v -14.2988239773511019 -3.7320238214419934 14.8566719360256378 0.2470588235294118 0.1725490196078431 0.2549019607843137
v -21.1483160661259575 -1.0301069564264547 14.6009998924098987 0.2627450980392157 0.2274509803921569 0.2627450980392157
v -21.5863745777947393 -3.2797749377788179 16.6658693774449276 0.4666666666666667 0.3882352941176471 0.4117647058823529
v -22.9466143822151203 2.3206686198942719 9.1094728356102976 0.5333333333333333 0.6431372549019608 0.3764705882352941
v -19.5090868661448233 -3.4829464945163924 16.7106565541613818 0.4588235294117647 0.3411764705882353 0.403921568627451
v -13.5234858413740611 -4.9554152224336869 12.2350109806281626 0.592156862745098 6.666666666666667e-002 5.490196078431372e-002
v -15.8167026002233015 -3.7454856240656405 16.8431072361691605 0.4784313725490196 0.4196078431372549 0.4745098039215686
v 3.9981458404771115 0.3719369730920177 12.5548745983793903 0.3137254901960784 0.207843137254902 0.1333333333333333
v 41.1475042529147643 29.1626590122357179 56.6123829174488051 0.8117647058823529 0.7294117647058823 0.7137254901960784
v -16.7081885121426765 -3.3784407358178790 13.6981874057388087 0.5019607843137255 0.4235294117647059 0.4705882352941176
v -12.9695669467184622 -2.6759271387482162 9.6480831459684619 0.2470588235294118 0.196078431372549 0.2274509803921569
v 2.6844645934610600 -0.4829883914341224 12.8573540613773485 0.1607843137254902 0.1568627450980392 0.1882352941176471
v -22.0119442040979223 0.8680428032153725 13.1523786406398724 0.4862745098039216 0.4745098039215686 0.3764705882352941
v -20.8201113873471719 3.3078146793801695 3.6958812247432080 9.803921568627451e-002 0.1529411764705882 7.843137254901961e-002
v -22.1266760859145890 1.6640602939166844 14.2619462972412645 0.4352941176470588 0.4431372549019608 0.3215686274509804
v -20.7740207112034803 1.1952786581930814 8.8246925916162464 0.4588235294117647 0.5882352941176471 0.3019607843137255
v 2.5549546577567557 0.1481224891202200 11.8328311638694625 0.1607843137254902 0.1607843137254902 0.196078431372549
v 2.5781340287764829 -1.4148860689477223 16.6778020755238074 0.2509803921568627 0.2352941176470588 0.2588235294117647
v 3.2263759499709210 0.0194443805594443 10.2923013335628415 0.3098039215686275 0.203921568627451 0.1333333333333333
v 3.0674985248165378 -1.5175772335864626 16.5683529492695172 0.4823529411764706 0.3607843137254902 0.2901960784313726
v 3.3478186583837268 -1.2772513033410489 17.3430529740679660 0.4901960784313725 0.3843137254901961 0.3254901960784314
v 22.8700067607526414 2.7522110339679404 41.7314618718454895 0.7176470588235294 0.6627450980392157 0.6352941176470588
v -17.2398057260048958 1.6522677155058221 7.5869425827368140 0.3882352941176471 0.5176470588235295 0.3058823529411765
v 2.6553885376191517 -0.3390276293641041 12.3749173953943021 0.1647058823529412 0.1568627450980392 0.1843137254901961
v 2.5558320878661482 -0.2974032245499889 13.3347360605074705 0.1764705882352941 0.1725490196078431 0.207843137254902
v 1.6018471063419075 -1.3295735773927195 15.7590224308333671 0.207843137254902 0.2235294117647059 0.2588235294117647
v -17.3604232212920024 -2.3006301329070444 5.6514825251897909 0.2431372549019608 0.3372549019607843 0.1372549019607843
v 3.2206471935235292 0.4288812035128210 10.6038447373910625 0.207843137254902 0.1686274509803922 0.1686274509803922
v 2.5726594146335477 -0.8284321790441551 15.6346831886850790 0.196078431372549 0.2 0.2313725490196079
v -11.8697917883423294 -3.9283608829482999 12.3855433657278446 0.5215686274509804 0.4431372549019608 0.5137254901960784
v -20.5394446401688029 -3.1765976285527966 16.4827964717924225 0.2745098039215687 0.1882352941176471 0.2627450980392157
v -18.5288801880517724 1.2060526199549872 5.1601683762414412 0.1333333333333333 0.2196078431372549 7.058823529411765e-002
v -21.7640738509775993 1.6135130388848442 7.9400079171778790 0.4823529411764706 0.596078431372549 0.3176470588235294
v -22.2563407899296273 0.7023435118451387 11.1543953433215108 0.1490196078431373 0.2274509803921569 6.274509803921569e-002
v 2.4906809013020177 -3.1737836783999196 20.8027086346167494 0.4862745098039216 0.3882352941176471 0.3294117647058823
v 27.4512679658619696 3.8035543073682128 46.2128341023604534 0.6470588235294118 0.5882352941176471 0.5568627450980392
v -13.4132505722604094 1.9340063851059777 2.8560398267990226 0.6509803921568628 0.6352941176470588 0.611764705882353
v 32.4288447779672353 9.7085808846520347 55.8864083375938634 0.8784313725490196 0.803921568627451 0.8117647058823529
v -12.6437360879415728 1.9850144189719130 1.7994958560903909 0.6549019607843137 0.6392156862745098 0.6196078431372549
v -11.8757562006470998 0.5120097668346075 4.5556935788277801 0.6509803921568628 0.6274509803921569 0.6235294117647059
v -11.1744366108484989 1.7795705240623865 1.6366157831007473 0.6666666666666666 0.6313725490196078 0.6235294117647059
v 21.5001735489660888 -0.8278022024265883 39.5423933283620812 0.7686274509803922 0.7215686274509804 0.6980392156862745
v 30.5068786599541859 12.2275588116002609 63.2088771472004112 0.8666666666666667 0.7490196078431373 0.7607843137254902
v 49.5459854529859740 29.3940746644580209 66.7677037635476012 0.8784313725490196 0.788235294117647 0.7764705882352941
v 2.5976309161461035 -2.4372635620529106 18.3911213868976589 0.5215686274509804 0.403921568627451 0.3333333333333333
v -13.3626557010951679 -2.8230681195565248 9.4419305773157873 0.203921568627451 0.1490196078431373 0.1843137254901961
v -21.9260594115066709 -2.0267359931705453 14.4621170101066649 0.3803921568627451 0.3294117647058823 0.3490196078431372
v 2.9735595061454241 -0.9223398348339364 15.6602827556763327 0.2901960784313726 0.2431372549019608 0.2274509803921569
v 2.9865144063999547 0.4115480968898245 10.3757386217661391 0.1490196078431373 0.1333333333333333 0.1450980392156863
v 2.3629364129165467 -0.7805871000019171 15.0880468204423384 0.1686274509803922 0.1725490196078431 0.207843137254902
v 3.4625221729946438 0.1357708295535909 10.9956167372009244 0.2941176470588235 0.1882352941176471 0.1215686274509804
v -22.7046032839501706 2.1068764268478173 7.0347025828913639 0.4588235294117647 0.5568627450980392 0.3215686274509804
v -2.4575414059169947 1.5268415369598876 10.9171771557844792 9.411764705882353e-002 0.1019607843137255 0.1372549019607843
v 2.7568479411267233 0.0481526896224675 11.8083343598789412 0.1490196078431373 0.1411764705882353 0.1764705882352941
v 3.4362899530067175 -0.1197112750742422 11.8570404238026885 0.3372549019607843 0.2196078431372549 0.1529411764705882
v -21.4607531581770807 0.3013350988274665 12.2236150519451066 0.2392156862745098 0.2901960784313726 0.1529411764705882
v -21.5533510232138603 -2.9565003559252387 13.4467246284547706 0.3647058823529412 0.3058823529411765 0.3411764705882353
v 3.1965278392616061 0.0638644478830308 11.5095129097230888 0.2352941176470588 0.1764705882352941 0.1529411764705882
v -12.7730404940951168 -5.0956072062160001 11.4069705581630156 0.5568627450980392 5.490196078431372e-002 4.705882352941176e-002
v 4.4680144185719612 -5.2361864842592301 39.8750784265239844 0.2941176470588235 0.2117647058823529 0.1607843137254902
v 2.3239069665212178 -3.8119371290847139 22.4756125568477501 0.4117647058823529 0.3137254901960784 0.2745098039215687
v 2.3643724836601336 -2.7065233189604125 20.6974557482050656 0.2588235294117647 0.2470588235294118 0.2666666666666667
v -12.5803349305758196 -3.7919078923467344 12.0785019870987700 0.1882352941176471 9.803921568627451e-002 0.1058823529411765
v -17.4142962839731332 -4.9595975189973736 16.8216147889544132 0.5098039215686274 4.313725490196078e-002 3.529411764705882e-002
v -15.7543957314647152 -3.5023279729198649 17.5989928603705152 0.4627450980392157 0.4196078431372549 0.4745098039215686
v -14.3688531659988037 -0.5147444111145607 9.9450839750353790 0.2705882352941176 0.2392156862745098 0.2705882352941176
v -9.0311450429334137 0.6241922045135296 14.2186667932712965 0.207843137254902 0.1882352941176471 0.2352941176470588
v -19.7238305641753016 0.0180389606928177 10.5152139993182718 0.1803921568627451 0.2705882352941176 9.411764705882353e-002
v 31.4562036916921208 11.4271238456741617 60.5392300701301309 0.9686274509803922 0.9529411764705882 0.9607843137254902
v -24.7345798686449996 6.4604338595438682 9.4309948355495976 0.611764705882353 0.6235294117647059 0.4588235294117647
v 3.0644191851529921 -1.1689558899861359 12.6094389222823473 0.4941176470588236 0.3529411764705883 0.2627450980392157
v -21.5713893410478015 2.3149433439902225 6.7131459646893905 0.5215686274509804 0.6274509803921569 0.3647058823529412
v 3.4910075654100345 -1.7527017321887091 18.0401838000857211 0.5176470588235295 0.3647058823529412 0.2666666666666667
v -19.2905341960845327 1.5408650599766396 4.9765616319913883 0.1450980392156863 0.2156862745098039 7.450980392156863e-002
v 45.0592261074310088 39.1035838839780681 58.2206490108909520 0.3098039215686275 0.2431372549019608 0.2196078431372549
v -13.5762344750233623 -4.8619756144930353 12.5153098156091609 0.5764705882352941 5.882352941176471e-002 5.490196078431372e-002
v 47.2456876037992828 33.0373628098790917 52.7918663343679384 0.6549019607843137 0.5843137254901961 0.5686274509803921
v -13.4776731344087644 -2.1642636091452960 9.1917231882640689 0.1882352941176471 0.1607843137254902 0.2
v -14.6565973013562463 -1.9945514476036934 9.8868834612583179 0.2470588235294118 0.2196078431372549 0.2549019607843137
v -18.8985636682170899 -3.6818862056331998 16.4737723241588903 0.3058823529411765 0.2313725490196079 0.2823529411764706
v -17.7792833376716537 0.6609368199056970 4.2242845617031994 0.1607843137254902 0.2313725490196079 0.1254901960784314
v -13.8974513236346873 -5.0835492725887041 11.4699778941568784 0.5019607843137255 3.529411764705882e-002 3.137254901960784e-002
v -18.2215363790952658 -0.4834586413399262 9.2304048355670272 0.2784313725490196 0.3686274509803922 0.1529411764705882
v -17.6829570774386582 -0.1688618347980601 13.6601356124761946 0.2156862745098039 0.2470588235294118 0.2274509803921569
v 2.7208495679642444 0.2526755825332306 9.7790984603171651 0.1372549019607843 0.1254901960784314 0.1411764705882353
v -18.7412363583838726 0.7819931400508161 3.2651271757217168 0.1098039215686274 0.1803921568627451 5.882352941176471e-002
v -15.4253096811875352 -0.8222572911402957 10.9532347592911012 0.1411764705882353 0.2156862745098039 0.1098039215686274
v 2.6830218594363817 -0.0285110763755231 11.7348338516656607 0.1333333333333333 0.1294117647058824 0.1568627450980392
v -23.6571778267470094 -1.1178210756835916 11.3568749714576107 0.6549019607843137 0.596078431372549 0.5647058823529412
v 30.7335038571066441 5.0827689407264671 58.0956983190580729 0.8784313725490196 0.8196078431372549 0.7803921568627451
v 6.5774171360755336 0.3201793686332344 26.8021808010986575 0.5333333333333333 0.3843137254901961 0.2941176470588235
v -14.9875977406424887 -0.9253333643570520 8.6535339849479289 0.2 0.2392156862745098 0.196078431372549
v -22.1806773150553873 1.4929141987271597 4.1513372139508062 0.5176470588235295 0.615686274509804 0.3529411764705883
v 3.3561618665079935 -4.9498767316149541 29.9253107339952606 0.5215686274509804 0.4 0.3450980392156863
v -20.3666132938604534 0.2216106900786740 10.9125003834598324 0.1490196078431373 0.2392156862745098 7.843137254901961e-002
v 2.9454056204478101 0.1920277952931242 10.7813808829467455 0.1607843137254902 0.1372549019607843 0.1490196078431373
v -16.8754279948321262 -4.9696944951804314 16.6859351139297587 0.4941176470588236 3.137254901960784e-002 1.96078431372549e-002
v -14.6163812577472925 -2.1975951993489469 9.7051343252246340 0.2627450980392157 0.2274509803921569 0.2627450980392157
v 2.9600481076587428 -0.3672240691410489 12.7778367332404592 0.2470588235294118 0.203921568627451 0.203921568627451
v 3.5961573772191060 -1.2921229629017170 18.1098140009877184 0.5058823529411764 0.3764705882352941 0.2980392156862745
v -22.2358639706687171 1.1206659609547434 10.7914061712042546 0.3137254901960784 0.4117647058823529 0.2
v 3.6226599442527068 -4.4098966346467741 30.7389275642679110 0.5254901960784314 0.4 0.3372549019607843
v -21.5119073624932149 0.8489477364136258 9.9130151835232017 0.1490196078431373 0.2352941176470588 7.058823529411765e-002
v 3.4618608667253037 -1.6735057807962026 18.7662305091586390 0.5137254901960784 0.3725490196078431 0.2862745098039216
v 3.3363962844348349 -1.6830772882877334 17.2991906745097452 0.5490196078431373 0.4 0.3058823529411765
v 5.2079165200786415 -5.7139416158142504 41.1484160160778529 0.2901960784313726 0.2 0.1450980392156863
v -12.2463667473003746 -3.9352772965345322 11.6762195430209097 0.3686274509803922 0.3098039215686275 0.3647058823529412
v -13.4338069429952469 -4.6670085145266498 13.3628153831733574 0.5411764705882353 0.1098039215686274 0.1215686274509804
v -14.0373449653524531 -4.0352812529771533 13.9204981865427371 0.3333333333333333 0.1254901960784314 0.1725490196078431
v -20.5501147100099999 0.8226019745134715 15.6839336360855359 0.4196078431372549 0.3803921568627451 0.3647058823529412
v -21.1380063799356783 0.3150982612710863 6.6504436654390027 0.4470588235294118 0.5490196078431373 0.2901960784313726
v 4.0244728257343976 -2.3033437953490399 27.2336411394142459 0.3529411764705883 0.2941176470588235 0.2705882352941176
v 40.4437339314334707 26.8116703721663470 54.1666987657269985 0.8470588235294118 0.7529411764705882 0.7411764705882353
v 37.1192592274969542 26.6828607148974157 57.4618240686556945 0.8235294117647058 0.7254901960784313 0.7019607843137254
v -14.8895397096168516 -2.5040352971494348 9.6713119523157705 0.2784313725490196 0.2470588235294118 0.2745098039215687
v -1.9557332027237533 0.0132762318570834 15.2901387659639507 0.1176470588235294 0.1294117647058824 0.1647058823529412
v 3.1139307577876929 0.6953054062111347 8.8069775326666306 0.1686274509803922 0.1294117647058824 0.1215686274509804
v 2.8495768774539072 0.0287576810928745 11.5781960288366861 0.1490196078431373 0.1411764705882353 0.1647058823529412
v 2.2727846728789669 -4.1429217181508582 23.0788145025388687 0.4509803921568628 0.3372549019607843 0.2823529411764706
v 3.4922106988410482 -2.4703923867250879 22.7017653927658500 0.4666666666666667 0.3490196078431372 0.2862745098039216
v 32.4540455046116207 4.9967709495487824 69.3623944758006701 0.4823529411764706 0.4313725490196079 0.4509803921568628
v -17.5523866451157353 -1.3301339421808513 12.3653885344478365 0.2313725490196079 0.2470588235294118 0.2392156862745098
v 3.3499181101684092 -1.6057825832940378 18.1697672899457459 0.5215686274509804 0.3843137254901961 0.3058823529411765
v 3.9121008375476509 -2.5546952973394621 23.4591731351818638 0.5607843137254902 0.4117647058823529 0.3137254901960784
v 32.5203145331043828 12.3755501781912631 56.2087774402907314 0.9176470588235294 0.9019607843137255 0.9019607843137255
v 3.1061026101935791 1.0520651782495372 9.0690154097084044 0.1490196078431373 0.1411764705882353 0.1686274509803922
v -12.5940577143496988 -4.8470470236123866 12.6878115789825276 0.5882352941176471 0.1333333333333333 0.1215686274509804
v 40.3202755610942560 4.6643760286412874 71.3141583902402942 0.9294117647058824 0.8941176470588236 0.9098039215686274
v 3.1261927561822440 -5.3042214079938983 32.6735610843479449 0.4392156862745098 0.3490196078431372 0.2941176470588235
v -18.0971309058102925 0.7755832938812147 4.4384179838737881 0.1411764705882353 0.2352941176470588 9.411764705882353e-002
v 3.7591998288964588 -3.1364586026724224 25.4339799698012214 0.6274509803921569 0.5411764705882353 0.4941176470588236
v -20.3087974729889069 0.7048737059408999 10.6814664526214518 0.2431372549019608 0.3411764705882353 0.1372549019607843
v -18.9121046531919745 -2.3866334877161695 12.4971680807090220 0.2509803921568627 0.2117647058823529 0.2313725490196079
v 2.1334012912439282 1.5226488959511957 3.2179518961385236 8.235294117647059e-002 9.411764705882353e-002 0.1254901960784314
v -18.5152799753453721 0.0580631540220503 2.7953896344583029 9.019607843137255e-002 0.1764705882352941 5.882352941176471e-002
v 3.0969888410441988 0.0692777471360871 13.3346594576988533 0.2235294117647059 0.2156862745098039 0.2470588235294118
v 2.8715269002846915 0.2999622213032788 10.5865492178198828 0.1882352941176471 0.1725490196078431 0.196078431372549
v 3.6027169010541944 1.9106219347676638 5.2642030327210403 0.2117647058823529 0.1411764705882353 9.803921568627451e-002
v -20.6643426299560211 2.5181427914391392 0.1929339986082292 0.4313725490196079 0.5372549019607843 0.2666666666666667
v -15.5503277161437126 -0.5682723337391911 12.1059045436667443 0.1607843137254902 0.1725490196078431 0.1647058823529412
v -17.5570440267649381 -1.5115582737641271 11.8581532071725722 0.2196078431372549 0.2196078431372549 0.2117647058823529
v 2.5992449465712220 0.1804535985002602 10.5327537852409954 0.1803921568627451 0.1725490196078431 0.203921568627451
v -19.8709137714837283 -0.4841690036113264 14.4396741395357839 0.203921568627451 0.1882352941176471 0.203921568627451
v -21.3855926417921154 6.4586525158522052 1.7394105934957285 0.2862745098039216 0.3450980392156863 0.2274509803921569
v -22.7410411178409895 1.8126370778787857 6.1320227743889069 0.407843137254902 0.5137254901960784 0.2784313725490196
v 26.2466962322565074 4.7932476043714152 55.0038856660335469 0.8 0.7607843137254902 0.7215686274509804
v -20.9524335857424475 0.5370691759476649 13.2405636467508714 0.4274509803921568 0.4235294117647059 0.3333333333333333
v 1.3523874835336862 -1.8611032895818111 22.8490353033646940 0.1882352941176471 0.207843137254902 0.2431372549019608
v 3.1844930109094300 -4.4571901950114032 28.6103968098842500 0.6196078431372549 0.5411764705882353 0.4862745098039216
v -28.6108670505612217 5.9518259792022468 9.0758376922507047 0.2117647058823529 0.1647058823529412 0.1333333333333333
v 19.9707292122734010 3.5138719373942928 47.1755758731507342 0.7215686274509804 0.6666666666666666 0.6352941176470588
v 1.6899530376689009 0.9040973539375048 10.2622962023466346 0.1686274509803922 0.1686274509803922 0.203921568627451
v 3.1721724071730071 -5.8185710236148891 34.4099198719464283 0.3764705882352941 0.2784313725490196 0.2235294117647059
v 0.2955463225159199 2.4043216986126543 6.5828896560711687 0.1137254901960784 0.1254901960784314 0.1568627450980392
v 3.6734714914742876 -4.7734942546759775 31.3916432843661397 0.5372549019607843 0.4549019607843137 0.407843137254902
v -16.6993575606444757 -4.5676173220447334 18.2043966318317487 0.5137254901960784 8.627450980392157e-002 6.274509803921569e-002
v -21.7319620929859241 0.8744351205201752 9.9957968631172314 0.1882352941176471 0.2862745098039216 8.627450980392157e-002
v -22.0001381305933599 0.5880241818595057 11.3335255950482008 0.2784313725490196 0.3607843137254902 0.1568627450980392
v -19.4381221181162687 1.4863910324587946 5.3880700032168587 0.1568627450980392 0.2549019607843137 8.235294117647059e-002
v 2.9149833432774055 -0.5074266179032503 14.2321030879585990 0.3098039215686275 0.2862745098039216 0.3058823529411765
v -15.9834320541062667 -3.2976607617884675 17.8248525897631183 0.4745098039215686 0.407843137254902 0.4627450980392157
v -16.1333899532811174 -3.3870682054542032 14.7015903153330427 0.4980392156862745 0.4156862745098039 0.4627450980392157
v -13.8851110994813176 -3.8900904242319614 12.7326700333365199 0.3176470588235294 0.203921568627451 0.2313725490196079
v 1.7126080571900382 -2.0337449119873243 20.0808576648522248 0.2313725490196079 0.2470588235294118 0.2862745098039216
v -3.3147162301094482 2.6503588395081348 2.2528139678070471 0.1686274509803922 0.1764705882352941 0.207843137254902
v -20.6447791027571625 0.2494198468942225 10.8817347014048842 0.1803921568627451 0.2745098039215687 8.235294117647059e-002
v -20.9554992171917824 0.6814473943308995 12.5242220336491759 0.203921568627451 0.2901960784313726 0.1176470588235294
v -0.3322468422933231 2.0816581820155684 5.3889511945046573 0.1137254901960784 0.1254901960784314 0.1607843137254902
v 3.1672877354204574 -0.9643631219279400 14.2050045559035407 0.4235294117647059 0.2941176470588235 0.2117647058823529
v -13.3644142509838879 -4.9258118409650891 13.0517291166892715 0.596078431372549 0.2745098039215687 0.2588235294117647
v -20.1019100520370309 0.2802285551049475 15.3017285806334229 0.2549019607843137 0.2352941176470588 0.2509803921568627
v 3.8139417149227697 -1.4717907222720186 19.3310740828777625 0.5294117647058824 0.3764705882352941 0.2784313725490196
v 51.0049502900714558 38.1069585561361421 58.2447691080069063 0.4117647058823529 0.3411764705882353 0.3215686274509804
v -13.9494473570241517 -4.8987101604246366 12.1181257028463314 0.5019607843137255 4.705882352941176e-002 5.098039215686274e-002
v 2.8537099125537595 -2.5590279450780322 22.0638981479872811 0.392156862745098 0.3568627450980392 0.3529411764705883
v 2.8718121253604476 -2.1947571682318427 20.5768577592273445 0.396078431372549 0.3490196078431372 0.3450980392156863
v 2.8181299144798451 -3.8554763557022627 23.2621817340918611 0.5607843137254902 0.4745098039215686 0.4274509803921568
v 2.7738008482257253 -4.8092237081398386 28.1658118309207595 0.596078431372549 0.5176470588235295 0.4627450980392157
v 3.2145786978184363 -2.5461961773807680 20.4379769182645745 0.5882352941176471 0.4549019607843137 0.3764705882352941
v 2.4566722437944399 -2.6076326605886493 23.9917522982630729 0.1490196078431373 0.1647058823529412 0.2
v 2.6497144493476608 -1.8409348633353864 19.4697815933868554 0.2784313725490196 0.2745098039215687 0.3019607843137255
v 2.4534624823145750 -2.7263016471168386 24.4991194469531024 0.1607843137254902 0.1803921568627451 0.2117647058823529
v 2.8482968511305553 -2.5039955379183851 23.0841422100106115 0.2549019607843137 0.2588235294117647 0.2862745098039216
v -20.9269294346987174 0.6199212113927025 9.9400462646936649 0.2549019607843137 0.3607843137254902 0.1686274509803922
v -20.9054540319240516 0.5656959176611654 9.8804448151599686 0.3372549019607843 0.4509803921568628 0.2117647058823529
v 3.2478842978673388 -1.4650871918402055 19.0375957749767082 0.4196078431372549 0.3607843137254902 0.3411764705882353
v 2.8161606505684613 -2.8825519923108605 23.6271192997146215 0.3372549019607843 0.3098039215686275 0.3176470588235294
v 33.7211752340649937 9.8857894031934439 53.0417880627822242 0.7490196078431373 0.6705882352941176 0.6431372549019608
v 35.3734655044467772 9.7349303043285946 53.8837384965571644 0.8 0.7254901960784313 0.6980392156862745
v 3.3283835785619522 -4.6602183938972317 31.1276667551119957 0.5450980392156862 0.4588235294117647 0.4117647058823529
v 34.0451365704021853 7.9280100060285967 52.2735576408167120 0.7725490196078432 0.7137254901960784 0.6823529411764706
v -21.5663040449631858 0.7225034539642370 9.9577017641938301 0.1490196078431373 0.2431372549019608 6.274509803921569e-002
v 2.7151958138561003 0.6958937495172073 9.7400453966732332 0.1450980392156863 0.1411764705882353 0.1725490196078431
v 2.8792079565234454 -2.7259584587624035 20.8507368690782613 0.5843137254901961 0.4784313725490196 0.4235294117647059
v 3.4365540808917685 -2.5123705952614346 22.6237351701442151 0.5764705882352941 0.4823529411764706 0.4352941176470588
v 3.1998307770634349 0.3140969470006947 10.0478280572751366 0.2980392156862745 0.2156862745098039 0.1843137254901961
v 2.6465937629987497 -3.0034021495115146 25.3157143002665137 0.2705882352941176 0.3019607843137255 0.3215686274509804
v 2.7763752079668924 -2.8198760271270400 22.8436292613644554 0.4117647058823529 0.3843137254901961 0.3843137254901961
v 3.5705143820898089 0.9771761108032847 9.9276284808017330 0.203921568627451 0.1647058823529412 0.1647058823529412
v 38.2117357525639321 11.6704064461660959 60.4173039695397236 0.7568627450980392 0.6784313725490196 0.6509803921568628
v -19.8084540451199658 0.0177992820524669 1.1589157488279438 0.5764705882352941 0.6823529411764706 0.4784313725490196
v -14.1235418128454420 -3.5210242301234862 15.0303865893162723 0.2784313725490196 0.1529411764705882 0.2156862745098039
v -11.6046929380266377 -3.3445157488675870 12.4375763137320110 0.5725490196078431 0.5372549019607843 0.6039215686274509
v 3.7777751871628134 -0.5145666663316597 14.0073470238042947 0.4666666666666667 0.3215686274509804 0.2313725490196079
v 5.8357615243811747 -3.7553715439274669 34.4685314443420339 0.4 0.3490196078431372 0.3137254901960784
v -14.7768985565982796 -2.5806626100114620 18.0535972660971993 0.4941176470588236 0.4352941176470588 0.4980392156862745
v -16.1604474268093128 -3.5676530532305355 14.6238879441154950 0.4941176470588236 0.4196078431372549 0.4745098039215686
v -12.1307368655201948 -5.0247406565671904 12.5375928693416103 0.6705882352941176 0.5019607843137255 0.4941176470588236
v -15.5023579611184488 -3.2935411708966997 17.9513939403427472 0.5058823529411764 0.4549019607843137 0.4823529411764706
v 2.9551936652740523 -0.4779268757466171 14.3033615155161549 0.2352941176470588 0.2156862745098039 0.2392156862745098
v 2.7712077734691363 -0.1965557014250101 12.0482613601211437 0.1843137254901961 0.1725490196078431 0.1882352941176471
v 2.1062646397819478 -0.0632779641323501 11.6602722880320862 0.1647058823529412 0.1647058823529412 0.2
v -1.8215884167993348 -6.8823637401906694 12.1412410429135083 0.592156862745098 0.4862745098039216 0.4235294117647059
v 3.7232297601353488 -1.8213901053044383 19.7879731994300556 0.6078431372549019 0.4588235294117647 0.3686274509803922
v 2.5824613367750735 -1.2294812227597893 17.2698873861676176 0.2313725490196079 0.2352941176470588 0.2705882352941176
v 3.3793053544365814 -1.4020468781244917 17.0423859606355776 0.5215686274509804 0.3882352941176471 0.3019607843137255
v 2.8480651177893752 -1.5701413812329708 18.4898396393173599 0.3294117647058823 0.3058823529411765 0.3137254901960784
v 3.5144613635975035 0.4032052286274871 11.0162711706909384 0.2666666666666667 0.1921568627450981 0.1529411764705882
v 3.3035235392429589 -1.7227142886431472 17.4607030426623808 0.592156862745098 0.4509803921568628 0.3647058823529412
v 3.0102666828659927 -0.6731564047540142 13.5477118790376494 0.3490196078431372 0.2666666666666667 0.2274509803921569
v 2.4080813933095904 -0.1263203371681811 12.7026179962309858 0.1607843137254902 0.1607843137254902 0.196078431372549
v 3.4842457055366221 0.1746839759479176 10.7049747186924282 0.3098039215686275 0.196078431372549 0.1254901960784314
v 2.3378412672023559 -0.5573292680411834 14.0235031375597394 0.1803921568627451 0.1803921568627451 0.2196078431372549
v 3.3616970763379470 -0.0620868680166857 11.7934675076260174 0.3098039215686275 0.2117647058823529 0.1529411764705882
v 2.6445278432365811 -0.2779289160919490 12.9221087289822165 0.1647058823529412 0.1607843137254902 0.1921568627450981
v 3.3756854293078624 0.1557758231830528 10.8684326791384933 0.2823529411764706 0.1843137254901961 0.1333333333333333
v 3.4223857624177847 1.1962789218183174 8.4071616317160522 0.1372549019607843 0.1176470588235294 0.1215686274509804
v 1.6813896648959763 -0.3120595232851739 7.2105633098950452 0.1215686274509804 0.1215686274509804 0.1450980392156863
v -18.6147710861576243 -0.9141799043486196 7.9810626330069079 5.490196078431372e-002 0.1098039215686274 3.92156862745098e-002
v -6.6932553189174913 -4.1086456932990636 1.7701270188010390 0.1176470588235294 0.1215686274509804 0.1568627450980392
v 1.0795031166096494 -0.6475988085905857 6.1744332777620565 0.1098039215686274 0.1137254901960784 0.1450980392156863
v 2.0609827951156459 -0.3621334473125444 8.9087846569507079 0.1333333333333333 0.1333333333333333 0.1607843137254902
v 2.0990627662952321 -0.2777613679775079 6.8698353597104997 0.196078431372549 0.1450980392156863 0.1215686274509804
v 1.9237385740525890 0.3277557393059836 6.2819332424800987 9.019607843137255e-002 9.411764705882353e-002 0.1215686274509804
v 1.0435545542619935 -1.2207952969746945 8.3132455097500895 0.1372549019607843 0.1333333333333333 0.1647058823529412
v -12.1154292208067176 -4.0836954440717905 11.8945909389486211 0.4196078431372549 0.3137254901960784 0.3764705882352941
v 3.3513102201655456 -2.5670700827576907 23.0578181572242684 0.615686274509804 0.5647058823529412 0.5176470588235295
v -13.5734438451176018 -3.4199903823204698 15.9152973013229886 0.4941176470588236 0.403921568627451 0.4627450980392157
v -11.7730516617320617 -3.6928569023490967 11.8891687746639132 0.6313725490196078 0.592156862745098 0.6392156862745098
v 3.6596646214057849 -2.5307725847961642 22.0219202499043405 0.6745098039215687 0.5764705882352941 0.5058823529411764
v 0.8653414957389914 -1.6371003252007796 21.6343703450312148 0.3607843137254902 0.392156862745098 0.4235294117647059
v -14.3181132506498159 0.9844739451794781 10.4279143869195945 0.3019607843137255 0.3372549019607843 0.3058823529411765
v -15.2969778630003255 -0.1000610110290500 10.9406857185631736 0.2470588235294118 0.3450980392156863 0.2313725490196079
v -0.8032923766484781 -0.1141559232031288 18.2644873137597941 0.2549019607843137 0.2784313725490196 0.3137254901960784
v 3.0833328371122257 -1.9222354586230639 20.1435474693153225 0.5372549019607843 0.5019607843137255 0.4823529411764706
v 3.7989617335680670 -2.8107901638976038 23.3685040874943155 0.6862745098039216 0.6078431372549019 0.5411764705882353
v 0.5052434659474798 -1.3122306430990349 20.2231972636979833 0.3568627450980392 0.392156862745098 0.4235294117647059
v 1.6245171619196814 -1.7394169402927935 21.8783423979041771 0.3450980392156863 0.3764705882352941 0.407843137254902
v -1.7093581197714056 0.5795071776787031 16.3516903322661982 0.2549019607843137 0.2745098039215687 0.3019607843137255
v -18.0966574170900891 -0.0480025866041688 3.8978742643002651 0.3882352941176471 0.4941176470588236 0.2901960784313726
v -20.9362230810931607 -1.3272317333297414 14.6482718569771801 0.2431372549019608 0.2 0.2235294117647059
v -14.2479334510205184 1.0653366322170919 10.5867952481923275 0.3411764705882353 0.3647058823529412 0.3490196078431372
v -21.2379926576856910 -0.0787994577746270 12.0391275919308303 0.5137254901960784 0.5019607843137255 0.4156862745098039
v 2.1043350005665200 -1.3060287566625741 19.7853490688164584 0.3254901960784314 0.3450980392156863 0.3803921568627451
v -0.9678235290768882 -2.2386092362266297 23.8402964276018210 0.2549019607843137 0.3058823529411765 0.3294117647058823
v -21.4319352106008019 0.1187029768327955 11.8860595408595806 0.2980392156862745 0.3686274509803922 0.1843137254901961
v -13.3690610122927218 -1.5037600837104110 9.7586993299169311 0.2588235294117647 0.207843137254902 0.2588235294117647
v 3.2867428974693000 -3.3453679309600357 25.1405644638544743 0.6784313725490196 0.6196078431372549 0.5764705882352941
v 1.2684178872268479 0.0379998722323292 17.9977453848347224 0.3529411764705883 0.3764705882352941 0.407843137254902
v 3.4067538021008152 -2.5306940847037209 23.5547207215770626 0.615686274509804 0.5843137254901961 0.5607843137254902
v -28.9971896803408171 8.9340590742413202 2.5611169805711058 0.6078431372549019 0.5607843137254902 0.5254901960784314
v 3.4081467173498101 -2.7855632710155547 23.5234103200906048 0.6627450980392157 0.596078431372549 0.5372549019607843
v -13.4693958626873247 6.8863281103349934 1.8237038898372899 0.3411764705882353 0.4 0.3529411764705883
v 2.6999653775318038 -0.1654109688516667 13.7231391345937848 0.2745098039215687 0.2823529411764706 0.3176470588235294
v 3.0504570347158468 -0.3783800119880705 13.5586652420974012 0.3803921568627451 0.3411764705882353 0.3372549019607843
v 3.2298376168577545 -1.9188065927867182 19.9119558960118326 0.6 0.5294117647058824 0.4705882352941176
v -14.0955061435015985 -4.1019432383625585 12.3923614716625181 0.5372549019607843 0.392156862745098 0.4235294117647059
v -0.4722280698232677 -0.6107707364522696 17.4762401495905308 0.3215686274509804 0.3450980392156863 0.3764705882352941
v -19.0571129833374755 0.8781120822808574 4.4115920543924370 0.1490196078431373 0.2392156862745098 9.019607843137255e-002
v 2.3148945043755611 -1.7719722117980201 20.9132791627255870 0.3490196078431372 0.3803921568627451 0.4156862745098039
v 3.3851961499887548 -1.1359723083074527 17.7241607991055758 0.5607843137254902 0.5176470588235295 0.4901960784313725
v -1.1449034508272509 0.9825636846829950 12.0036195509224832 0.2196078431372549 0.2274509803921569 0.2627450980392157
v 3.0201870510166611 -1.2509326725547394 17.8173596169015411 0.4352941176470588 0.4235294117647059 0.4313725490196079
v 3.1114542597547006 -0.2416164882037080 12.9723496662778519 0.3490196078431372 0.2980392156862745 0.2901960784313726
v -21.8581729713169644 -2.3322935553798079 14.3468208611278829 0.5254901960784314 0.4392156862745098 0.4705882352941176
v -20.1798913919802132 -0.0695878398444095 10.5637358036715465 0.203921568627451 0.3098039215686275 9.803921568627451e-002
v -20.5296018824097821 0.1895466945523625 15.1315289152358883 0.2431372549019608 0.2274509803921569 0.2352941176470588
v -17.5326234318195375 -4.7681856221506953 18.0800596958457334 0.6627450980392157 0.3529411764705883 0.3137254901960784
v -20.3677238413089121 -0.0251639987191445 10.1688652213313766 0.1803921568627451 0.2862745098039216 9.411764705882353e-002
v -20.3449279557981519 -0.2309550753102272 8.0355161355794760 0.5372549019607843 0.6588235294117647 0.3803921568627451
v -16.2169199614155737 -4.5904952274004378 17.8705456228088266 0.6666666666666666 0.1882352941176471 0.1647058823529412
v -13.8615617120293422 -3.7979292845016710 10.9679308928449153 0.5764705882352941 0.4392156862745098 0.4274509803921568
v -21.6179302929543411 0.6343817644665105 10.3590964597441637 0.3411764705882353 0.4509803921568628 0.203921568627451
v -13.0747841907770415 -4.6682156109487600 11.7693387201745185 0.5058823529411764 3.529411764705882e-002 2.745098039215686e-002
v -12.9914996934683806 -4.7891097530075317 12.8810415376527665 0.7019607843137254 0.2274509803921569 0.2313725490196079
v -18.6924310744218829 1.0426147301941779 5.1357909700173332 0.1607843137254902 0.2470588235294118 9.411764705882353e-002
v -16.9359967115277179 -3.5149717393296243 14.7083376986122030 0.4901960784313725 0.396078431372549 0.4235294117647059
v 2.8894053985999091 -1.5015450762421925 17.6543753368964786 0.5137254901960784 0.4823529411764706 0.4666666666666667
v 3.0771626021033747 -1.0200361037577641 16.3859970938745825 0.4392156862745098 0.392156862745098 0.3764705882352941
v -29.0399878502138549 5.3292346783801019 13.7374526932277803 0.2274509803921569 0.1843137254901961 0.1607843137254902
v 0.7788290206156286 0.4175759969752896 12.2644275066557018 0.2274509803921569 0.2313725490196079 0.2627450980392157
v 3.5544989444176691 -1.4025174828900444 17.7815287911340292 0.6196078431372549 0.5215686274509804 0.4549019607843137
v -18.0259237890534791 -0.4679219135252684 8.9496694735655353 0.3450980392156863 0.4352941176470588 0.2
v 3.4252857955165430 -1.3316968288044002 17.6041315730763515 0.6039215686274509 0.5058823529411764 0.4549019607843137
v -7.3971481061327164 -0.3116304087037445 14.5046690977875112 0.5529411764705883 0.5294117647058824 0.5725490196078431
v 3.4363546666866829 -2.3846714445063260 21.7756489701955473 0.6431372549019608 0.5607843137254902 0.4980392156862745
v -16.1166954453072648 -2.9279604972428110 12.1018497210987803 0.4235294117647059 0.3411764705882353 0.3490196078431372
v -17.7435454285100960 -3.5589168262355040 13.4840517844894556 0.4352941176470588 0.3647058823529412 0.4
v -13.8998228476401557 -3.8842051482480393 12.8196475111224011 0.3411764705882353 0.2313725490196079 0.2588235294117647
v -17.5248040842710431 -3.7060025521687443 13.4003410372110654 0.4549019607843137 0.3803921568627451 0.4117647058823529
v -20.1861972871809421 0.2307593538946707 10.6741393597174294 0.1529411764705882 0.2431372549019608 7.843137254901961e-002
v -0.9926998179433459 1.4224986852804569 9.8198963899656313 0.196078431372549 0.203921568627451 0.2352941176470588
v -25.8074083873307139 3.5576112747293411 24.0183170022122638 0.6823529411764706 0.6274509803921569 0.5882352941176471
v -15.5658932816241773 -1.6842780597962250 10.1340738004298121 0.2862745098039216 0.2627450980392157 0.2705882352941176
v -15.2459816948255984 -1.0134852856829453 10.6115087313380769 0.196078431372549 0.196078431372549 0.1921568627450981
v -22.4289740215404159 0.8465975078694130 0.3715242153142291 0.4549019607843137 0.5725490196078431 0.3372549019607843
v -17.9700971478177500 -3.2759737201500805 19.1031408117203512 0.4980392156862745 0.4117647058823529 0.3843137254901961
v -13.6578922211884333 -4.9572262944175973 12.4100429382873330 0.596078431372549 0.1686274509803922 0.1607843137254902
v -12.5007163203920015 -3.7782147537527733 11.8035935426725551 0.2392156862745098 0.1882352941176471 0.203921568627451
v -14.0022582259545700 -5.0543137069706816 11.7884091429481810 0.5411764705882353 0.1254901960784314 0.1176470588235294
v -13.6208698743030148 2.4196219182965759 -0.9272178525569754 0.5607843137254902 0.5607843137254902 0.5607843137254902
v -12.8142182456232341 -4.9531562912846310 12.6587696817978035 0.6352941176470588 0.2117647058823529 0.207843137254902
v -22.3382320386181554 -0.2041645395655434 -0.6843068220371746 0.4627450980392157 0.5764705882352941 0.3411764705882353
v -20.2432130301724769 0.1458183449899809 10.3041400040865501 0.2196078431372549 0.3176470588235294 0.1294117647058824
v -20.5551436590135062 0.1225347356524641 11.8948975250482238 0.3450980392156863 0.4352941176470588 0.2274509803921569
v -14.6668440213381359 -0.6441485606422546 9.8355471946277166 0.2745098039215687 0.2274509803921569 0.2588235294117647
v -11.4106095151106857 -3.5135069186040555 12.3250755158705019 0.6 0.5568627450980392 0.615686274509804
v -22.3761959027695632 -2.4278984031848294 16.2520603642954278 0.4431372549019608 0.3764705882352941 0.3647058823529412
v -15.6032451635809437 -0.8170700406632887 11.2303377905711308 0.1137254901960784 0.1372549019607843 0.1019607843137255
v -21.5300594899301245 0.4765936172335999 9.8599598021317707 0.1843137254901961 0.2745098039215687 0.1098039215686274
v -14.5762768462748049 0.5998810755464952 9.8210512651366599 0.2784313725490196 0.3215686274509804 0.2823529411764706
v -15.0030881609771214 0.3264191229318958 10.0879254375461755 0.2549019607843137 0.3019607843137255 0.2431372549019608
v -16.3147381725954617 -4.5283259330462897 17.0361529394323483 0.5294117647058824 9.803921568627451e-002 9.803921568627451e-002
v -1.9125591592039992 2.2800580830715287 8.0920823880638295 0.1529411764705882 0.1647058823529412 0.1882352941176471
v -13.9327795784182804 -4.9266021578589214 12.0541195340454887 0.6549019607843137 0.1137254901960784 0.1098039215686274
v -16.3828063492158797 -3.5497102138123617 17.8183272125116545 0.207843137254902 0.1058823529411765 0.1333333333333333
v -13.8565814074462708 -3.5679074351452575 15.0190771888668433 0.4313725490196079 0.3490196078431372 0.4313725490196079
v -1.1372692849058814 1.2716489003121685 9.0100856524970521 0.207843137254902 0.2156862745098039 0.2470588235294118
v -13.5896737468467421 -3.5058971038570430 15.3869090413412195 0.4666666666666667 0.3137254901960784 0.3764705882352941
v -2.1624089732517375 0.4011824713116368 16.8500261436972920 0.2705882352941176 0.2901960784313726 0.3254901960784314
v -15.5161505249307687 -2.1420594292323676 9.8344412816925217 0.3764705882352941 0.3372549019607843 0.3607843137254902
v 1.5355722848478111 0.7037327173309778 9.5805810378515890 0.1568627450980392 0.1686274509803922 0.196078431372549
v 3.3323497357489478 -1.6013127143195762 17.8603337854661177 0.6392156862745098 0.5254901960784314 0.4509803921568628
v -2.0610703233680554 0.5317682272961609 17.5294378810076097 0.3098039215686275 0.3215686274509804 0.3490196078431372
v 1.6496074260591389 0.0616001510169412 14.9091607248631739 0.3098039215686275 0.3215686274509804 0.3529411764705883
v -2.4626056427531875 1.5594075164637544 10.7020520220721078 0.1686274509803922 0.1764705882352941 0.207843137254902
v 3.3933534067911393 -0.4913418122613096 14.7501952307257991 0.4666666666666667 0.392156862745098 0.3568627450980392
v 2.7535646481651646 -0.4255868784327675 13.5715230257738124 0.2627450980392157 0.2588235294117647 0.2823529411764706
v 2.6478719522112604 -0.1988183906021580 13.1812747749625441 0.2274509803921569 0.2352941176470588 0.2666666666666667
v 2.6849268070382131 -0.5961925227959506 14.5093562433011734 0.2627450980392157 0.2627450980392157 0.2941176470588235
v -20.2370310113871170 -3.3289697539082557 17.3469886758381264 0.5019607843137255 0.4117647058823529 0.4509803921568628
v -1.1146320030155736 -0.5671359205195994 18.4567037528469200 0.2745098039215687 0.2941176470588235 0.3254901960784314
v 3.5545704729233534 -1.3996113118048017 17.5558019463409352 0.6313725490196078 0.5098039215686274 0.4196078431372549
v 0.5674386445021806 1.1636905225639878 10.3400757036255335 0.2196078431372549 0.2313725490196079 0.2627450980392157
v -0.4670003368117270 -2.4510976313071682 24.9594510891628829 0.2196078431372549 0.2588235294117647 0.2862745098039216
v 3.8009176442736621 -3.0888887737559179 25.4071966089751342 0.6784313725490196 0.615686274509804 0.5607843137254902
v 3.0982267739107896 -1.5382849044495004 17.1621687131385698 0.6313725490196078 0.5411764705882353 0.4745098039215686
v -14.6131183746009903 -3.4729545619793987 15.5513070701418172 0.403921568627451 0.3215686274509804 0.3882352941176471
v 2.8147682562544465 -0.1824757961950678 12.6399368076596001 0.2470588235294118 0.2431372549019608 0.2627450980392157
v 2.6694438789819910 -0.2531333107072715 12.9569791412372215 0.2352941176470588 0.2352941176470588 0.2666666666666667
v 3.2741744619030286 -1.3053830890345048 17.2950334071700595 0.5882352941176471 0.5176470588235295 0.4666666666666667
v 1.4433265760352778 -1.5793065115511917 20.5891102480242054 0.3019607843137255 0.3215686274509804 0.3568627450980392
v -1.3715495604337464 1.0754390495099724 11.1906778759077685 0.203921568627451 0.2156862745098039 0.2431372549019608
v -19.7709348909506808 2.4358327382880285 0.7278783387839329 0.5490196078431373 0.6588235294117647 0.3647058823529412
v -14.3754514677859362 -3.6181957601168317 14.8117614969572653 0.2823529411764706 0.203921568627451 0.2705882352941176
v 3.4462537345235820 -2.8249050228319330 23.9416689297678431 0.6352941176470588 0.5568627450980392 0.4941176470588236
v -1.8685335444555702 -0.5498004424813734 18.2243749627742773 0.2549019607843137 0.2745098039215687 0.3098039215686275
v 2.4486891311360801 -0.4763256961408506 14.5395894872199154 0.2588235294117647 0.2627450980392157 0.2941176470588235
v 2.5616835448260789 -0.7820723470001878 16.0267072505333275 0.3058823529411765 0.3137254901960784 0.3490196078431372
v -21.0665602870845703 0.1644819675890886 11.9938252282453934 0.2274509803921569 0.3137254901960784 0.1333333333333333
v 2.7288144440800015 -2.0680165986765058 21.6169917254052208 0.3803921568627451 0.407843137254902 0.4392156862745098
v -0.6425690959303243 1.5864997973656951 8.5645520447217081 0.1725490196078431 0.1764705882352941 0.207843137254902
v -0.2989217164305944 1.5120136486481082 10.5927822146532282 0.2235294117647059 0.2313725490196079 0.2588235294117647
v -3.1716215365565001 3.6668794809236820 0.1545413965492525 0.3098039215686275 0.3058823529411765 0.3098039215686275
v -1.3199995667339286 1.4400196868262143 10.1828378029600159 0.2 0.207843137254902 0.2392156862745098
v 3.4494842327781736 -1.4283467602610560 17.8073045576109550 0.6313725490196078 0.5254901960784314 0.4470588235294118
v 2.3722348547750798 -1.5379127214750918 18.6913521164434613 0.3803921568627451 0.396078431372549 0.4313725490196079
v 3.7074427285218552 -1.7798650717111946 19.4851600866352044 0.6784313725490196 0.5725490196078431 0.4862745098039216
v -16.8769676632199577 -3.4469392006361090 13.8596852901052934 0.4823529411764706 0.396078431372549 0.4235294117647059
v -15.2694046772247809 -1.5822420745785586 10.2438458080567685 0.2980392156862745 0.2588235294117647 0.2901960784313726
v 2.2288623602125721 -0.4872321999265185 15.2747968293494374 0.2980392156862745 0.3058823529411765 0.3372549019607843
v 3.4152144101881907 -1.2289260606491890 17.1465911928348831 0.5882352941176471 0.4901960784313725 0.4196078431372549
v -20.8693807822467470 0.4061644111209916 13.1669238262111499 0.4156862745098039 0.407843137254902 0.3372549019607843
v -0.9667032523534971 1.3656418373813146 9.9332045167695284 0.2 0.207843137254902 0.2392156862745098
v 3.5335989067174802 -2.5420588124680599 23.4225062699558961 0.6196078431372549 0.5607843137254902 0.5137254901960784
v 1.6431768642694353 0.1660900763712168 10.8612232752542681 0.1843137254901961 0.196078431372549 0.2196078431372549
v -13.4284035264885446 3.6511573350733784 13.3437375163217631 0.2901960784313726 0.3098039215686275 0.2941176470588235
v -1.9382298870726324 0.4677200057422269 15.5741438353178534 0.2901960784313726 0.3176470588235294 0.3490196078431372
v 0.3884001775128181 2.4214691861355431 6.8764702804298539 0.1333333333333333 0.1490196078431373 0.1725490196078431
v -2.5015196306697534 -0.0483491716031665 16.7735595749918431 0.2901960784313726 0.3215686274509804 0.3529411764705883
v 3.3605107904050797 -2.8877410401278194 23.7684664775574603 0.5490196078431373 0.4588235294117647 0.4117647058823529
v 2.6258240659096881 -0.9312198738411386 17.0583761276232977 0.3176470588235294 0.3254901960784314 0.3607843137254902
v 3.5562685252040627 -2.5651678305442909 22.9314689183997231 0.6509803921568628 0.5647058823529412 0.4823529411764706
v -0.4891648795219832 1.5264383164719988 8.7162377914701015 0.1725490196078431 0.1803921568627451 0.2117647058823529
v 0.7133071742074147 0.3691630109060116 12.6781891183925222 0.2274509803921569 0.2352941176470588 0.2627450980392157
v 1.1064268311834535 1.5502032370519376 8.2832375416447164 0.1490196078431373 0.1607843137254902 0.1882352941176471
v -19.2105521135870347 1.5193529887572124 6.0258467458096261 0.2431372549019608 0.3450980392156863 0.1333333333333333
v -13.0606443270075978 -3.1558950984479059 10.4641386134424206 0.5019607843137255 0.403921568627451 0.4274509803921568
v -17.3186398951363891 -4.6860356648176333 17.1803776743262446 0.6627450980392157 0.1058823529411765 9.019607843137255e-002
v 3.4585664311198241 -1.7324660997369803 19.1607784544402406 0.6549019607843137 0.5411764705882353 0.4509803921568628
v 2.7252380748766418 -1.7975967034270945 20.5062989312011723 0.3568627450980392 0.3725490196078431 0.403921568627451
v 2.5061618060641084 -0.8197319826382485 15.9464334839546034 0.3058823529411765 0.3176470588235294 0.3450980392156863
v 1.0441559406004082 -0.1590234653742908 14.2568456849045386 0.2862745098039216 0.2901960784313726 0.3215686274509804
v -22.8362045995852014 1.4830943565384045 8.5351579148259198 0.5764705882352941 0.7058823529411765 0.4313725490196079
v -0.0694862501167314 -2.7568830519149765 27.0534874882141096 0.1764705882352941 0.2235294117647059 0.2509803921568627
v -2.5390892697466438 0.3180120753770053 15.5791800948873131 0.2666666666666667 0.2823529411764706 0.3137254901960784
v 3.8436280921136508 -2.2958446464249587 21.4528984864800734 0.7294117647058823 0.611764705882353 0.5254901960784314
v 3.6591052087854439 -2.7481179321339875 23.4896423625519475 0.6823529411764706 0.592156862745098 0.5098039215686274
v -1.4848444240258978 1.6324067330380381 9.7399938578971881 0.1725490196078431 0.1843137254901961 0.207843137254902
v -0.2048684221048369 -0.4763888504105873 16.4366633975194212 0.2980392156862745 0.3098039215686275 0.3411764705882353
v 1.3738704847284078 -0.2983093406946991 14.1540696378554678 0.2823529411764706 0.2901960784313726 0.3215686274509804
v 2.4692284443237895 -0.9540156379055857 16.2305372143233626 0.2980392156862745 0.3058823529411765 0.3372549019607843
v 2.9929079047230802 -3.4593342162451908 25.8393505479647985 0.6039215686274509 0.5725490196078431 0.5450980392156862
v 2.6899132638263614 -0.3530991243554958 13.4716709235769585 0.2509803921568627 0.2470588235294118 0.2784313725490196
v 2.5237190042755278 -0.5059432444256184 13.2258970975150696 0.1764705882352941 0.1725490196078431 0.203921568627451
v 2.3277142010920628 -1.4619265317325685 19.3006578799150574 0.2313725490196079 0.2470588235294118 0.2823529411764706
v 3.0735355184822901 -2.5113436351182719 22.1398636878111219 0.4470588235294118 0.392156862745098 0.3607843137254902
v 2.8321950819648198 -1.0706694992133048 17.8956895728696566 0.3607843137254902 0.3803921568627451 0.4117647058823529
v 23.1340763111507925 -3.9249854651662162 55.0252837739665850 0.9019607843137255 0.788235294117647 0.8549019607843137
v 3.5072045819423754 1.6108820075958012 6.0025206051233493 0.2509803921568627 0.1725490196078431 0.1333333333333333
v 24.7258003943764813 5.8317313946999452 49.4393055846556280 0.7607843137254902 0.7019607843137254 0.6666666666666666
v 1.0109644158048006 1.4222680862388779 7.7517319332491326 0.1490196078431373 0.1490196078431373 0.1843137254901961
v 1.4083001941855346 1.6172058216784695 10.3480797005118426 0.1882352941176471 0.1843137254901961 0.2274509803921569
v 32.3867934633958114 2.3579383246627743 49.9896920721451252 0.7019607843137254 0.6470588235294118 0.6078431372549019
v 1.6973883254438304 -6.8298468511973915 31.0907340524076758 0.2941176470588235 0.2117647058823529 0.1725490196078431
v -11.4576868847663853 0.1050893228281062 11.9282279492185861 0.203921568627451 0.1882352941176471 0.2313725490196079
v 0.8803802495559448 -6.1950786197093421 29.2065051042381896 0.2980392156862745 0.2666666666666667 0.2627450980392157
v -20.1987228299229109 -0.0949272361126879 9.5500559320269520 0.2 0.3019607843137255 0.1254901960784314
v 3.9166265874893127 -0.6154095777498922 15.6541827070446811 0.5843137254901961 0.4470588235294118 0.3686274509803922
v -21.0551606486615128 -0.0415724174498204 15.8009835823324440 0.2549019607843137 0.2274509803921569 0.2549019607843137
v 3.6952825822314881 -0.5423737234578088 13.6279167064307050 0.5725490196078431 0.403921568627451 0.3411764705882353
v 29.9612657739873001 -2.9369909136220969 54.0617150767933339 0.9098039215686274 0.9058823529411765 0.9294117647058824
v 2.6449538641208616 0.1838170695275644 10.8644484745336829 0.203921568627451 0.1921568627450981 0.2235294117647059
v -0.7184010530312039 -2.4074970463110823 22.1734042323970613 0.1764705882352941 0.196078431372549 0.2274509803921569
v 3.0248974532017279 -0.0482152246514382 12.8978098790150728 0.2627450980392157 0.2431372549019608 0.2705882352941176
v -18.2790729210461258 1.0587766985352154 5.7043831052187652 0.3803921568627451 0.5176470588235295 0.2627450980392157
v 3.0559408692482553 -1.7880129025539542 18.8153157252082508 0.6078431372549019 0.5254901960784314 0.4901960784313725
v 27.9176352052187191 -2.9769373710608766 52.2579631932655531 0.8784313725490196 0.8705882352941177 0.8901960784313725
v 3.5979375219738414 0.0206984643170204 12.0740008410807569 0.4117647058823529 0.3019607843137255 0.2509803921568627
v -2.2419850443819627 -5.4772148493861650 6.9216090674614330 0.9372549019607843 0.8901960784313725 0.9058823529411765
v -0.8662614570219027 1.4874618317368165 11.7458884101677530 0.203921568627451 0.203921568627451 0.2431372549019608
v 3.2353567363722351 -2.6423752663648337 21.0162757149018802 0.6549019607843137 0.5450980392156862 0.4784313725490196
v 18.6904230001325082 -2.6010375935496732 49.6897322822400085 0.8705882352941177 0.7725490196078432 0.8392156862745098
v 3.9872215175733854 -0.2730099766915426 14.4086781624815305 0.5254901960784314 0.3764705882352941 0.3098039215686275
v 3.1879786273185289 0.4333893036070596 9.6250013316219309 0.2784313725490196 0.203921568627451 0.1725490196078431
v -22.7442746484316523 3.3784630557117019 0.4511921774093015 0.403921568627451 0.4941176470588236 0.3098039215686275
v -20.7747859292493047 -5.7382664855476708 4.1242659608767713 0.2352941176470588 0.207843137254902 0.2392156862745098
v 2.6661964589080775 -0.2375270523170935 13.5061145202287829 0.2352941176470588 0.2313725490196079 0.2666666666666667
v 3.2501861529889711 -1.8080927076748063 19.0934578513604407 0.6235294117647059 0.5215686274509804 0.4705882352941176
v 6.7991123737803436 1.3437881885070917 7.5918987958649424 0.8313725490196079 0.7529411764705882 0.7411764705882353
v 3.2066397126798014 -3.1149767165328459 23.5511184135634579 0.611764705882353 0.5098039215686274 0.4627450980392157
v -1.4804521628801646 -0.2415403264769778 17.3667876011619242 0.1686274509803922 0.1803921568627451 0.2117647058823529
v 3.5270983477131264 -0.4764803855867913 13.2011676501912376 0.5215686274509804 0.3725490196078431 0.3058823529411765
v -22.3414802776349894 5.0478961793333728 0.9708914590883740 0.3647058823529412 0.403921568627451 0.2901960784313726
v 1.6193367929102525 -3.2113413290165207 21.8469527529705090 0.2392156862745098 0.2470588235294118 0.2784313725490196
v -13.7619329303331703 2.0910782580243459 11.8135067716555469 0.1803921568627451 0.2352941176470588 0.2196078431372549
v 1.7075651321687935 -1.7576220427954843 23.6895419375610103 0.2117647058823529 0.2274509803921569 0.2627450980392157
v -7.1371735622143779 -5.9348502739180002 26.0614080811278583 0.6 0.5568627450980392 0.5607843137254902
v 1.0478039271109207 1.2135196696690844 6.2664958730937004 0.1254901960784314 0.1333333333333333 0.1647058823529412
v 1.0454714305659945 -2.1155971188569547 18.5896847278838351 0.2509803921568627 0.2549019607843137 0.2941176470588235
v -21.8492657149199445 2.3682405119531795 -0.6759643370563087 0.403921568627451 0.5137254901960784 0.3019607843137255
v -20.6755770062836994 1.8510152277691914 1.3135044266117490 0.3450980392156863 0.4431372549019608 0.2352941176470588
v -20.5895242545332131 2.1598564337583217 3.6242908889107452 0.3882352941176471 0.4901960784313725 0.2941176470588235
v 4.3795133504256407 -2.6628811303790583 28.2585646264928130 0.4941176470588236 0.4392156862745098 0.4196078431372549
v 3.0461423129203444 -0.0361905864591948 10.5336054065354006 0.3137254901960784 0.2274509803921569 0.1882352941176471
v 3.1733772696476277 1.3810277980107990 6.4562241402049967 0.1568627450980392 0.1254901960784314 0.1294117647058824
v 3.8119170469217072 -2.1601018014050783 21.4445438409950597 0.6431372549019608 0.5372549019607843 0.4666666666666667
v -1.6885770680370671 0.3638573295164613 15.8881508553655184 0.1686274509803922 0.1843137254901961 0.2235294117647059
v 3.9657590851422664 -1.6697456636771062 20.3377622994799410 0.6431372549019608 0.5372549019607843 0.4666666666666667
v 0.4474258108765269 -1.3505833243628373 20.2023613936960231 0.2392156862745098 0.2549019607843137 0.2941176470588235
v -18.0258581979023909 6.2125766644181386 1.0574383099127405 0.1764705882352941 0.2313725490196079 0.1725490196078431
v -16.2097652291381067 -4.3742996859467613 11.8533920166704529 0.4862745098039216 0.403921568627451 0.4470588235294118
v 3.4562456444840053 -4.3929776399251477 29.6112837106618016 0.6078431372549019 0.5254901960784314 0.4745098039215686
v -29.6488430028769372 10.3019530003272770 3.5678713737723089 0.4980392156862745 0.4431372549019608 0.407843137254902
v -19.0532635623685564 -1.7292989236251251 14.1172475417359795 0.2588235294117647 0.2196078431372549 0.2392156862745098
v -9.9291306800851657 -8.5761197337487491 -0.7900832092064869 0.2274509803921569 0.2431372549019608 0.2823529411764706
v -20.1082778723919837 -0.1466336683971315 10.9071952251937248 0.2117647058823529 0.3058823529411765 0.1098039215686274
v 2.8899255354452209 -2.2301969451162789 23.0566956566155028 0.2549019607843137 0.2745098039215687 0.3098039215686275
v -20.1957870711390406 -0.0508563262480936 7.6985234895833008 0.3882352941176471 0.5098039215686274 0.2666666666666667
v -14.1659538511335583 -0.3786554083953479 9.8498270174969633 0.2431372549019608 0.2117647058823529 0.2431372549019608
v -25.0294275005900957 -2.7208164807630322 -1.4033533395169453 0.4313725490196079 0.3803921568627451 0.3254901960784314
v -18.2092168035043898 -2.5065388228606347 4.1240271786861999 0.2784313725490196 0.3725490196078431 0.196078431372549
v -15.0195458791026759 -13.9489908777462013 -11.5065706136286661 0.9058823529411765 0.7333333333333333 0.7686274509803922
v 3.7011164104704681 -1.8524577795378823 19.9707879430363775 0.6392156862745098 0.5254901960784314 0.4549019607843137
v 1.6030358425986264 0.4963778279249711 2.7823280689118248 0.2196078431372549 0.1450980392156863 0.1058823529411765
v 3.2871565986647040 -3.3261417509949522 24.6340828135525385 0.6 0.5058823529411764 0.4549019607843137
v -0.5182406107553095 1.5034444648155132 8.7834603081741740 0.1725490196078431 0.1725490196078431 0.2156862745098039
v -20.8831095275415528 0.2458416487932189 12.5947037417947811 0.4156862745098039 0.4117647058823529 0.3215686274509804
v -14.9254452028772491 -13.9596384450674549 -11.3379646638099238 0.9176470588235294 0.7490196078431373 0.7843137254901961
v 3.8142649292249455 -2.8150467422079863 23.4202299465790560 0.6509803921568628 0.5607843137254902 0.5019607843137255
v -6.8351875050259476 -2.9842760330068590 0.6150763556191954 0.1490196078431373 0.1529411764705882 0.1921568627450981
v -1.4579865116261588 1.6536771894119453 5.7488264097328381 0.1254901960784314 0.1333333333333333 0.1725490196078431
v -22.4275321992238972 11.1925768124246581 4.8546869877976322 0.5490196078431373 0.5058823529411764 0.4313725490196079
v -22.9650755061755518 0.9007981625030596 0.7648393026761190 0.596078431372549 0.611764705882353 0.4392156862745098
v 3.3013045573310809 -3.0644354836568999 24.2471896734305830 0.5725490196078431 0.4901960784313725 0.4509803921568628
v 22.3064958802828528 -5.4883933765716071 52.3788186914789051 0.9019607843137255 0.7568627450980392 0.8156862745098039
v 27.3265684189136877 5.3030549848934285 56.8337078975904149 0.7647058823529411 0.7215686274509804 0.6862745098039216
v 7.1648613902671565 2.6885789336191506 13.0913761899834267 0.6901960784313725 0.5843137254901961 0.5372549019607843
v -24.3092085250238021 -0.3938557548483896 40.1885360865128121 0.5529411764705883 0.4823529411764706 0.4313725490196079
v 23.0248207683766246 -4.1416996430534150 54.3165331682277284 0.9058823529411765 0.7764705882352941 0.8431372549019608
v 50.2253292946373975 25.0980704240894745 65.4602338833277315 0.8352941176470589 0.7215686274509804 0.7254901960784313
v 29.4659954695149722 4.2550430777714547 47.6564948874048326 0.6627450980392157 0.5882352941176471 0.5568627450980392
v 19.0583667898519913 -6.5691443902283320 53.7452296549031132 0.8823529411764706 0.792156862745098 0.8352941176470589
v 50.5124564128825284 25.2599521506700668 66.5944744087383214 0.8156862745098039 0.6666666666666666 0.6862745098039216
v 3.1948816145317589 -5.4127173083665214 29.9801212432039250 0.4470588235294118 0.396078431372549 0.3725490196078431
v 1.6330559459819909 -2.6577750292379942 21.6508904556856194 0.2235294117647059 0.2392156862745098 0.2705882352941176
v -20.2494411251616349 -13.7165894118454261 -16.6793448327228120 0.4431372549019608 0.4627450980392157 0.3450980392156863
v 19.3063704959478741 -7.2343305009652719 53.6482419649008406 0.8745098039215686 0.796078431372549 0.8431372549019608
v -17.9555105757673488 -1.1093110250897855 12.9030398339775267 0.2117647058823529 0.2196078431372549 0.203921568627451
v 3.6140359516678466 0.7477934720517116 9.9183117174607229 0.2941176470588235 0.2196078431372549 0.1843137254901961
v 22.5874473783352023 -5.1709696922809014 54.1245973766669124 0.8862745098039215 0.7647058823529411 0.8274509803921568
v 28.8778235634160190 3.5944234869861367 46.2136776207749520 0.6470588235294118 0.5843137254901961 0.5490196078431373
v -19.9290766760124072 -14.3463523371343822 -16.6756975314461044 0.4392156862745098 0.396078431372549 0.3411764705882353
v 20.9418580027299193 -2.0358495579456779 54.3566919579941015 0.8784313725490196 0.788235294117647 0.8549019607843137
v -14.0469888627329489 -12.4525264225863861 -12.1910295746209822 0.8745098039215686 0.796078431372549 0.7764705882352941
v 22.4718519597859583 -6.6490821402577351 52.7869700899659193 0.8862745098039215 0.7333333333333333 0.792156862745098
v 22.8678566135584198 -4.8623263869757842 53.4476010354425668 0.8980392156862745 0.7568627450980392 0.8196078431372549
v 20.8400622623833449 -5.9069067550562266 52.2937370375926136 0.8823529411764706 0.7725490196078432 0.8235294117647058
v 19.7452110737348825 -4.2088929311007570 59.5290275634303683 0.8117647058823529 0.7568627450980392 0.7529411764705882
v 19.3209108855106706 -1.2977493493598926 59.0319032003790696 0.7607843137254902 0.6274509803921569 0.6039215686274509
v 3.1356269615635957 -5.7640684002217846 34.2699635013767008 0.3882352941176471 0.2784313725490196 0.2235294117647059
v 19.5808272419592733 -4.1680762524020052 57.2538533405854650 0.8705882352941177 0.803921568627451 0.8352941176470589
v 3.2170559955978204 1.2191043605889540 6.8526405761244602 0.2 0.1450980392156863 0.1294117647058824
v 27.5613591612567923 -0.3573357429439080 53.8421738855207082 0.8588235294117647 0.788235294117647 0.807843137254902
v -0.4849105837826440 1.5036267564613075 9.8631534632163778 0.196078431372549 0.196078431372549 0.2392156862745098
v 23.7717144692980256 -5.4659501122351051 53.7741814144406902 0.8901960784313725 0.7098039215686275 0.7607843137254902
v 32.4389227364207926 3.9145074368399762 52.2602764327921321 0.7058823529411765 0.6352941176470588 0.6078431372549019
v 3.1774386447354206 -0.2573201371094361 14.2122955663706616 0.3215686274509804 0.2980392156862745 0.3215686274509804
v 20.7910637087295314 -4.4363295966578988 54.2731679338650821 0.8941176470588236 0.803921568627451 0.8549019607843137
v -11.3733197940873225 -3.4653955209382863 12.4901971053044107 0.6039215686274509 0.5686274509803921 0.6352941176470588
v 21.3437093360464836 -4.4319075214681325 53.8487721045606449 0.8588235294117647 0.7686274509803922 0.8235294117647058
v 28.6020513645132688 0.0385395768407183 55.8567701272082928 0.8431372549019608 0.7686274509803922 0.7843137254901961
v 0.8553705131957153 -1.3210195017056670 19.7986810557849111 0.2313725490196079 0.2431372549019608 0.2823529411764706
v -1.1857744566030708 -0.5608946691074193 19.0433657983712337 0.1764705882352941 0.1882352941176471 0.2235294117647059
v -28.9854802083184673 5.4872460529221279 8.1268759682380836 0.4313725490196079 0.3725490196078431 0.3294117647058823
v 2.8368417415811065 -0.1689595283803899 14.0473239801794296 0.2509803921568627 0.2509803921568627 0.2901960784313726
v -30.1481442607468786 3.0688061433897023 22.2675535686464485 0.592156862745098 0.5568627450980392 0.5647058823529412
v -19.7463253794138147 0.8099396452916846 7.2763832980414591 0.4 0.5294117647058824 0.2588235294117647
v 4.2031950678507606 -1.3812330205105006 19.1055661962634105 0.7058823529411765 0.5882352941176471 0.5137254901960784
v -1.9612769155918608 -6.1776607415896843 38.0297549093569884 0.2549019607843137 0.2117647058823529 0.1882352941176471
v 33.3016236166547515 3.0503762344831937 52.1923595965603155 0.6901960784313725 0.6235294117647059 0.592156862745098
v 3.0867372245487839 1.4405695741151698 5.8931036972719788 0.1725490196078431 0.1372549019607843 0.1411764705882353
v -1.1242953305057826 1.1436217124538606 11.6219665992073509 0.203921568627451 0.207843137254902 0.2470588235294118
v 1.3264788273798487 -1.8664999082824696 21.3247504317432615 0.2509803921568627 0.2705882352941176 0.3098039215686275
v 2.7511055060751608 1.3944937895499254 5.9738365714327140 0.1254901960784314 0.1215686274509804 0.1529411764705882
v -15.7069572026693329 -3.5027200884835841 17.3267872913042709 0.5450980392156862 0.4901960784313725 0.5215686274509804
v 2.8009539182519094 0.1899040208696379 12.3298809709216357 0.2470588235294118 0.2392156862745098 0.2784313725490196
v -20.5235046969768788 1.1268539487347431 10.2061421285457499 0.4156862745098039 0.5490196078431373 0.2941176470588235
v -34.9967985575341771 -3.2956184341901693 23.8453635180496164 0.5019607843137255 0.4705882352941176 0.4705882352941176
v 3.4773683548120804 0.8874487071111340 8.9494500735146296 0.2588235294117647 0.1921568627450981 0.1686274509803922
v 2.9263393166254992 0.4917652037385940 10.6682810708817577 0.1921568627450981 0.1843137254901961 0.2196078431372549
v 2.8877387392367320 1.5802250943460794 5.8279614904386428 0.1137254901960784 0.1137254901960784 0.1490196078431373
v 4.2567757687046885 0.0673703001071592 13.3157735188425264 0.5450980392156862 0.392156862745098 0.3333333333333333
v -1.1061380455269567 1.8666695855659698 5.6928701473768761 0.1490196078431373 0.1529411764705882 0.1921568627450981
v -7.4619630414928180 -7.6797545673627408 -1.8905380486668522 0.7607843137254902 0.615686274509804 0.6039215686274509
v 2.3405082068275194 1.4785705032443575 5.8721082762088113 0.1254901960784314 0.1254901960784314 0.1607843137254902
v -18.2968703020950834 -0.1314087489751686 6.5235361438974566 0.3294117647058823 0.4549019607843137 0.2235294117647059
v -22.6848568979738516 2.2158839979704190 21.7498876161201338 0.6078431372549019 0.5607843137254902 0.5450980392156862
v 3.8434190275627387 -0.6658876101564872 14.0357430991878012 0.6588235294117647 0.5176470588235295 0.4705882352941176
v -7.5649719205064505 -3.5986575228777378 -4.2063031568035241 0.1294117647058824 0.1372549019607843 0.1686274509803922
v -20.4355342624855254 -12.3469854762122893 -16.6630209278332799 0.3647058823529412 0.3882352941176471 0.2745098039215687
v 20.1503745986962564 -1.7461459702520232 56.7104369770083281 0.8745098039215686 0.7254901960784313 0.7686274509803922
v -21.9097037549035534 1.3501078209941380 10.0605476342973716 0.4431372549019608 0.5686274509803921 0.3137254901960784
v 3.3248056391707697 -1.1642589078936392 15.7000889182915859 0.6431372549019608 0.5294117647058824 0.4588235294117647
v 13.7956410208578468 -5.2869155704337976 52.4438276119059381 0.2745098039215687 0.2431372549019608 0.2196078431372549
v -9.8491034948644938 -11.3116334486697578 -4.3799001928373196 0.8509803921568627 0.8352941176470589 0.8470588235294118
v -18.1921005120723009 2.3488681370529414 19.9127509333913011 0.2980392156862745 0.2941176470588235 0.3411764705882353
v -0.6514004938457862 -2.5841773825015633 24.5718737922355999 0.1686274509803922 0.196078431372549 0.2196078431372549
v -20.5480407817415269 -0.1845015383354409 23.0622698189989421 0.4392156862745098 0.3568627450980392 0.3686274509803922
v -9.7026287635898676 -1.4929130806253743 11.9803915134267331 0.2470588235294118 0.207843137254902 0.2549019607843137
v 14.0283211057797317 11.3616150675018712 26.3897657691920386 0.1882352941176471 0.1843137254901961 0.2196078431372549
v -16.1104550268037130 -4.2307785698951257 3.2564992106986499 0.2784313725490196 0.2392156862745098 0.2745098039215687
v -15.7182101420773535 -2.6914695617179634 12.5126164491905350 0.4196078431372549 0.3411764705882353 0.3450980392156863
v -28.1001648961214805 3.1076478973753900 10.2557217869205530 0.2549019607843137 0.203921568627451 0.1764705882352941
v -15.5687019383949874 -1.6648222367005328 13.5889225481848879 0.2980392156862745 0.2509803921568627 0.2627450980392157
v -12.3206278941473819 -8.1174136387466955 -5.8657863389007243 0.2117647058823529 0.2196078431372549 0.2549019607843137
v 3.4559301008559991 1.3177569938392790 6.8726198331148831 0.3058823529411765 0.2313725490196079 0.196078431372549
v -12.4352082956489909 -4.0864286900043227 12.1544384521892770 0.3411764705882353 0.2627450980392157 0.2705882352941176
v 0.2789002133822485 2.3059496804410222 5.6356653835870230 0.207843137254902 0.207843137254902 0.2509803921568627
v 1.0705572071095939 1.2208319192303889 9.4542947856861339 0.3058823529411765 0.3019607843137255 0.3529411764705883
v 2.9605993996698761 0.2879243140750105 11.9074392429910798 0.3803921568627451 0.3686274509803922 0.4196078431372549
v 0.2540243553322744 0.6963729216800438 12.7430979389069634 0.2941176470588235 0.2941176470588235 0.3372549019607843
v 0.0482447268257478 2.3959407856729484 5.4834893141446273 0.2 0.2 0.2392156862745098
v 3.2603414614565605 1.1683769008476903 7.5324901557278938 0.2509803921568627 0.2196078431372549 0.2313725490196079
v -0.3458604357827972 2.5029816047990736 5.4917130232615827 0.2392156862745098 0.2392156862745098 0.2823529411764706
v -10.5915998626434487 0.9104941465218684 13.6362240897865483 0.3215686274509804 0.3294117647058823 0.396078431372549
v -31.6702624411886511 -3.9228831526265786 16.3546764352612968 0.5137254901960784 0.4784313725490196 0.4862745098039216
v -0.4526283401470956 1.9728289216473562 8.1344023212763723 0.2627450980392157 0.2627450980392157 0.3098039215686275
v -1.0544699579724159 2.6078350182313219 6.4613858342322956 0.2156862745098039 0.2196078431372549 0.2588235294117647
v 12.3575712314647035 -5.0532443601948511 38.0421533378133248 0.8627450980392157 0.7490196078431373 0.803921568627451
v 2.2642093174224316 1.6533101306985045 6.6841039785519492 0.196078431372549 0.1921568627450981 0.2313725490196079
v -0.4837142562863732 2.4245825873442035 6.1531343601159891 0.2196078431372549 0.2235294117647059 0.2627450980392157
v 3.1752226146544520 0.9402314533697786 8.1378495528032531 0.2862745098039216 0.2549019607843137 0.2745098039215687
v -1.3402426604995012 2.1380334798472265 8.1387831072722285 0.2235294117647059 0.2274509803921569 0.2705882352941176
v -1.5222274784259335 2.5403454100284479 6.3785632134964576 0.2117647058823529 0.2117647058823529 0.2509803921568627
v 0.2097624964230214 2.1771165497492007 6.7781781772930882 0.2235294117647059 0.2196078431372549 0.2588235294117647
v 2.4518132875523748 2.0208031465195524 6.2659325087627211 0.196078431372549 0.196078431372549 0.2313725490196079
v -14.7692156149315821 -3.5985441013840784 12.5718671355594438 0.4235294117647059 0.3568627450980392 0.3764705882352941
v -0.0746444359766896 2.4626390569704375 5.4391468299160373 0.207843137254902 0.207843137254902 0.2470588235294118
v 2.6303121124393858 0.9149565744841089 8.7946078127889358 0.2745098039215687 0.2666666666666667 0.3137254901960784
v 0.8768843825005379 1.9175303282324483 6.6153545641183813 0.2313725490196079 0.2313725490196079 0.2666666666666667
v 2.2789420242598863 1.6925987349800131 6.3217288219672962 0.1882352941176471 0.1882352941176471 0.2274509803921569
v -0.9481907195353316 2.3946197399915841 5.1634542857883030 0.2196078431372549 0.2235294117647059 0.2627450980392157
v 3.5169435770494308 0.0112043931473699 12.1915891730726536 0.5686274509803921 0.4705882352941176 0.4392156862745098
v -0.9553834959133640 2.6385635614459622 6.4815957820084869 0.2274509803921569 0.2274509803921569 0.2666666666666667
v 4.3979684947144584 1.1373258243484357 9.0596154601908054 0.5607843137254902 0.4235294117647059 0.3725490196078431
v 0.1672323002330647 1.6436887336990431 9.0938246054941434 0.2705882352941176 0.2666666666666667 0.3098039215686275
v 2.3138602952764087 1.2107764518434607 8.2866209836092040 0.2549019607843137 0.2509803921568627 0.2941176470588235
v 1.4843124768111862 0.9527738917288036 9.8614600683322671 0.2941176470588235 0.2901960784313726 0.3333333333333333
v -22.1542737938997298 -2.9774635211739611 15.1932115722580523 0.4862745098039216 0.4117647058823529 0.3882352941176471
v 2.1800129924177365 1.3176312586991001 7.6019829556619589 0.2274509803921569 0.2235294117647059 0.2627450980392157
v -1.4218333468607578 2.5040640681127506 6.0202866537422812 0.2196078431372549 0.2196078431372549 0.2588235294117647
v 3.4155246433087223 1.3796766502000328 6.6123591780555309 0.3098039215686275 0.2431372549019608 0.2196078431372549
v 1.3325845377946957 1.9899294418878175 6.6366490285681916 0.2274509803921569 0.2235294117647059 0.2627450980392157
v -0.5508024769493307 2.5199558521404848 6.0017253181982086 0.2431372549019608 0.2431372549019608 0.2823529411764706
v 2.3955828074239371 1.7984741827570043 5.6780805633472760 0.196078431372549 0.196078431372549 0.2313725490196079
v 3.4023105595843446 -0.1361052660790443 11.5471364445172924 0.6 0.4823529411764706 0.4392156862745098
v -13.1839538557770020 2.4358248866613326 13.1929349094089758 0.2745098039215687 0.3254901960784314 0.3568627450980392
v 1.7687695612262524 0.6233445625823806 11.2455827666930066 0.2901960784313726 0.2901960784313726 0.3333333333333333
v 3.1606324192449593 0.7973765785822935 8.6194763353752215 0.3254901960784314 0.2823529411764706 0.2901960784313726
v -0.2348671813180605 2.2182514364968346 6.5842977136342142 0.2156862745098039 0.2156862745098039 0.2549019607843137
v -0.6968725711137924 2.0973695388581541 7.5163448318255188 0.2392156862745098 0.2431372549019608 0.2823529411764706
v 2.6410958702919083 1.0313423500746040 7.5742430278372508 0.2235294117647059 0.2196078431372549 0.2588235294117647
v 1.8982918950972048 1.7110813320600529 7.0662860283856892 0.2156862745098039 0.2117647058823529 0.2549019607843137
v 0.3845776177024946 1.7682237575707971 7.8246958294866351 0.2431372549019608 0.2470588235294118 0.2941176470588235
v -12.2439720314735609 -0.1270349814217668 10.3987666607110061 0.3529411764705883 0.3607843137254902 0.4352941176470588
v 0.9744796832668352 2.5534291203961121 8.9628480768601939 0.2509803921568627 0.2509803921568627 0.2901960784313726
v -1.5293204340177651 2.8479234817258279 5.9437114181254831 0.203921568627451 0.207843137254902 0.2470588235294118
v 4.4748181794863724 -4.2902873558666643 31.6680692012008436 0.4823529411764706 0.3725490196078431 0.3294117647058823
v -22.1713597419679260 2.6067432079595960 1.0345133890799139 0.5411764705882353 0.6274509803921569 0.407843137254902
v -17.2412926198748622 -1.9912564034054665 -9.1613467579001533 0.3843137254901961 0.4705882352941176 0.2862745098039216
v -0.7873814653337559 -0.7032869059180720 18.5143936041714241 0.1882352941176471 0.1921568627450981 0.2352941176470588
v -12.0142280587384747 -9.9884836484997503 7.9290902402102885 0.2784313725490196 0.2352941176470588 0.2196078431372549
v -16.2936279501485863 -4.8076053600888899 -12.9747214201244887 0.3372549019607843 0.4274509803921568 0.2274509803921569
v -20.8684703075228484 5.9562176321255906 0.9664948239177201 0.1882352941176471 0.2549019607843137 0.1764705882352941
v 3.3592269556884777 -0.7182120939169014 14.4751983283190935 0.6784313725490196 0.5803921568627451 0.5529411764705883
v -13.3592016385818475 -4.9723790039323346 12.9863480863238916 0.5137254901960784 0.2117647058823529 0.1882352941176471
v -14.7867418886898605 -2.5890117614795161 38.4180835567504744 0.4509803921568628 0.403921568627451 0.3607843137254902
v -13.8003759044204557 -4.9805637581561815 12.7854972180018311 0.4823529411764706 0.2313725490196079 0.2
v 3.8530113516062765 -0.4163813209869103 17.5818001258504424 0.5294117647058824 0.5098039215686274 0.5607843137254902
v -13.9074618905315646 -4.8856610174471911 13.1667057465748680 0.4588235294117647 0.2274509803921569 0.196078431372549
v 2.3259214212162731 -3.2239219403517305 24.2004988699582952 0.2745098039215687 0.2627450980392157 0.2862745098039216
v 3.8689679219528554 0.6397542958395277 9.5289079942673016 0.5882352941176471 0.4705882352941176 0.4196078431372549
v -19.3429295132915975 2.3478819361727736 -0.2531970403678019 0.5176470588235295 0.6 0.3411764705882353
v -12.4048683191805402 -7.8995708999146768 -14.3280220350879670 0.807843137254902 0.7490196078431373 0.7490196078431373
v -17.7321074517876305 -3.1256668612663949 14.5470019016388985 0.403921568627451 0.3372549019607843 0.3647058823529412
v -36.5708029072678968 -1.5756530077331770 28.5516717081343643 0.5137254901960784 0.4823529411764706 0.4862745098039216
v -11.1464380957812033 -8.9488657403958758 -11.3880357931850096 0.7647058823529411 0.7607843137254902 0.7607843137254902
v -15.6661521354392832 -5.9574804480325900 -15.6304085654938039 0.2235294117647059 0.2980392156862745 0.1764705882352941
v -13.1750503392080809 -1.1591615496214822 11.0594136067607618 0.1529411764705882 0.1254901960784314 0.1764705882352941
v 4.9375591468987627 2.1473224984335779 7.2420834028987340 0.5254901960784314 0.3725490196078431 0.3137254901960784
v -3.2372031211660532 2.1786536861843158 4.7929396866210849 0.3058823529411765 0.3058823529411765 0.3450980392156863
v -1.3444215809971765 -10.8684168017920868 13.6166253046133559 0.7058823529411765 0.6941176470588235 0.6039215686274509
v -21.4503484695645668 3.4130768815109702 1.9117624018705563 0.4196078431372549 0.5176470588235295 0.2980392156862745
v -12.8960550231113338 -3.5465761242412821 10.7717697175492280 0.3490196078431372 0.2823529411764706 0.2941176470588235
v 3.7521884061829645 0.0965482802650982 11.2300631915597435 0.5137254901960784 0.3843137254901961 0.3294117647058823
v 2.9973493403218034 1.4418255183064388 6.7792773785172775 0.1254901960784314 0.1215686274509804 0.1529411764705882
v 45.9592441226239998 21.7563230970965797 59.6216967411497833 0.8666666666666667 0.7764705882352941 0.7764705882352941
v 3.0856445297933797 1.2376435076266186 7.9609440086721008 0.1372549019607843 0.1372549019607843 0.1686274509803922
v 1.7108642724119951 -1.2469381646744360 18.3781491767739382 0.2980392156862745 0.3019607843137255 0.3450980392156863
v 2.9917760871508969 1.4081393907800388 6.5025777920305012 0.1411764705882353 0.1333333333333333 0.1529411764705882
v 8.3145345481395712 -7.8490949271394541 43.2821391825928714 0.3058823529411765 0.2627450980392157 0.2470588235294118
v 4.9149129996657202 -7.4051233810611068 39.6532901441207812 0.1843137254901961 0.1490196078431373 0.1333333333333333
v -20.2376960905941949 1.2236826799237934 3.7064282606608394 0.2588235294117647 0.3529411764705883 0.1607843137254902
v 4.0078240804456531 -6.9846557820703401 40.0740446311075473 0.2980392156862745 0.2156862745098039 0.1725490196078431
v 2.8708160361820374 1.4636634340177281 6.2963700981165296 0.1294117647058824 0.1254901960784314 0.1568627450980392
v 20.0780316012128672 -0.9610433968656893 55.2255498932324826 0.8705882352941177 0.7686274509803922 0.8235294117647058
v 15.5242919044898180 6.4683780987717387 20.3657452659027030 0.8627450980392157 0.788235294117647 0.788235294117647
v 3.2515299398919932 1.7010860591472121 4.8626097067161229 0.2274509803921569 0.1607843137254902 0.1215686274509804
v 3.1645680303722554 0.0400089119037425 11.9947883328978175 0.2823529411764706 0.2352941176470588 0.2352941176470588
v 3.5168144839985014 1.3482970125806863 7.2403863798565551 0.2392156862745098 0.1725490196078431 0.1372549019607843
v 48.5764835824588701 18.6178850124244555 60.2501470379578734 0.9294117647058824 0.8431372549019608 0.8352941176470589
v 1.3931425078172202 1.1048191083740369 8.0393383167219294 0.1686274509803922 0.1686274509803922 0.203921568627451
v 3.4556403029628857 -0.3064935116520688 12.6886150600308270 0.4705882352941176 0.3490196078431372 0.2862745098039216
v 3.3674560421105109 1.4082427004553426 6.4925983191314813 0.2156862745098039 0.1568627450980392 0.1333333333333333
v 2.2057573831168957 -1.0549667868492092 9.0270648764092130 0.6980392156862745 0.5568627450980392 0.5215686274509804
v 1.6014192037932209 1.0136232159784597 9.3351884762390736 0.1882352941176471 0.1843137254901961 0.2235294117647059
v 1.3558923555135378 -1.5138037291026996 19.8237856336219522 0.2666666666666667 0.2823529411764706 0.3176470588235294
v 3.6646706072485262 -0.8609047216466390 16.1894250696842938 0.6078431372549019 0.4901960784313725 0.4274509803921568
v -9.4230628395853095 -12.1814374372321890 -3.3430527741963521 0.8784313725490196 0.8235294117647058 0.8705882352941177
v 3.6547864169099067 -5.0727988273776026 33.7596332952438161 0.4745098039215686 0.3843137254901961 0.3411764705882353
v 3.2240258796050112 1.3092668737927691 7.6210497956878456 0.1607843137254902 0.1450980392156863 0.1647058823529412
v 17.3807766468019480 13.5176112970390250 23.8837816011908473 0.1176470588235294 0.1254901960784314 0.1568627450980392
v 3.1143142963141051 1.0729241099142937 7.3349321302884807 0.1803921568627451 0.1450980392156863 0.1411764705882353
v -1.3540731698845561 1.7221763122718512 5.8827380403657514 0.1490196078431373 0.1568627450980392 0.1921568627450981
v 3.4645456052652444 1.5969134355589083 6.5829848709413969 0.1647058823529412 0.1411764705882353 0.1411764705882353
v -0.0017605546983287 1.2728242096207978 9.4793726823462912 0.2117647058823529 0.2117647058823529 0.2549019607843137
v -0.0584286462306872 0.5310495627927198 12.6897865704156843 0.2313725490196079 0.2352941176470588 0.2745098039215687
v 2.7752584834065486 1.4194241179177360 6.7003715087237667 0.1294117647058824 0.1254901960784314 0.1607843137254902
v 3.7617631829319280 -1.9423791574044451 20.9456815276381789 0.6470588235294118 0.5333333333333333 0.4745098039215686
v 3.6893227282594308 -1.4858595343224661 18.5978289692693721 0.6588235294117647 0.5450980392156862 0.4784313725490196
v 3.2472817821882698 1.2637595350702595 7.2761261859832915 0.1607843137254902 0.1333333333333333 0.1450980392156863
v -2.0774378053996529 -7.1685025496218850 3.3872239597394422 0.8588235294117647 0.7333333333333333 0.7490196078431373
v -2.7200636338213484 2.2500460559214615 6.8867388885872751 0.2470588235294118 0.2431372549019608 0.2784313725490196
v -20.2469651704669786 0.2155311547025469 8.3522443785354454 0.3882352941176471 0.5137254901960784 0.2705882352941176
v -20.1741846232644626 -9.4416734966923972 0.3242797556193078 0.4705882352941176 0.403921568627451 0.3803921568627451
v 3.4538556826067444 -1.5564097173566662 19.0739183833930852 0.6235294117647059 0.5294117647058824 0.4823529411764706
v -2.1210798765881078 0.1437034189161044 16.2174246166201250 0.196078431372549 0.207843137254902 0.2431372549019608
v 0.1119743916730247 1.7839218827879109 7.6972427109502704 0.1607843137254902 0.1607843137254902 0.196078431372549
v -1.6017087471509948 2.8828420488289188 4.2273839434917182 0.1215686274509804 0.1294117647058824 0.1568627450980392
v 23.9424606049978301 -0.5823263443408722 66.2727515158773599 0.8901960784313725 0.7686274509803922 0.7843137254901961
v -38.8352122437428235 12.4755709690841421 60.4583050195490728 0.5176470588235295 0.4745098039215686 0.4588235294117647
v -16.8814313950017372 -3.5924646423903344 8.5193928682584836 0.2666666666666667 0.2313725490196079 0.2470588235294118
v -22.3330800084421348 11.4971459714063826 9.5874264487464611 0.3490196078431372 0.4509803921568628 0.2705882352941176
v -14.7269078115049439 -0.4816699561704816 0.3099259820095085 0.596078431372549 0.5764705882352941 0.5411764705882353
v -19.4763926894214805 -8.9671036234335926 -14.4424080079963399 0.3490196078431372 0.4196078431372549 0.2666666666666667
v -14.1843428824080604 2.0033876219845674 0.8502682667170367 0.3647058823529412 0.4823529411764706 0.3333333333333333
v -20.5126599875123965 3.8713479698910396 -2.6747444328896557 0.6235294117647059 0.5725490196078431 0.4823529411764706
v -23.3393870827807000 -1.0050017712850066 5.5497534831780149 0.6313725490196078 0.5725490196078431 0.5254901960784314
v -7.2342856014414076 -2.6341382940059672 0.2982459864215428 0.1843137254901961 0.1843137254901961 0.2274509803921569
v -16.4983536030098286 -5.6714289318930131 -7.0609530160446070 0.5098039215686274 0.4784313725490196 0.4431372549019608
v 26.7377322571430618 -6.9889291984458524 56.8326988870105723 0.8235294117647058 0.7411764705882353 0.7254901960784313
v -23.9918461498624964 2.7366643463132636 23.4316169888411281 0.596078431372549 0.5372549019607843 0.5215686274509804
v 1.4606925236235155 1.8849056000315696 5.4869976104526517 0.196078431372549 0.196078431372549 0.2313725490196079
v -17.4421165172797110 -4.0176097585500727 17.0352270995077149 0.3058823529411765 0.1843137254901961 0.1725490196078431
v -12.3240469462012747 -8.6283540270507721 -13.5861918659094378 0.7803921568627451 0.6627450980392157 0.6549019607843137
v -12.7262616075616357 -8.0229441871335876 -15.0857531360261472 0.8156862745098039 0.6549019607843137 0.6588235294117647
v -13.1783676038152784 -8.5775422608481016 -15.2368380283552636 0.8117647058823529 0.7333333333333333 0.7490196078431373
v -12.7426464457883633 -3.7006204010401724 8.8210433798169525 0.4862745098039216 0.4313725490196079 0.4784313725490196
v 3.9039828696146364 2.0039005905077163 5.8271078695739105 0.2588235294117647 0.1764705882352941 0.1333333333333333
v 11.1163491908234349 10.6246765557355083 31.8805860183275200 0.2274509803921569 0.2313725490196079 0.2705882352941176
v 0.9877181594955745 -0.5161360090566736 16.5552479611227952 0.3215686274509804 0.3294117647058823 0.3686274509803922
v -0.9280825091555553 0.3440260223408073 14.8895621826140232 0.2235294117647059 0.2274509803921569 0.2705882352941176
v 1.7972115019191179 1.8321818753612671 6.6847071298266609 0.1294117647058824 0.1372549019607843 0.1647058823529412
v 2.8397312616925570 -1.5309886588398054 22.2773871977866449 0.2784313725490196 0.2901960784313726 0.3294117647058823
v 3.4044009683823480 1.0758161503918398 9.2166165926705830 0.1803921568627451 0.1686274509803922 0.1882352941176471
v -2.2222673231633996 1.5904431739581317 10.4184890785853419 0.196078431372549 0.196078431372549 0.2313725490196079
v -1.4018662725147892 2.0670073964821425 6.8306309080772589 0.1686274509803922 0.1647058823529412 0.207843137254902
v 48.3298032903668684 27.0384479192973011 55.1314584659569533 0.8627450980392157 0.7764705882352941 0.7686274509803922
v 3.8240431243392310 1.6622825299517860 5.5024016022710160 0.4588235294117647 0.3411764705882353 0.2588235294117647
v 0.6798007486961500 -3.2717216345958944 3.7186615484096692 0.8901960784313725 0.807843137254902 0.803921568627451
v -1.1617321968499816 -2.6171085817504514 0.1141012059432990 0.8509803921568627 0.7686274509803922 0.7607843137254902
v -1.2012927618296718 0.3695991219688422 14.4268309194064948 0.2392156862745098 0.2470588235294118 0.2862745098039216
v 2.9303192212457496 -0.0008016519547648 11.9407174348103542 0.2823529411764706 0.2627450980392157 0.2862745098039216
v 0.6494769102691349 1.5152161808276603 8.6855001345416625 0.1921568627450981 0.1921568627450981 0.2313725490196079
v -0.1372909674879519 -0.3891767626888119 17.0921376912657479 0.2313725490196079 0.2431372549019608 0.2823529411764706
v -15.1495542083102954 -1.0072418823126976 11.0778140137946792 0.2313725490196079 0.2156862745098039 0.2313725490196079
v -28.4723164034248732 3.7115672354174141 40.7940752163445453 0.4901960784313725 0.4235294117647059 0.3803921568627451
v 1.7750541466844763 -2.1317841776550672 26.5682389009727586 0.1764705882352941 0.196078431372549 0.2274509803921569
v 3.6907622954083545 -2.7132857375304011 23.0655327044820311 0.6588235294117647 0.5568627450980392 0.5019607843137255
v 3.5694471434682229 -0.1731430970603355 12.6031152059256115 0.4705882352941176 0.3450980392156863 0.2862745098039216
v -21.8602753001111978 1.7109767255951516 5.3863925418432732 0.4901960784313725 0.615686274509804 0.3450980392156863
v 0.6271269669471237 0.8193869143316042 12.3175658887887565 0.2274509803921569 0.2274509803921569 0.2666666666666667
v 3.1029695199786009 -1.2365049622345083 18.4278351855480338 0.4705882352941176 0.4509803921568628 0.4745098039215686
v -12.3225100668831722 -3.5776487075931600 12.4108022235664670 0.2705882352941176 0.2196078431372549 0.2431372549019608
v 4.3038631584582312 0.3487022905861322 12.2765030900690242 0.5294117647058824 0.3882352941176471 0.3372549019607843
v 4.1430886042355901 -2.1269523572516311 26.0371961976904345 0.3882352941176471 0.3764705882352941 0.3882352941176471
v 1.4512926601949334 0.2572434841352894 12.5834417423646876 0.2509803921568627 0.2470588235294118 0.2862745098039216
v -0.6379251487913582 0.6734318056914075 14.1952500843633480 0.1843137254901961 0.196078431372549 0.2352941176470588
v 2.3127928817341674 1.2898221277789965 5.9776706571934897 0.1058823529411765 0.1098039215686274 0.1411764705882353
v 1.3519488658780092 1.0940397517555549 7.6273888407397914 0.1333333333333333 0.1411764705882353 0.1764705882352941
v 0.3990263993725272 0.3730384712835570 12.7941984043850496 0.2 0.2 0.2392156862745098
v -33.3232323026050850 0.6838956368196820 32.8213024119599268 0.4705882352941176 0.4274509803921568 0.407843137254902
v -29.2313867793647688 9.9648969684390174 3.2469847715521718 0.592156862745098 0.5294117647058824 0.4901960784313725
v -21.6963393176661086 1.4106132669538698 4.8251265311084772 0.5215686274509804 0.6509803921568628 0.3803921568627451
v -19.3495077779162621 5.7654504438408827 0.9858243993197197 0.203921568627451 0.2666666666666667 0.196078431372549
v 0.8297130242230021 1.7641537181773865 9.2755959210041503 0.1607843137254902 0.1607843137254902 0.2
v -14.0121285659015058 -3.7351465815801097 14.9960926903320093 0.3607843137254902 0.2941176470588235 0.3490196078431372
v 2.0953045471285172 -1.6040327531828098 20.7906779260189936 0.2196078431372549 0.2313725490196079 0.2705882352941176
v 1.2021217448314505 -4.6691447339225061 4.1917023151481567 0.8745098039215686 0.796078431372549 0.792156862745098
v 2.7694186645367602 0.4709448722613864 10.8659076472252742 0.1686274509803922 0.1647058823529412 0.196078431372549
v 3.2998634498032393 -4.2775919329657173 29.4000747261962587 0.5882352941176471 0.5098039215686274 0.4666666666666667
v 10.7412920795527107 -4.8736577083635169 28.5679415278242530 0.9058823529411765 0.8117647058823529 0.8117647058823529
v 3.8147108648029269 -0.5236327730989327 15.7096032609241067 0.5058823529411764 0.3764705882352941 0.3019607843137255
v -16.8242421557010111 -15.4217875938851741 -13.5091259840939468 0.788235294117647 0.7019607843137254 0.7137254901960784
v -1.5383336281594131 0.6616390102429254 13.5386931626300964 0.2117647058823529 0.2235294117647059 0.2627450980392157
v -1.4176746023968907 0.7724384246325731 13.7707987700257544 0.1333333333333333 0.1490196078431373 0.1882352941176471
v -12.8954666257557768 -15.6057191017136372 -6.8292236851660393 0.8980392156862745 0.7647058823529411 0.7098039215686275
v 2.3407803119568116 -1.9671067393846189 6.9518735235432576 0.8705882352941177 0.7803921568627451 0.7725490196078432
v -18.3024076327400635 -0.0876976035368289 -2.3898470959326117 0.392156862745098 0.4941176470588236 0.2392156862745098
v 3.6628988116445624 0.8782215471554586 9.8695703570474844 0.2588235294117647 0.1921568627450981 0.1647058823529412
v -20.8082341595218665 2.2232128611769642 0.0846643531005753 0.4392156862745098 0.5411764705882353 0.2784313725490196
v 2.9486618584642490 -2.5850575737119490 22.0157981856207599 0.5176470588235295 0.4549019607843137 0.4431372549019608
v -10.9477183960292308 -13.6434551802694788 -5.6794361821809840 0.8470588235294118 0.8235294117647058 0.8156862745098039
v -21.8853134879599942 0.3767586694155191 10.8240040479902326 0.3058823529411765 0.396078431372549 0.1921568627450981
v -23.3766001089377617 -1.3126655550463999 36.8300178660496300 0.5411764705882353 0.4745098039215686 0.4274509803921568
v -22.9059646131586945 4.5113739602060230 2.0132569675946312 0.4431372549019608 0.5450980392156862 0.3215686274509804
v -13.8322422872583068 -3.8149145386697771 13.2616761951636271 0.2705882352941176 0.1607843137254902 0.1921568627450981
v -13.9739977889174156 -0.6185209472345421 8.2779510316331812 0.2941176470588235 0.2901960784313726 0.3450980392156863
v -28.8209462577600988 6.7390431700395874 6.8514132929248195 0.2196078431372549 0.1803921568627451 0.1450980392156863
v -17.7034169263078880 -0.3932521821594659 12.7476409150191508 0.2666666666666667 0.3137254901960784 0.2705882352941176
v -28.9091168558790876 6.7521384428473352 9.8162486352803118 0.2117647058823529 0.1686274509803922 0.1333333333333333
v -21.4125716051285835 -0.0601043350572581 13.1745385423587695 0.4274509803921568 0.3803921568627451 0.3803921568627451
v 2.7487435537874161 -3.0451657996477017 27.5226920254609979 0.1921568627450981 0.2156862745098039 0.2470588235294118
v -1.9693443435658362 0.1053599514461429 16.9650712801929018 0.2274509803921569 0.2431372549019608 0.2745098039215687
v -22.5862571785110973 1.6450547345335249 9.1401545256303081 0.4470588235294118 0.5725490196078431 0.3294117647058823
v -0.6656246694206520 -3.2494375342471891 28.2945514154826583 0.1098039215686274 0.1411764705882353 0.1686274509803922
v 7.8201563729377774 10.4552008991633532 18.5345077973609094 0.1294117647058824 0.1411764705882353 0.1686274509803922
v -17.2925687433819171 -3.1619517802346309 17.1344896668334385 0.407843137254902 0.3137254901960784 0.3254901960784314
v -3.0969012933495641 0.8667473883686714 25.0628727364331425 0.6470588235294118 0.6235294117647059 0.6274509803921569
v -21.7325948831834204 -2.1347565780182229 14.3267175839834273 0.3333333333333333 0.2823529411764706 0.3137254901960784
v -18.1587891664669598 -3.3263505645541169 18.1004351783620478 0.4 0.3176470588235294 0.3019607843137255
v 12.6687622559588036 -8.4526451280013326 45.0205703785902429 0.6784313725490196 0.6235294117647059 0.6078431372549019
v -25.1926391568856296 0.1812165023456099 41.4034388774494602 0.5803921568627451 0.5058823529411764 0.4549019607843137
v -33.5233172822252996 -1.8162460528283086 22.6188105615137403 0.5215686274509804 0.4823529411764706 0.4745098039215686
v -20.4627624164894435 2.5090073233881425 2.4628844670294217 0.3568627450980392 0.4627450980392157 0.2627450980392157
v -21.1401597975789564 2.3169755053388807 1.1352856537766274 0.3490196078431372 0.4509803921568628 0.2392156862745098
v -14.0362259873733670 -0.8311164337485726 12.1178670437353286 0.2117647058823529 0.1882352941176471 0.2392156862745098
v -17.4503872436652827 -3.7779731241105541 18.1135707388525375 0.2666666666666667 0.1098039215686274 0.1098039215686274
v -19.7134487107634548 1.7944233176377022 8.6564829807345465 0.4313725490196079 0.5647058823529412 0.3019607843137255
v -18.6780930393734224 -0.0629225468238355 -3.2527772801558505 0.3450980392156863 0.4509803921568628 0.2196078431372549
v 0.6065918843873898 0.5346685950601845 13.1061915708572165 0.207843137254902 0.2117647058823529 0.2549019607843137
v 3.5115040972623004 -0.7148946530244771 15.6938945244445271 0.5294117647058824 0.4274509803921568 0.3764705882352941
v -14.0521956272574826 -5.2025596760082360 10.8397493111580125 0.4823529411764706 4.313725490196078e-002 3.529411764705882e-002
v 3.7388084289321446 -2.4810833764179874 22.1814712740390974 0.6509803921568628 0.5568627450980392 0.4980392156862745
v 2.9575396516824402 -0.3892367889556292 13.8602369320089842 0.3058823529411765 0.2823529411764706 0.3019607843137255
v -1.1311948901228939 -0.1794776928620717 10.3276449730405009 0.1921568627450981 0.196078431372549 0.2392156862745098
v 29.9844428933451397 5.3581226322751476 49.9931032472101933 0.6431372549019608 0.5764705882352941 0.5450980392156862
v -16.7305791756204663 -13.6998666640001385 -14.6405157047258392 0.803921568627451 0.6862745098039216 0.6901960784313725
v -7.9000763340828781 -5.4500464347569881 -2.4793525307731006 0.1882352941176471 0.1843137254901961 0.2313725490196079
v 2.4735632922503097 -3.8632504074033056 25.0809626133182348 0.5411764705882353 0.4862745098039216 0.4627450980392157
v -21.7132199052712416 2.1089086798327386 7.5164069429141147 0.4588235294117647 0.5803921568627451 0.3137254901960784
v -0.3597552136654698 1.5613645059309251 7.3078185473518502 0.1411764705882353 0.1450980392156863 0.1843137254901961
v 3.0692973448588221 -1.9565965343348977 17.1812243397227320 0.6705882352941176 0.5607843137254902 0.4901960784313725
v -21.9061578994363622 0.7957425656360867 11.8162745247956256 0.3176470588235294 0.407843137254902 0.1882352941176471
v 1.5107154303928181 -3.4453442319287211 26.8566502722878582 0.1647058823529412 0.196078431372549 0.2313725490196079
v -1.6193049752777942 -0.0604040287255609 14.7562573313417627 0.207843137254902 0.2196078431372549 0.2627450980392157
v -0.1904360925380345 3.0088381026377480 4.2331749081043002 9.803921568627451e-002 0.1058823529411765 0.1411764705882353
v 1.0284603377155990 0.0238570791929482 13.8991736734667910 0.2549019607843137 0.2588235294117647 0.2980392156862745
v -0.1197851184465848 -5.4902510372792364 20.6383609368059524 0.5725490196078431 0.5058823529411764 0.4627450980392157
v 3.6138460253449063 -1.6522767910717173 19.7547708907936439 0.6235294117647059 0.5294117647058824 0.4823529411764706
v 1.7495685714541025 -0.4342349243719719 18.6421751065958574 0.2941176470588235 0.3098039215686275 0.3490196078431372
v -32.1894198374902416 0.8555179260699103 23.4704626946210055 0.5607843137254902 0.5176470588235295 0.4980392156862745
v 3.5999778579383701 -2.7310595306265366 22.5739737383302881 0.6509803921568628 0.5529411764705883 0.4862745098039216
v -31.7147025524005635 4.3225353921665119 25.8472344073332536 0.6039215686274509 0.5568627450980392 0.5411764705882353
v -22.0701624108738486 1.5231235015123488 1.0884243235210291 0.2784313725490196 0.3568627450980392 0.1529411764705882
v -10.3117971922187230 -4.5266954209858534 29.1011484006673200 0.5215686274509804 0.4588235294117647 0.4196078431372549
v -15.2740825646932947 -1.4989610334206589 10.0990308888672313 0.2156862745098039 0.2 0.2196078431372549
v -12.8733550233855603 -4.4574914960836587 10.4067505731145804 0.1843137254901961 0.1294117647058824 0.1490196078431373
v -13.9950398102267108 2.5145343560931783 11.8852436661550644 0.1607843137254902 0.2235294117647059 0.2
v -29.8831698503989678 6.7439714608878321 16.5518253000488862 0.2666666666666667 0.2235294117647059 0.1921568627450981
v 3.8695858566735630 2.0209629275107872 6.9931993042672076 0.1529411764705882 0.1254901960784314 0.1294117647058824
v -33.3038721762901417 0.1831709322382792 24.4764076466035831 0.5411764705882353 0.5058823529411764 0.4823529411764706
v -1.4775017753720259 3.0857786337436837 3.3613112745396472 9.411764705882353e-002 0.1058823529411765 0.1372549019607843
v 2.7011266293549601 -2.6241805943404204 23.9634415405371044 0.203921568627451 0.2235294117647059 0.2509803921568627
v -5.3441073222903395 -11.5808146482580678 5.7806292245671136 0.8784313725490196 0.796078431372549 0.8352941176470589
v -0.1138977154505290 0.6154998481211281 9.6687547551429560 0.1882352941176471 0.1843137254901961 0.2274509803921569
v -14.6007909535674578 -0.6669735960125924 9.8384545388313640 0.2313725490196079 0.207843137254902 0.2352941176470588
v -18.3730855530905792 0.2941759574987204 3.9034741553752537 0.1764705882352941 0.2784313725490196 0.1137254901960784
v -22.1756947511834532 -3.4553675556055810 13.6373938395003194 0.5019607843137255 0.4274509803921568 0.403921568627451
v 0.7252155783524834 -1.3426397359842119 21.4583444390417952 0.2117647058823529 0.2392156862745098 0.2705882352941176
v -12.7329280166928420 -3.9578503747126019 11.3461920743216567 0.2 0.1411764705882353 0.1490196078431373
v 1.0224612502586590 -1.5375982579334633 15.4072319226259022 0.2980392156862745 0.3137254901960784 0.3529411764705883
v 1.7053358999750134 -5.1306538090802638 29.9685957146060389 0.203921568627451 0.2274509803921569 0.2588235294117647
v -6.4984888839675827 -12.0621978831169194 3.1230927151871755 0.8980392156862745 0.7843137254901961 0.8352941176470589
v -11.8874679240708012 -12.8660965240254086 -5.2920970773465390 0.8745098039215686 0.803921568627451 0.8470588235294118
v -28.0260998340303082 4.8141658658141289 5.1316710781057182 0.2274509803921569 0.1843137254901961 0.1411764705882353
v 4.4188897786403638 1.1233417243916912 10.5204472743301292 0.3843137254901961 0.2745098039215687 0.2117647058823529
v -13.3644014628284751 -4.8374254231205835 13.3555339182848840 0.592156862745098 0.2823529411764706 0.2666666666666667
v 0.4397764259709006 2.4416171991387348 6.8800683934158764 0.1176470588235294 0.1254901960784314 0.1568627450980392
v 3.5179995058514346 1.0279311740464865 6.2148760080800960 0.5098039215686274 0.4117647058823529 0.3529411764705883
v 2.9558377780922664 -3.9342501130340768 25.5804385564117496 0.6078431372549019 0.5333333333333333 0.4862745098039216
v -2.5707349123469694 0.4630818649385229 9.0343042956427411 0.1764705882352941 0.1843137254901961 0.2235294117647059
v -21.5202973575187428 1.4105070138944000 6.1659100942513376 0.4901960784313725 0.615686274509804 0.3450980392156863
v -3.3637944085923279 2.3106481051123340 4.0278729698477083 0.2392156862745098 0.2392156862745098 0.2705882352941176
v 0.9140269178368344 -0.6091954573700746 13.4030784997522190 0.2588235294117647 0.2627450980392157 0.3019607843137255
v 2.1662499848200456 -1.6475970992588331 16.4425812528420110 0.3764705882352941 0.3686274509803922 0.396078431372549
v -22.7880904403791824 4.0190579412110834 0.9079737398640159 0.4549019607843137 0.5294117647058824 0.3215686274509804
v -3.0499101965827617 3.2652013325153035 2.8578557437993561 0.4509803921568628 0.4313725490196079 0.4588235294117647
v -13.5314975673292537 -3.0398134397861174 10.0901111701172077 0.3215686274509804 0.2549019607843137 0.2705882352941176
v -27.3773101797503848 3.5536734920914101 3.6984938549835480 0.2117647058823529 0.1686274509803922 0.1294117647058824
v -15.8228672542155628 -3.5866559494908685 15.9104178852584184 0.5725490196078431 0.4980392156862745 0.5529411764705883
v -6.2445051312167381 -11.8694813503229941 3.5427627433184612 0.8901960784313725 0.7725490196078432 0.8274509803921568
v -28.8236967670518247 6.4927759794072095 6.8442124734020471 0.2470588235294118 0.2 0.1607843137254902
v 3.1238326518827741 -2.9325993472681375 23.7656715815682844 0.5803921568627451 0.5254901960784314 0.4980392156862745
v -2.0353132391628748 0.5306414479552062 13.5516643054460157 0.1882352941176471 0.2 0.2431372549019608
v 1.2267214724005313 -1.0134728695720219 16.1467648809635449 0.2862745098039216 0.3019607843137255 0.3411764705882353
v -12.8517572063778367 -5.2199409697262444 12.0225876878950686 0.596078431372549 0.2431372549019608 0.2274509803921569
v -0.4054794526013482 1.9927456494335101 3.8955846226186597 0.1019607843137255 0.1137254901960784 0.1490196078431373
v 1.7862261595840665 1.4477008652750682 7.0366033098537528 0.1215686274509804 0.1254901960784314 0.1607843137254902
v -29.2038125042983800 8.6334957687663056 2.0660794664387674 0.5058823529411764 0.4666666666666667 0.4509803921568628
v 0.4354084306198054 -2.0081490108045488 4.1967094775681391 0.8431372549019608 0.7490196078431373 0.7372549019607844
v 3.2979906739322131 -2.6244680187845262 22.3341838057282018 0.6078431372549019 0.5215686274509804 0.4745098039215686
v 3.0868586171771750 -0.6733112328538624 13.5098158771355497 0.4470588235294118 0.3450980392156863 0.3019607843137255
v 3.2675951547072835 0.6553190657045310 9.9522390980725781 0.207843137254902 0.1686274509803922 0.1725490196078431
v -9.1321468218790791 -12.0959078569391387 -0.1233617590519298 0.8823529411764706 0.8 0.8431372549019608
v 2.6919283402552612 -1.5594674022089496 19.6095425780883161 0.3215686274509804 0.3333333333333333 0.3686274509803922
v 2.9849801112395586 0.2228571802665964 12.0872447437741037 0.207843137254902 0.196078431372549 0.2313725490196079
v 36.8700428530192141 13.3619970007501827 56.1096544925802263 0.7607843137254902 0.6705882352941176 0.6470588235294118
v -19.5523818642060085 -9.4265257543524950 -10.7005859977466589 0.2509803921568627 0.3450980392156863 0.1686274509803922
v -12.0929055630212936 -3.4382173967100815 12.8679126772428702 0.3058823529411765 0.2549019607843137 0.2901960784313726
v -22.1621060788083604 9.2672657981900421 3.0806427661785367 0.5882352941176471 0.5411764705882353 0.4627450980392157
v 2.6100851677221852 -6.1201846520112637 34.1171106534883322 0.3568627450980392 0.2627450980392157 0.2
v 3.2032679274614502 0.4506573500712693 9.6420737518367350 0.2705882352941176 0.2 0.1725490196078431
v 31.0846048951785647 6.7242787200181660 51.3328212682916956 0.7529411764705882 0.6862745098039216 0.6588235294117647
v -13.5279284712555885 -2.7721600656933250 10.5584845783649914 0.3176470588235294 0.2509803921568627 0.2666666666666667
v -30.4616863701617611 2.9899940987483378 23.1115157837951983 0.6274509803921569 0.5803921568627451 0.5647058823529412
v 3.0773045212696508 0.7672250270359897 8.1631836222401031 0.203921568627451 0.1568627450980392 0.1450980392156863
v -17.3326132276699703 -3.1159225489235167 13.3285411166672141 0.4392156862745098 0.3607843137254902 0.3882352941176471
v 0.4935759000194517 -1.9121879498079688 20.9133643453409732 0.2156862745098039 0.2392156862745098 0.2745098039215687
v -2.5454278559160333 -10.3183850513030961 11.0094495976085938 0.8784313725490196 0.796078431372549 0.8431372549019608
v 2.9225015113448558 -1.5393907663577477 20.3278566460483461 0.3215686274509804 0.3294117647058823 0.3686274509803922
v 3.1357888626893300 -2.3616830893569478 21.5234758031535804 0.5411764705882353 0.4784313725490196 0.4588235294117647
v -18.5685363258808991 -0.5507568049558171 8.5789834259123925 0.1294117647058824 0.2 7.058823529411765e-002
v -30.8225724646136037 8.5172359115187231 21.2592203055279256 0.4745098039215686 0.4274509803921568 0.4
v 2.0511047612961435 -4.8945527309766534 31.2755580657747743 0.1529411764705882 0.1882352941176471 0.2274509803921569
v 3.0210157747623403 -2.0835362728535749 21.5901366110197799 0.392156862745098 0.3803921568627451 0.403921568627451
v -0.0738972079408609 1.9758754528582840 7.0557186474216991 0.1254901960784314 0.1294117647058824 0.1686274509803922
v 2.8145312695026989 -0.6044051759469076 19.8432602910934222 0.2784313725490196 0.2901960784313726 0.3333333333333333
v -2.3206423185909202 -0.5907084686619746 1.0069261398043701 0.1019607843137255 0.1098039215686274 0.1450980392156863
v -2.7314453328249924 -1.4214727831379133 3.5913535154926985 0.1568627450980392 0.1568627450980392 0.2
v 3.7299582815809016 -2.1593404836727119 21.4185944511267152 0.6352941176470588 0.5372549019607843 0.4823529411764706
v -3.8865375173655972 2.0786845018178370 1.8667658231378359 0.2823529411764706 0.2745098039215687 0.3058823529411765
v 4.7925680737100809 1.1890366629566422 10.8328276998218165 0.5058823529411764 0.392156862745098 0.3254901960784314
v -26.1909794077558473 1.3756652072015398 4.5367715505055743 0.4588235294117647 0.4 0.3490196078431372
v -27.1539251167753974 3.8720817030977139 0.0043819291269547 0.4156862745098039 0.3647058823529412 0.3254901960784314
v -26.7228581981540927 2.0318609932312302 5.5477405469203420 0.2352941176470588 0.1882352941176471 0.1529411764705882
v 28.1171772742401238 -2.2244946962134655 52.1858655792877144 0.8588235294117647 0.8588235294117647 0.8823529411764706
v 1.9258505913529427 0.8802094900633233 11.2258359431233234 0.1803921568627451 0.1764705882352941 0.2156862745098039
v 2.1063610233315067 0.6004663130856271 11.4085280818598971 0.1921568627450981 0.1882352941176471 0.2274509803921569
v -1.5883475174025738 1.2503606675857371 11.9119463406016894 0.1764705882352941 0.1882352941176471 0.2274509803921569
v -1.1410096628973212 2.4919181418826142 6.0947587384282995 0.1215686274509804 0.1333333333333333 0.1686274509803922
v -0.6506743292440045 1.1437497578838118 11.4660944821917408 0.1882352941176471 0.1921568627450981 0.2352941176470588
v -17.6808516531671209 -2.7530049787623483 1.1036584181418878 0.4117647058823529 0.5490196078431373 0.3254901960784314
v -6.0860091873221789 -3.4827643638824597 -0.8359851635693922 0.1294117647058824 0.1372549019607843 0.1764705882352941
v 1.0147675315463540 1.2451587786639249 11.6149728545901674 0.1843137254901961 0.1843137254901961 0.2235294117647059
v 0.0536664876437678 0.8397863559200873 10.8012879068587750 0.1843137254901961 0.1843137254901961 0.2235294117647059
v 17.9162589889149508 1.0780546459989020 47.0593817919394368 0.6705882352941176 0.6588235294117647 0.7058823529411765
v 1.1294468042924681 -0.6926281236937755 16.1260749973868336 0.2627450980392157 0.2705882352941176 0.3137254901960784
v -17.1402715385582916 -16.2485070447339695 -13.4075413523171854 0.8980392156862745 0.796078431372549 0.8431372549019608
v -10.2731971486483005 -9.7837334536235545 -9.8716821829876320 0.2156862745098039 0.1725490196078431 0.1529411764705882
v -16.1020403792957723 -16.0441927266673261 -11.9402069901213146 0.8745098039215686 0.7764705882352941 0.8313725490196079
v -10.7931594485641504 -11.3995723340208013 -4.8235981101731040 0.9372549019607843 0.8745098039215686 0.8901960784313725
v -7.4370943770155309 -8.8893107838947909 -6.1682427439975784 0.8509803921568627 0.7647058823529411 0.7529411764705882
v -21.4198587223788302 -6.6634988957010197 -1.4053954183876960 0.3176470588235294 0.4156862745098039 0.196078431372549
v -17.1068812365801115 -10.3987320246181465 4.7087564804464899 0.5215686274509804 0.4627450980392157 0.4235294117647059
v -16.5427068176449303 -13.4608648517255833 -14.4621704622598397 0.1372549019607843 0.1450980392156863 0.1843137254901961
v -1.2591340584897228 -1.9283251426516197 25.1533244361745716 0.1803921568627451 0.2117647058823529 0.2431372549019608
v 1.3878522180559909 -1.8377884608001478 21.4906029084874746 0.3176470588235294 0.3490196078431372 0.3803921568627451
v 3.6643490238709164 -1.3510484711147801 17.1424416021546406 0.6509803921568628 0.5098039215686274 0.4235294117647059
v -17.9779346930261923 -1.8701216938974576 17.5009548911565815 0.5607843137254902 0.4745098039215686 0.5098039215686274
v 3.3086736744908007 -1.6085432949057739 18.0655446275407101 0.6313725490196078 0.5176470588235295 0.4431372549019608
v 3.1636245186310656 -0.9831801018951039 15.8903782828909552 0.5215686274509804 0.4470588235294118 0.407843137254902
v 3.1608904276391430 -0.4042151332192796 14.0673569428138254 0.3764705882352941 0.3254901960784314 0.3176470588235294
v 2.9566108995005669 0.0656265204586868 12.8496610894337131 0.2196078431372549 0.2196078431372549 0.2509803921568627
v 2.4233098527181900 -3.2618119541457133 26.0349581574928592 0.2235294117647059 0.2627450980392157 0.2901960784313726
v -1.8431556614138502 0.8845087802671476 12.8699106741831901 0.1450980392156863 0.1607843137254902 0.1921568627450981
v -1.7193565437379243 1.3765949259410319 11.0694058411267751 0.1882352941176471 0.196078431372549 0.2235294117647059
v 1.9197054932260758 0.5778895088018724 12.4356398223822495 0.207843137254902 0.2117647058823529 0.2431372549019608
v -1.7857775255225876 -3.2891355177182149 14.6960155281855780 0.2862745098039216 0.3058823529411765 0.3372549019607843
v -12.9538076593232852 -2.6061630447641670 9.7172775652454071 0.3058823529411765 0.2470588235294118 0.2745098039215687
v 1.5677694804004967 -0.5148681163372324 16.2951119425267024 0.2980392156862745 0.3058823529411765 0.3411764705882353
v -22.2524177646659496 0.6771100576180790 10.5861571446138107 0.1803921568627451 0.2784313725490196 9.803921568627451e-002
v -0.7662153926098085 0.6559233989458070 12.6646903785372658 0.196078431372549 0.203921568627451 0.2392156862745098
v -17.6244920836339354 -2.5199399627136962 11.6544692939328929 0.3254901960784314 0.2823529411764706 0.2901960784313726
v -17.5621629251083178 -2.2941307232115253 12.0564285919469096 0.2509803921568627 0.2352941176470588 0.2392156862745098
v -17.0248017508661036 2.0417412506477706 4.7092507518656932 0.4784313725490196 0.6 0.3882352941176471
v -21.2692708188639799 6.6344420367093342 0.8802950043954607 0.4901960784313725 0.4627450980392157 0.392156862745098
v 1.4263507796386612 0.5980930847620477 11.4561930338276881 0.1921568627450981 0.196078431372549 0.2313725490196079
v -31.0148359860819802 12.8669918386992972 22.9534828740059922 0.3686274509803922 0.3137254901960784 0.2784313725490196
v -15.7010532138680361 2.6341942093952113 3.9042292207965170 0.4862745098039216 0.5450980392156862 0.3843137254901961
v -2.7268956583786368 -0.1102915859892708 17.3628360146737890 0.3803921568627451 0.3882352941176471 0.4156862745098039
v -21.5935325295498757 0.4178194898298934 3.9936168689283251 0.4549019607843137 0.5843137254901961 0.3294117647058823
v -21.3954845715288897 1.1979030654594143 5.4071574927200814 0.4862745098039216 0.6196078431372549 0.3607843137254902
v 3.0829654593551892 -0.8368177131669678 15.5555617512257900 0.4196078431372549 0.3647058823529412 0.3568627450980392
v -16.6366982707111042 -4.4654878818057249 -3.7505895834727649 0.5647058823529412 0.5294117647058824 0.4862745098039216
v 2.3656284678967316 -1.4485121488836328 18.2473309153768000 0.3098039215686275 0.3176470588235294 0.3568627450980392
v -14.1061032784917906 -0.2634847378746654 8.7881727464996651 0.2705882352941176 0.2627450980392157 0.3019607843137255
v -21.4632289873407345 3.2081448911393986 -1.1375068756757127 0.2196078431372549 0.2745098039215687 0.1882352941176471
v -2.7789339326620452 0.0236019195653087 16.7424815533767131 0.3803921568627451 0.3803921568627451 0.403921568627451
v 3.5065064973728459 -1.9608403622707045 19.3698396636503603 0.6549019607843137 0.5333333333333333 0.4627450980392157
v -0.7488673440989890 -0.1869655108646545 17.2001831215690046 0.2196078431372549 0.2352941176470588 0.2666666666666667
v -0.3279650928893774 -0.8694547075500634 19.0096781490657705 0.2274509803921569 0.2431372549019608 0.2745098039215687
v 2.2192165866950120 -1.4972863316220340 19.0219956899784677 0.2901960784313726 0.2980392156862745 0.3372549019607843
v -1.4547377683951508 3.4386776397487457 5.0580824995395064 8.627450980392157e-002 0.1019607843137255 0.1294117647058824
v -40.3667269334055305 33.4190220662368418 49.8120296950938481 0.4666666666666667 0.407843137254902 0.3607843137254902
v -38.3352512350650585 28.8028550770906477 42.8869304434658147 0.4352941176470588 0.3764705882352941 0.3294117647058823
v 3.4437875031385001 -0.6909069769101766 14.7155287862618156 0.5019607843137255 0.3764705882352941 0.3137254901960784
v 3.4637447268028745 -1.4477928296354390 16.8768166396156190 0.6431372549019608 0.5254901960784314 0.4431372549019608
v -29.4221371655204145 7.6288144125320363 9.0435259449815959 0.2666666666666667 0.2156862745098039 0.1764705882352941
v 3.4140058605562862 -2.1977806883432827 21.9523104751286908 0.5882352941176471 0.5372549019607843 0.5058823529411764
v 0.5085545416724342 -1.5453841171330869 21.1569235417014667 0.2666666666666667 0.2901960784313726 0.3215686274509804
v -0.0451785399072643 -1.4318342078603929 15.5807374231712430 0.3294117647058823 0.3450980392156863 0.3882352941176471
v 24.1315483840947884 0.7111693835540218 65.3372931750508599 0.8980392156862745 0.7176470588235294 0.7411764705882353
v 19.3396956900670460 -1.9202190845063634 50.9795711378156113 0.8901960784313725 0.796078431372549 0.8627450980392157
v -1.1932818337206574 2.8449098514423943 6.1564744738255044 0.1450980392156863 0.1490196078431373 0.1882352941176471
v 25.5590059067252575 5.0568610644048988 47.0170017659677555 0.7294117647058823 0.6745098039215687 0.6392156862745098
v 7.1269771003072089 1.2412718820883399 19.8973871900048564 0.5882352941176471 0.4588235294117647 0.3882352941176471
v 2.4035010457261712 -1.8195123610068056 17.7447011913119326 0.5058823529411764 0.4784313725490196 0.4980392156862745
v -12.8025023847309178 5.5639814533513823 5.6478851684132474 0.4117647058823529 0.5137254901960784 0.3725490196078431
v 3.5421271264322471 0.2403315478928017 10.7869956190896108 0.3725490196078431 0.2666666666666667 0.2156862745098039
v -28.2391778756801841 6.7158035176537361 -0.2253511367003994 0.4470588235294118 0.407843137254902 0.392156862745098
v -21.9640743794704001 -1.4301879137041960 37.4508786621709788 0.5294117647058824 0.4627450980392157 0.4196078431372549
v -2.3010800605231951 -5.3471941002988528 39.6557203606836168 0.2666666666666667 0.2196078431372549 0.196078431372549
v -18.8454061480679762 -0.2438015165274758 8.3889563771653712 3.92156862745098e-002 8.627450980392157e-002 3.137254901960784e-002
v -9.0836580703578171 -4.2789700544047884 -3.7299790111801254 0.1607843137254902 0.1647058823529412 0.203921568627451
v -21.0760974469873723 -5.0192542117886036 7.3282553503131496 0.3058823529411765 0.2549019607843137 0.2862745098039216
v -10.9959539462537599 -12.7716581589425040 -3.3598881726791392 0.8509803921568627 0.7568627450980392 0.8117647058823529
v -16.1827649470156807 -3.4498248380937220 18.1854016721030547 0.2509803921568627 0.1843137254901961 0.2117647058823529
v -14.7608131766991200 -2.8355525280366569 10.1601099521148992 0.3686274509803922 0.3019607843137255 0.3176470588235294
v -20.1246385348291632 -0.0492181259417913 7.3248212427482597 0.3803921568627451 0.5058823529411764 0.2627450980392157
v -20.3216511430386895 2.6806537283420040 6.2856825483419287 0.2549019607843137 0.3607843137254902 0.1568627450980392
v 32.0968663915611927 9.3027933809520249 54.2077595374471599 0.788235294117647 0.7215686274509804 0.6980392156862745
v -14.0507623258676269 -3.7958455453927114 14.8682446039048468 0.3568627450980392 0.2823529411764706 0.3490196078431372
v 3.4108415070611624 1.5609706103057746 6.7911074663260864 0.1411764705882353 0.1137254901960784 0.1176470588235294
v -21.6029782940053536 -8.8087541642034441 -11.7209232637323879 0.4235294117647059 0.4156862745098039 0.3568627450980392
v -20.0126968632865854 6.2594959341057788 4.3299267088431446 0.5058823529411764 0.596078431372549 0.3137254901960784
v -18.9244866352991146 -5.3760515977738006 8.1465808751030266 0.403921568627451 0.3333333333333333 0.3529411764705883
v -4.0947264949481177 0.6197961414687930 2.0648477171544730 0.1450980392156863 0.1529411764705882 0.1843137254901961
v -13.4984338238760593 0.4443054945850703 10.4176172978027299 0.2470588235294118 0.2470588235294118 0.2862745098039216
v -28.9949864319336825 5.5861805982391104 8.2959711885760097 0.3686274509803922 0.3098039215686275 0.2666666666666667
v -14.2562979603095101 -4.1549059760093199 10.5649282893520997 0.3372549019607843 0.2509803921568627 0.2470588235294118
v 2.9054425651529616 0.5333328019209705 8.5575917356836602 0.2 0.1568627450980392 0.1529411764705882
v -13.8149703355417373 0.4399509374066046 10.1613308672603679 0.2470588235294118 0.2431372549019608 0.2745098039215687
v -7.2367848964780501 1.2770358478430046 15.3816130194107696 0.5215686274509804 0.5254901960784314 0.611764705882353
v -1.0238063785683533 -8.2276159326560165 18.3553326210222636 0.6392156862745098 0.596078431372549 0.5568627450980392
v -22.2909851806764472 -2.3788626411518949 33.0411397744769886 0.5176470588235295 0.4549019607843137 0.4117647058823529
v -1.1511648334468565 2.5023558415568532 5.7760872341403218 0.1411764705882353 0.1529411764705882 0.1882352941176471
v 1.1411299580650611 1.0120923034202050 9.6210500042703959 0.2117647058823529 0.2117647058823529 0.2470588235294118
v 47.2968663057991421 25.4763583763841588 57.0009791330604472 0.8862745098039215 0.796078431372549 0.792156862745098
v -15.6368744525424859 -2.6670196263331061 10.6872074264061894 0.2705882352941176 0.2392156862745098 0.2549019607843137
v -17.5368328674097569 -1.3452899208349736 12.3870774755201367 0.2196078431372549 0.2274509803921569 0.2156862745098039
v 24.5665161026531678 -3.7573978432949771 52.9313903346273094 0.8941176470588236 0.6705882352941176 0.7176470588235294
v -8.7872795144213960 2.1567198217842503 16.6186847581728685 0.1333333333333333 0.1176470588235294 0.1607843137254902
v 3.1962104452489464 0.4087892355731447 10.5667226862173607 0.2745098039215687 0.2392156862745098 0.2509803921568627
v -12.5882702173934860 -4.5758653355454975 22.1284495832975523 0.5450980392156862 0.4980392156862745 0.4666666666666667
v 2.4203268788256143 0.2037963166953432 11.9680013795576841 0.2627450980392157 0.2588235294117647 0.2980392156862745
v 4.2533325864796003 -2.3496102042827776 21.9336566306344665 0.6901960784313725 0.6039215686274509 0.5607843137254902
v 22.6234860738989099 9.7973541426091728 26.3399889794748390 0.8823529411764706 0.8 0.803921568627451
v -12.3316060313947418 -4.0264407821810746 34.2533898676137767 0.4 0.3568627450980392 0.3176470588235294
v -29.2043568800266300 5.2082882532316512 14.6583227318847307 0.3254901960784314 0.2784313725490196 0.2509803921568627
v 1.8165497658484633 0.2444239243464756 12.5259101451695507 0.2470588235294118 0.2470588235294118 0.2823529411764706
v 3.9676355358281574 0.5168136040920324 11.9787116508521585 0.3490196078431372 0.2627450980392157 0.2274509803921569
v 3.7260607104563617 -1.6449708349641299 18.2861703726712719 0.6823529411764706 0.5647058823529412 0.4980392156862745
v 3.6817902267220237 -2.0963530915212507 20.6691980621172817 0.6666666666666666 0.5568627450980392 0.4941176470588236
v -7.3201399614911962 -2.6676261760592679 14.0326613889071385 0.6352941176470588 0.615686274509804 0.6196078431372549
v 0.6175540831997774 1.2252703605640463 10.9252634354418756 0.2313725490196079 0.2274509803921569 0.2627450980392157
v 1.9806638239332133 1.1044885724464908 10.2875765286049479 0.203921568627451 0.2 0.2352941176470588
v -6.6354105234492673 -5.7343449005571951 -5.2208946436049093 0.8666666666666667 0.7843137254901961 0.7803921568627451
v -22.7036888737825358 1.2852611999231907 3.0133265061418295 0.4862745098039216 0.6 0.3372549019607843
v 1.8932118966506524 0.0577792656293497 7.7040986968285932 0.1843137254901961 0.1725490196078431 0.2
v -20.2041500201091289 -0.7505453867543947 6.0012495043625336 0.3803921568627451 0.5019607843137255 0.2705882352941176
v -0.6861271163766918 -3.5710662494105909 2.2668520414283546 0.8941176470588236 0.807843137254902 0.803921568627451
v -22.2498870659551535 0.4723693515679696 -3.3830504481230403 0.3450980392156863 0.4392156862745098 0.2823529411764706
v -15.9124409642814655 -11.4442254162795933 -15.4093926355022397 0.8784313725490196 0.796078431372549 0.792156862745098
v 3.4451469865187572 -0.4663120387366121 12.5363321825291667 0.5568627450980392 0.407843137254902 0.3450980392156863
v -23.1908551445266262 3.8052711045144560 0.8258277804974660 0.611764705882353 0.5882352941176471 0.4784313725490196
v -14.8013379429603198 -11.9006341380091847 -13.2560540295317821 0.7529411764705882 0.6941176470588235 0.6509803921568628
v -21.0182631902610417 3.5291404520817098 1.7478460797947302 0.4196078431372549 0.5176470588235295 0.2745098039215687
v -16.0708311710604974 -11.5291514829711499 -15.5123528297715669 0.8823529411764706 0.803921568627451 0.796078431372549
v -21.3795458280430601 2.5882286153766101 0.2855937589149188 0.4196078431372549 0.5215686274509804 0.2784313725490196
v -23.5141450006859749 -9.9223405271507001 -8.4679535929068379 0.5450980392156862 0.4980392156862745 0.4941176470588236
v 7.0890718008873019 2.3829195251144015 14.4751113352408041 0.6509803921568628 0.5411764705882353 0.4862745098039216
v 0.7520135259321585 0.3290584997056724 10.8008393682032526 0.1803921568627451 0.1803921568627451 0.2156862745098039
v -0.6365390420646935 0.6255744272145560 12.1709985169332757 0.1764705882352941 0.1803921568627451 0.2196078431372549
v 24.7911702447849116 -0.5349638044343279 56.3069560544883316 0.807843137254902 0.6078431372549019 0.6274509803921569
v -19.2142953665726814 18.0037590793775841 15.4831140784249932 0.3843137254901961 0.4901960784313725 0.2431372549019608
v 2.8450637992475714 0.6389577190455181 12.2451855464849135 0.1921568627450981 0.1882352941176471 0.2274509803921569
v 20.3407792183807672 -0.5119211023151931 55.2892366819416168 0.8745098039215686 0.788235294117647 0.8274509803921568
v 17.4744464380936009 -1.8825780342478440 54.8162789844678286 0.788235294117647 0.6352941176470588 0.6078431372549019
v -9.9488364315049118 26.8074197174313049 27.3812911978332920 0.396078431372549 0.5215686274509804 0.2941176470588235
v 19.3976428016181472 -2.6086016225386510 53.4746215578574109 0.8705882352941177 0.7411764705882353 0.7843137254901961
v 3.8569797425048096 -0.6126478822646295 15.1313818912566393 0.5450980392156862 0.396078431372549 0.3137254901960784
v 3.7797059815561771 0.4408398339504379 12.0549583476177578 0.2980392156862745 0.2235294117647059 0.1882352941176471
v 3.1669103401134198 -4.1456133148236054 28.0361836626377041 0.6235294117647059 0.5294117647058824 0.4705882352941176
v 1.2895711538515322 0.5668598638852013 13.1757047962484375 0.207843137254902 0.207843137254902 0.2470588235294118
v 3.0709752766274714 -1.2316369754486540 15.4138551020217989 0.5607843137254902 0.4313725490196079 0.3607843137254902
v -12.6262900866198677 34.8918573771903553 34.4250198334676014 0.4117647058823529 0.5254901960784314 0.2705882352941176
v 4.3043032263527783 1.5249523092229926 9.7972249697314329 0.2470588235294118 0.1803921568627451 0.1411764705882353
v 1.8431524774046537 -0.5741307208056423 15.0736015779207015 0.2509803921568627 0.2549019607843137 0.2941176470588235
v 2.1984082436110066 0.4187408884173917 11.7958177395558454 0.196078431372549 0.1921568627450981 0.2274509803921569
v -22.7854070865334819 1.5699041482657843 12.0276554150665085 0.2666666666666667 0.3490196078431372 0.1607843137254902
v -28.8715989737064476 6.1917970881927724 5.8858580142821877 0.3294117647058823 0.2862745098039216 0.2549019607843137
v -22.2613370188104867 4.4312434893409796 0.8444639491169647 0.596078431372549 0.5725490196078431 0.4745098039215686
v -29.6221023535855394 3.6891145527340470 21.9896883670000776 0.4862745098039216 0.4470588235294118 0.4549019607843137
v 2.1868745799453002 -0.9428111818587350 12.6681026422199849 0.1058823529411765 0.1098039215686274 0.1294117647058824
v 1.8257616207770244 -1.4363012608109218 12.6969962388712450 9.803921568627451e-002 0.1098039215686274 0.1333333333333333
v -11.5946125225542325 -2.5333526242027595 16.8482232155704210 0.6274509803921569 0.5450980392156862 0.5843137254901961
v 3.1230307769704195 -1.3586218395654692 18.1876166102765850 0.2509803921568627 0.2117647058823529 0.203921568627451
v 2.8515527322212888 -1.0786135165717341 16.5866717997981397 0.1843137254901961 0.1764705882352941 0.1921568627450981
v 3.7255500665784576 2.7203975802882203 1.3134193769696523 0.3725490196078431 0.2666666666666667 0.196078431372549
v 2.5226878908696784 -2.6107655441683386 22.6661857935153250 0.1215686274509804 0.1450980392156863 0.1686274509803922
v -24.0139103547606183 -9.3668225217723933 0.1312296600432279 0.5019607843137255 0.4588235294117647 0.4313725490196079
v -13.4452825865236711 -3.8762786448136017 8.6068879356080199 0.2392156862745098 0.1803921568627451 0.203921568627451
v 3.4188407721978198 -2.5642579899437807 19.0017437096470871 0.611764705882353 0.4823529411764706 0.3803921568627451
v -20.1555915874042704 -0.0356243605849919 0.8312262806191938 0.3882352941176471 0.5019607843137255 0.2823529411764706
v 0.4294322075377330 2.5597337347071640 6.7540122367465756 6.274509803921569e-002 7.058823529411765e-002 9.803921568627451e-002
v -22.5450322574508668 -1.4874435133938384 17.4745686591606741 0.6274509803921569 0.5529411764705883 0.5372549019607843
v -19.6511157667121275 1.4440823066036985 5.7540597171491532 0.4274509803921568 0.5411764705882353 0.2784313725490196
v 3.5670508524600328 -1.6604526480622572 18.1673103223549148 0.6470588235294118 0.5058823529411764 0.392156862745098
v 3.5098728737602585 -2.4366349914571508 21.4377819775090828 0.6588235294117647 0.5411764705882353 0.4431372549019608
v 3.7310468819808125 -2.8051893448511418 23.6861560550192820 0.6705882352941176 0.5725490196078431 0.4823529411764706
v 3.6332154699674253 -1.5438162810861888 18.5311792046381498 0.6509803921568628 0.5098039215686274 0.392156862745098
v 2.4597856274175309 -0.0076418330970480 11.5630827668171410 0.1803921568627451 0.1843137254901961 0.207843137254902
v 3.7911495754940123 -2.8179470441938417 23.3431697792868391 0.7137254901960784 0.615686274509804 0.5333333333333333
v 0.2895955730692847 -0.2301929392807542 14.7154342334912425 0.2431372549019608 0.2588235294117647 0.2823529411764706
v 3.5892758960580742 -0.4439537028372748 17.6033745786667453 0.3254901960784314 0.3137254901960784 0.3215686274509804
v 1.1662387331641708 -0.9670079809356260 22.0934902662580797 0.2901960784313726 0.3176470588235294 0.3411764705882353
v 3.1366597847057656 -1.2198295162047228 17.5908722385281067 0.4470588235294118 0.407843137254902 0.3882352941176471
v 5.6491765433533265 -0.4337705473874179 24.3790783060109675 0.4745098039215686 0.3450980392156863 0.2509803921568627
v 3.4352573497819825 -3.6448560271269814 25.9812501271347855 0.4274509803921568 0.3529411764705883 0.2980392156862745
v -15.6708184073848251 1.4332400616560994 7.9926366445868364 0.2980392156862745 0.2941176470588235 0.2274509803921569
v -1.4109050272847885 0.2485844126593754 16.3968464902549265 9.803921568627451e-002 0.1215686274509804 0.1490196078431373
v 3.4168698971599385 2.3447752810888112 2.9707831848114581 0.207843137254902 0.1333333333333333 8.235294117647059e-002
v 3.6929639575871080 0.4050234511634575 11.2759059224069738 0.2745098039215687 0.1725490196078431 0.1019607843137255
v 1.4507543895616868 -1.0743075051576296 7.1576561723462300 0.1490196078431373 0.1098039215686274 0.1058823529411765
v 40.8626447782920650 27.7283953401561618 59.6878313908841847 0.8431372549019608 0.7647058823529411 0.7490196078431373
v 3.7129194217246821 -0.1193765474302145 13.6657087959160162 0.3176470588235294 0.207843137254902 0.1294117647058824
v 1.3973515572876392 -0.5780665362504906 16.5615407079234487 0.1372549019607843 0.1529411764705882 0.196078431372549
v 0.1598145441026068 0.7420520094807251 12.9004542177399930 8.627450980392157e-002 0.1058823529411765 0.1372549019607843
v 3.5442485432181212 -1.4367636518227354 19.1339932965808757 0.4117647058823529 0.3019607843137255 0.2274509803921569
v 2.1019228216435120 -0.5241794384899594 9.2884268283974407 0.1294117647058824 0.1098039215686274 0.1176470588235294
v -0.8573737520107527 1.5968192322320700 12.3742276989737068 0.1333333333333333 0.1450980392156863 0.1803921568627451
v 20.5593305219524716 6.9023105612806557 49.0505145563408291 0.6745098039215687 0.5490196078431373 0.5686274509803921
v 3.5598393235684229 -0.6642190271959059 17.6238809298352379 0.2666666666666667 0.2156862745098039 0.1882352941176471
v 3.8833028455671377 1.2389597254904319 11.8890128320553536 0.1058823529411765 9.803921568627451e-002 0.1176470588235294
v 4.4241233515600360 -2.1620349889286015 24.8098588087040284 0.5058823529411764 0.392156862745098 0.3137254901960784
v 2.7308620458872905 0.2675969694671772 7.5037889150235628 0.2156862745098039 0.1333333333333333 9.019607843137255e-002
v -14.0920271031248170 -2.9224660300785832 9.7122189503994498 0.3686274509803922 0.2901960784313726 0.3176470588235294
v -12.5086641018931175 -4.7387720023914550 10.6134341931593159 0.3254901960784314 0.2509803921568627 0.3098039215686275
v 3.1518299826448080 -1.5319764365480519 18.8861413162981080 0.2941176470588235 0.2470588235294118 0.2235294117647059
v 5.5207978486947029 -0.1405264713085232 21.9418344680853252 0.4823529411764706 0.3372549019607843 0.2235294117647059
v -21.7204128671281218 1.8690411665179814 1.2518320472771218 0.407843137254902 0.4980392156862745 0.2588235294117647
v -20.8409461054261875 6.9163969952156057 5.6211768898398553 0.3137254901960784 0.407843137254902 0.2392156862745098
v -18.2703467924806731 -1.9253602750973513 12.7169960824578734 0.2392156862745098 0.2156862745098039 0.2156862745098039
v 3.9384569853015745 -2.0629116590580532 21.1205096033104880 0.5176470588235295 0.3843137254901961 0.2901960784313726
v 3.7599260783761599 2.0704832600174732 6.2997199899164436 0.1686274509803922 0.1137254901960784 8.627450980392157e-002
v 3.5538670803618087 1.4465780039591971 8.1417608398666488 0.1490196078431373 0.1098039215686274 0.1019607843137255
v 2.9407955137087178 -1.1362503492829776 19.1822232055886133 0.1490196078431373 0.1686274509803922 0.207843137254902
v -14.1548886532543285 0.5702908683780589 9.8960472878490222 0.2392156862745098 0.2313725490196079 0.2235294117647059
v 2.7855746249865398 -0.8675180608036086 15.2434140191616496 0.1686274509803922 0.1647058823529412 0.1882352941176471
v -21.5543805727081335 -3.3362661537251652 -1.1791376056231853 0.3764705882352941 0.4705882352941176 0.2431372549019608
v 3.6888576544133667 0.6382444928075237 12.6524065433936013 0.1803921568627451 0.1411764705882353 0.1294117647058824
v -5.1551365708893000 -0.2370011988801480 21.5690775695044934 0.6392156862745098 0.611764705882353 0.6274509803921569
v -13.5198765408046988 -3.9219492186914930 10.8500557728085507 0.3607843137254902 0.2666666666666667 0.2627450980392157
v 2.8152732703629386 -2.1006752026992519 17.2793332034339926 0.4117647058823529 0.2941176470588235 0.207843137254902
v 27.2704545202464317 4.6285433472864925 52.7543207416900586 0.7254901960784313 0.6509803921568628 0.6235294117647059
v 25.7928213756434666 2.5225393204174207 46.5761135891878197 0.7607843137254902 0.6784313725490196 0.6705882352941176
v 32.0776239875795071 0.0511238219656644 64.3465218046927276 0.6941176470588235 0.615686274509804 0.6549019607843137
v 1.9842724778325376 1.8922550965846434 7.3652477615200587 0.1921568627450981 0.1921568627450981 0.2274509803921569
v 1.2053774268658071 -1.9266739913072251 21.0150703658350793 0.2156862745098039 0.2274509803921569 0.2588235294117647
v 0.3114398543948889 0.2853789311256844 12.5510310153714091 0.2823529411764706 0.2784313725490196 0.3215686274509804
v 2.9870188750572026 0.7415777127255665 9.1408164193697470 0.2588235294117647 0.2392156862745098 0.2627450980392157
v -23.8184584169761955 2.8430433957505548 23.1537233217894496 0.5333333333333333 0.4784313725490196 0.4705882352941176
v -1.8102499146115196 0.3092897242786732 16.4555950365425581 0.1607843137254902 0.1725490196078431 0.207843137254902
v -20.7337736226424596 0.2936747229277918 11.9830824973718606 0.2313725490196079 0.2862745098039216 0.1450980392156863
v -22.5270825173886706 1.5592683939469218 18.0628290264568392 0.4901960784313725 0.4392156862745098 0.4392156862745098
v -14.8126934170917259 2.3222668367523696 2.9795887650366333 0.4980392156862745 0.5372549019607843 0.4196078431372549
v -1.7343971449076516 3.0513948595705882 6.3730382365688909 0.1843137254901961 0.1882352941176471 0.2274509803921569
v -33.0174413072699622 -0.2629268132821632 22.6674308516576701 0.5372549019607843 0.5058823529411764 0.5019607843137255
v -23.2615074687352568 4.6711232281832276 2.7107804905045900 0.5372549019607843 0.6235294117647059 0.3843137254901961
v 3.7566129213464619 1.3813519546165007 6.6487028043505374 0.4 0.2823529411764706 0.2196078431372549
v -1.7596021037357046 1.2014345381820024 11.4671198982351861 0.2274509803921569 0.2274509803921569 0.2666666666666667
v -2.9281189259439180 -2.2050957398950803 1.9386062004247062 0.2666666666666667 0.2627450980392157 0.2980392156862745
v -32.8971786463137477 -4.4833827444734986 18.0787680045018320 0.5098039215686274 0.4745098039215686 0.4823529411764706
v -9.9246314033726009 -3.2429431439949976 13.8804269602778838 0.611764705882353 0.592156862745098 0.611764705882353
v -0.7793272868652026 1.0772076189597204 10.9244044653652033 0.2549019607843137 0.2549019607843137 0.2941176470588235
v -1.4213647579676429 2.3452407871536480 7.3640066489445912 0.2509803921568627 0.2509803921568627 0.2941176470588235
v -20.8383540349204743 2.9292995000427142 1.7178986203394992 0.4117647058823529 0.4980392156862745 0.2784313725490196
v 1.5426580610545657 -1.9656489961195762 23.6274434170283456 0.1843137254901961 0.2 0.2352941176470588
v 0.9788102293511838 2.5025619066367311 6.7886815718638109 0.1803921568627451 0.1803921568627451 0.2196078431372549
v 0.0114812632694145 -0.3819559604304654 15.7373454673037205 0.2509803921568627 0.2549019607843137 0.2980392156862745
v 0.7540345689803633 1.3171975075805487 8.9378748582484775 0.2588235294117647 0.2549019607843137 0.2941176470588235
v -22.3718112924610004 1.4880960447934661 9.2986066786368884 0.4980392156862745 0.6 0.3568627450980392
v 16.2916243879651965 -10.7998997177707281 36.1930409407568945 0.9529411764705882 0.9176470588235294 0.9490196078431372
v 0.7465948083688576 0.4787397928884131 12.3399084647129360 0.2941176470588235 0.2901960784313726 0.3333333333333333
v 1.7965052911299706 1.7396085725739505 7.4590418390670594 0.207843137254902 0.203921568627451 0.2431372549019608
v 1.8060906535886270 1.7640979974233308 7.3732929068378441 0.203921568627451 0.203921568627451 0.2392156862745098
v -0.4176572266395778 0.5098594561698981 13.3437160886131121 0.2509803921568627 0.2549019607843137 0.2941176470588235
v 3.6382950395179532 -0.3995721836975095 13.4727276032884262 0.6470588235294118 0.5176470588235295 0.4588235294117647
v 2.0568589645937418 1.2567040192829493 6.8892220177754711 0.196078431372549 0.196078431372549 0.2313725490196079
v 2.1755976147763638 0.6781057795753883 10.1969586478951353 0.2666666666666667 0.2627450980392157 0.2980392156862745
v 0.2167228271597948 2.1614114998078797 6.3903458984715042 0.1843137254901961 0.1803921568627451 0.2156862745098039
v -1.0264877368716874 2.0988898168248156 5.7578556409363539 0.196078431372549 0.196078431372549 0.2352941176470588
v 3.4048686975433462 -1.6294514015900143 17.1910342021532898 0.6980392156862745 0.596078431372549 0.5411764705882353
v -0.3167763861487356 1.5643189079265689 9.0968379016822567 0.2549019607843137 0.2509803921568627 0.2941176470588235
v 0.8845057512062107 1.3803202887484389 7.2410019134659862 0.2235294117647059 0.2196078431372549 0.2588235294117647
v 34.5219644778865415 -4.9499847123971827 63.1156313718358390 0.6274509803921569 0.5803921568627451 0.6196078431372549
v 3.8988814195978025 -0.9882258702479569 17.0731117030041091 0.6862745098039216 0.5843137254901961 0.5254901960784314
v -0.1948552692341781 2.4578734423019140 7.0715244198894931 0.203921568627451 0.203921568627451 0.2392156862745098
v 1.7873971597180454 1.0507754466123373 7.5124032847851465 0.2196078431372549 0.2156862745098039 0.2549019607843137
v 13.2264372933853238 -9.4737586576563704 35.5741659884316661 0.8549019607843137 0.7372549019607844 0.5725490196078431
v -21.6860392236271551 1.8672234592470474 0.7619775976677493 0.4313725490196079 0.5058823529411764 0.2705882352941176
v 2.5356938283605577 0.2419160439036162 12.0633988319488790 0.3372549019607843 0.3333333333333333 0.3803921568627451
v 0.7581917899697429 1.6653681869109647 6.4141388046803192 0.203921568627451 0.2 0.2352941176470588
v 3.0180106329527918 1.3831681491686998 7.1469072019423878 0.1764705882352941 0.1725490196078431 0.2
v -1.0634250704934360 1.9747038912016155 7.9123334619348249 0.2666666666666667 0.2705882352941176 0.3137254901960784
v 2.2762121555373094 0.2879129370138946 11.6007832761280074 0.3176470588235294 0.3137254901960784 0.3607843137254902
v -21.3733002860149846 1.2538321623856816 8.3454457196125968 0.4352941176470588 0.5333333333333333 0.2901960784313726
v -1.4768396700012802 2.2828054375942339 7.0148767876063154 0.2392156862745098 0.2392156862745098 0.2823529411764706
v -2.0821260771780192 2.8152042257372258 8.6939745274995346 0.2313725490196079 0.2274509803921569 0.2627450980392157
v -0.7353771657136854 1.5621902772887626 6.3712366807917595 0.207843137254902 0.2117647058823529 0.2470588235294118
v -20.6743382738929107 -3.6010532458061180 15.7937075149190047 0.2705882352941176 0.1843137254901961 0.2509803921568627
v 3.0742973395200925 -0.1076812772597828 11.8202906222466915 0.5058823529411764 0.4352941176470588 0.4352941176470588
v -1.7760239908306583 1.7867811061792409 9.2781526661923248 0.203921568627451 0.207843137254902 0.2431372549019608
v 0.0940156652089346 1.2658350256574489 9.0772280480503973 0.2705882352941176 0.2705882352941176 0.3098039215686275
v 0.1475141097156631 1.9281377809603584 6.9333310634535597 0.203921568627451 0.2 0.2392156862745098
v -2.4039371197909656 1.5812930152362787 10.8185894388351915 0.207843137254902 0.207843137254902 0.2470588235294118
v 1.0610226793987096 1.4665893589329162 8.2706730769140684 0.2431372549019608 0.2392156862745098 0.2784313725490196
v -2.4817587093698990 2.6857630967349051 6.8923148899397768 0.2784313725490196 0.2745098039215687 0.3098039215686275
v 3.0737220697542877 -0.2376931682562685 12.3989893129356119 0.5333333333333333 0.4509803921568628 0.4431372549019608
v 1.5162789963116643 -0.3818282854497204 15.5656781077730262 0.3294117647058823 0.3294117647058823 0.3725490196078431
v 0.2209682711914991 0.3865514562872957 13.4851493055590694 0.2509803921568627 0.2509803921568627 0.2941176470588235
v -26.1226570537977381 0.1382549231054405 14.8266735720631448 0.4901960784313725 0.4431372549019608 0.4313725490196079
v 2.0915229725575113 -0.9812550171019716 15.3356579359143925 0.407843137254902 0.403921568627451 0.4588235294117647
v -17.7874238459789673 4.9730105342866002 3.7674423978950999 0.4235294117647059 0.5058823529411764 0.2666666666666667
v -19.5362483132905638 1.1450759172255052 7.6586494949406241 0.4588235294117647 0.5803921568627451 0.3294117647058823
v 3.6876963667680065 -1.5423014692935400 18.3463288874656030 0.6901960784313725 0.5803921568627451 0.5294117647058824
v 4.0854399822840302 0.6193995065440759 12.7329020670564237 0.4431372549019608 0.3725490196078431 0.3686274509803922
v 2.3911558474689576 -0.3067493876771530 13.5659532097363424 0.3803921568627451 0.3764705882352941 0.4274509803921568
v -1.3130546108605274 2.2969905745060926 7.2351715243538939 0.2196078431372549 0.2196078431372549 0.2588235294117647
v -15.1324119615257970 5.9266326031688203 6.8503710041062753 0.4 0.5215686274509804 0.3137254901960784
v -1.2876465755004418 2.9149981441401254 9.0727266879408877 0.207843137254902 0.207843137254902 0.2509803921568627
v 0.5005528928409642 1.6915166711870206 10.8444231392635722 0.2745098039215687 0.2745098039215687 0.3176470588235294
v -0.2109561921356398 0.8337656831020978 11.9972220686045201 0.2705882352941176 0.2705882352941176 0.3137254901960784
v 0.1432630879668585 1.0691144123999248 10.6287173594149476 0.2666666666666667 0.2627450980392157 0.3098039215686275
v 0.2871002869209571 1.6014164790285454 7.6952230882585759 0.2274509803921569 0.2235294117647059 0.2666666666666667
v -1.5631599174239987 0.3394139288272487 13.2073233947367381 0.196078431372549 0.207843137254902 0.2470588235294118
v 2.6714840317197996 -0.4407459152741982 14.4710307149470978 0.3882352941176471 0.3764705882352941 0.4235294117647059
v -1.2976961935418005 2.0368723461713754 13.4623722417006171 0.2 0.207843137254902 0.2431372549019608
v -21.7319608099957371 -1.0037090792829477 40.6801352091052095 0.5137254901960784 0.4549019607843137 0.4117647058823529
v -1.2111426491074047 1.5109188787214396 10.3662194141036821 0.2392156862745098 0.2392156862745098 0.2823529411764706
v 0.3644310971753923 1.4801580015570255 8.1165261397448614 0.2431372549019608 0.2392156862745098 0.2784313725490196
v 2.5295568630255576 -0.6790304781434466 15.0283801960350214 0.3843137254901961 0.3843137254901961 0.4313725490196079
v 1.7658112583024956 0.9300424646488716 9.2552235385990382 0.2588235294117647 0.2549019607843137 0.2941176470588235
v 2.7804323172949337 1.6252732733611046 5.6000117686196269 0.1647058823529412 0.1607843137254902 0.1921568627450981
v -23.9541803698483982 -0.9594002205900585 38.0225773892773233 0.5411764705882353 0.4823529411764706 0.4352941176470588
v 1.1532283246990722 0.6594387998019909 11.3714178438831244 0.2705882352941176 0.2666666666666667 0.3058823529411765
v -13.8805873610473292 -4.9401190810122868 12.2889950130099201 0.5686274509803921 5.490196078431372e-002 5.882352941176471e-002
v 5.0971164112628964 -1.9418650174724361 27.7148218670955302 0.4431372549019608 0.3568627450980392 0.3019607843137255
v 29.2808749984963868 6.3253317739944706 50.5720871423942100 0.6862745098039216 0.6313725490196078 0.615686274509804
v 2.5837709227253502 -0.1230152285703023 11.5849761754974505 0.1215686274509804 0.1254901960784314 0.1529411764705882
v 3.4770908002931615 1.4459394451970249 5.4416957581616456 0.2901960784313726 0.1686274509803922 8.627450980392157e-002
v 32.7145687750000604 19.9347172470764171 56.3979633559394671 0.7372549019607844 0.6235294117647059 0.6
v -21.5907342339813120 -3.2440854593383257 17.2153833892295722 0.4549019607843137 0.3725490196078431 0.3882352941176471
v 2.8247348707329594 1.8559980749769820 1.9534261526575440 0.1803921568627451 0.1215686274509804 8.235294117647059e-002
v 2.8061698971293656 -1.7889212947209778 20.1402680192602617 0.1803921568627451 0.1921568627450981 0.2235294117647059
v 4.0449833620523057 -0.5149051408563523 22.0978804515106830 0.1529411764705882 0.1647058823529412 0.1882352941176471
v -22.2376331387201240 0.0761250672848635 7.2855819745717447 0.4705882352941176 0.6 0.3333333333333333
v -13.0947868893458939 3.1103181686080656 -0.2876079529759867 0.4823529411764706 0.4901960784313725 0.5137254901960784
v -16.3162867316659366 -3.6938210427185325 17.6539881613370611 0.196078431372549 9.411764705882353e-002 0.1254901960784314
v -14.2532112462084370 2.1509785926409579 1.7230510496009019 0.4705882352941176 0.5725490196078431 0.4352941176470588
v -19.7291863586521181 -3.2217248167500019 17.1678407388847987 0.3686274509803922 0.2862745098039216 0.3450980392156863
v 2.9962851373870412 0.8909888444225480 9.6461572953985684 9.019607843137255e-002 9.411764705882353e-002 0.1176470588235294
v 2.9821729382044881 0.2545023163735731 20.4142538363547459 0.1450980392156863 0.1686274509803922 0.207843137254902
v -21.6524756614672285 3.6260116520266337 1.9846504106634641 0.4 0.5098039215686274 0.2784313725490196
v -16.5090474765360007 -9.6462397331957792 7.5585357703653546 0.596078431372549 0.4509803921568628 0.4274509803921568
v 3.3418428073178679 -2.8671397218074945 21.4497227447966452 0.5490196078431373 0.4274509803921568 0.3333333333333333
v -10.2601203850423026 -10.4234443760007345 -3.2180497887406618 8.627450980392157e-002 9.803921568627451e-002 0.1333333333333333
v -6.8921946229811644 1.5152682588343609 2.3732846671805841 0.6588235294117647 0.6235294117647059 0.6313725490196078
v -4.8759675814726453 -0.0177594943935727 0.8589513152635317 0.2549019607843137 0.2509803921568627 0.2823529411764706
v 3.5149941519349146 -1.7981267010761777 19.0767726234412720 0.6509803921568628 0.5294117647058824 0.4588235294117647
v 0.2896875813579445 2.4636533409542958 6.5692287240148826 0.1176470588235294 0.1254901960784314 0.1490196078431373
v -21.6006502557973903 1.4115676216435495 4.9872555590499568 0.5254901960784314 0.6235294117647059 0.3607843137254902
v 2.8844333347952031 -0.8431624087384171 16.5321928529851228 0.3019607843137255 0.2941176470588235 0.3294117647058823
v -20.4740247744522001 -3.3191470292539815 12.3074114654767222 0.2980392156862745 0.2470588235294118 0.2784313725490196
v -14.2141714695176979 -1.8874411381403189 10.4587455011078596 0.2588235294117647 0.2352941176470588 0.2705882352941176
v -0.4544987320120000 2.2011332186373198 7.2554959902084599 0.1294117647058824 0.1411764705882353 0.1725490196078431
v 3.9543970916004283 -0.1676874258155783 15.1402514899495166 0.5176470588235295 0.403921568627451 0.3529411764705883
v -24.1966209844249356 -8.1715955128387670 18.4109720619044168 0.3803921568627451 0.3294117647058823 0.3019607843137255
v -12.4327931200176280 -3.6942813990576813 12.1929425522489012 0.2588235294117647 0.2117647058823529 0.2392156862745098
v -21.1895668804698261 -9.1792468607774982 -2.3881715770329990 0.5058823529411764 0.4627450980392157 0.4470588235294118
v -12.1962602430214595 -3.8082295807681739 11.6925372746904870 0.403921568627451 0.3607843137254902 0.407843137254902
v -21.3252361906593642 0.7016719248599140 9.7205863191232318 0.1725490196078431 0.2666666666666667 9.411764705882353e-002
v 2.5278799734954829 0.9820619407672179 7.2818008455505963 0.1411764705882353 0.1411764705882353 0.1764705882352941
v -2.2198697802536831 2.6476422727924476 5.7009710523907513 0.1372549019607843 0.1450980392156863 0.1803921568627451
v 3.5186172077562654 -0.6403818067939211 14.7985684007022247 0.592156862745098 0.4705882352941176 0.4117647058823529
v -16.2083937480517406 -3.7025394560025218 16.9925767374091592 0.3215686274509804 0.2627450980392157 0.3098039215686275
v 2.0528469312412239 0.1401645665182508 3.8451896265924352 0.407843137254902 0.2784313725490196 0.1764705882352941
v -1.4653573903097450 1.9536372641616591 6.6543442676679136 0.1372549019607843 0.1450980392156863 0.1803921568627451
v -15.3270344417170357 0.7627818751324354 1.0967365847349966 0.4980392156862745 0.5568627450980392 0.403921568627451
v -14.7730069013806506 -2.3984449985703584 9.7630661824782443 0.2784313725490196 0.2431372549019608 0.2745098039215687
v 2.5132028208458452 1.5934889340293135 6.0732933935618245 0.1176470588235294 0.1254901960784314 0.1568627450980392
v -20.3064892558773806 -3.5664099870940573 16.4660976045988114 0.3686274509803922 0.2941176470588235 0.3529411764705883
v -20.4706764556147007 -3.2057570542283029 17.4930136081048104 0.3725490196078431 0.2941176470588235 0.3529411764705883
v -1.5701142577673908 0.7680597893782147 13.8641497509118512 0.207843137254902 0.2196078431372549 0.2588235294117647
v -0.2722698944370345 2.6063802764835016 5.9234912168023213 0.1254901960784314 0.1411764705882353 0.1647058823529412
v 2.6041568358935150 1.2057370165593972 5.9979995104426624 0.1098039215686274 0.1098039215686274 0.1411764705882353
v -0.7948179716328723 2.2673768382179516 7.3073778593743501 0.1294117647058824 0.1450980392156863 0.1764705882352941
v -17.8504821758246806 -3.5214414119375341 13.8949895648908370 0.4470588235294118 0.3764705882352941 0.4156862745098039
v -18.8901520453016474 -3.6344045708677406 16.1187822378258474 0.2745098039215687 0.2 0.2549019607843137
v -2.0402539922761576 1.5692619349603241 4.3670940822704267 0.1176470588235294 0.1333333333333333 0.1568627450980392
v 1.9350546057721316 1.6498120768056332 6.7313893468708734 0.1215686274509804 0.1294117647058824 0.1568627450980392
v -0.9816630990479138 1.9639256055033865 8.5052933249133780 0.1647058823529412 0.1686274509803922 0.203921568627451
v -1.0547354307174335 1.9720760843522391 6.3739560017018633 0.1254901960784314 0.1372549019607843 0.1725490196078431
v -17.8695253154810239 -0.2723816614339960 12.6106191278471904 0.2784313725490196 0.3568627450980392 0.2313725490196079
v -21.6736322436884237 2.2141235794834309 7.7385841404526383 0.4941176470588236 0.592156862745098 0.3333333333333333
v -23.2169221895118980 -4.5187918704737164 13.9441419405902369 0.4470588235294118 0.3882352941176471 0.3529411764705883
v -21.8182703267104756 -1.9522094864541295 14.5405376944860780 0.3372549019607843 0.2862745098039216 0.3215686274509804
v 0.4878953755665025 -0.4911531320831737 15.9406353161415026 0.2705882352941176 0.2784313725490196 0.3137254901960784
v -12.8392198442382082 -0.2948550431677552 3.6050892828246686 0.5098039215686274 0.4705882352941176 0.4274509803921568
v -1.8594896330296686 1.0357002344259283 4.8441157221411180 0.1254901960784314 0.1372549019607843 0.1686274509803922
v -20.2287355183263102 0.6066517458527887 1.5691909367701626 0.4784313725490196 0.5686274509803921 0.3568627450980392
v -0.5303221452471969 2.1815689234756444 6.4875164970293939 0.1294117647058824 0.1411764705882353 0.1725490196078431
v -1.5689134484188667 1.8904803121230176 9.0548669882697563 0.1843137254901961 0.1882352941176471 0.2235294117647059
v -2.6027457957186626 2.4901346837571423 5.9350487331253081 0.1333333333333333 0.1411764705882353 0.1725490196078431
v 0.4666613901847030 1.9281687507627869 5.9094446486703278 0.1254901960784314 0.1294117647058824 0.1568627450980392
v 0.0132248125894866 2.3795499800944047 6.3477623195363639 0.1176470588235294 0.1333333333333333 0.1568627450980392
v -1.3230681704626832 2.2950840504019547 5.8436419836947033 0.1294117647058824 0.1411764705882353 0.1647058823529412
v 1.7324039318813496 1.9107688772469413 6.0974320196345584 0.1176470588235294 0.1254901960784314 0.1568627450980392
v 0.1661802324277347 2.1449387532234376 6.3315881177189182 0.1215686274509804 0.1294117647058824 0.1529411764705882
v -0.6488628123935425 2.2396441800556754 5.6104022922153733 0.1254901960784314 0.1411764705882353 0.1686274509803922
v -18.0281708478341969 -2.8506149679327635 34.6503537939255750 0.5058823529411764 0.4431372549019608 0.396078431372549
v -0.8713637472123010 1.7094545058740445 8.6195314742229154 0.1568627450980392 0.1607843137254902 0.196078431372549
v 24.8628605468796700 -6.6749924698153871 63.7148979041364640 0.8980392156862745 0.8274509803921568 0.8666666666666667
v 32.9618843934000694 -1.0896447691478424 63.1739971257216197 0.6 0.5372549019607843 0.5490196078431373
v 24.0975419697284288 -0.5905811250244433 55.5628810907323896 0.9411764705882353 0.7411764705882353 0.796078431372549
v 21.1692576145812339 -1.9923799060770462 58.6674417034530862 0.8901960784313725 0.7686274509803922 0.796078431372549
v -20.6468984017310575 -0.0783402329265959 13.7424483476593977 0.5019607843137255 0.4549019607843137 0.4352941176470588
v 0.7639156513527321 0.7795154183899602 8.3716498999808682 0.2 0.196078431372549 0.2313725490196079
v -1.2112360153703432 2.4999909927203929 6.0147871443687508 0.1450980392156863 0.1490196078431373 0.1803921568627451
v -0.3634834573570163 0.6488631592996534 10.5290321033231766 0.1882352941176471 0.1882352941176471 0.2235294117647059
v 4.2676943378516894 0.3360483022314310 12.6964918029571017 0.4941176470588236 0.3490196078431372 0.2862745098039216
v 3.0163204219620230 -0.3834325446419681 13.9030141825940294 0.4392156862745098 0.407843137254902 0.4313725490196079
v 2.7699115164770443 0.5672736091676631 8.8117890307537383 0.2 0.1843137254901961 0.207843137254902
v 3.7389992123561839 -0.6498018403585732 15.1891599396996675 0.615686274509804 0.4784313725490196 0.407843137254902
v -14.8465616921149319 -5.4184238841505268 3.7932511731654461 0.3058823529411765 0.2470588235294118 0.2509803921568627
v -14.0730494329330078 -3.5574321900745911 16.1505093021034938 0.3882352941176471 0.2156862745098039 0.2352941176470588
v -21.9841243130073636 -3.0358833619584900 14.6683352771815407 0.3686274509803922 0.3019607843137255 0.3098039215686275
v -22.5729546614744052 -2.5935809985722882 17.1224424818509178 0.5176470588235295 0.4470588235294118 0.4196078431372549
v -29.7768885164820851 0.3121105777121999 18.8585980123966053 0.5411764705882353 0.5058823529411764 0.5019607843137255
v -20.1843291874661723 -3.5641176564338792 16.1222578246805774 0.3882352941176471 0.3176470588235294 0.3725490196078431
v -17.8360978179067082 -3.3354517444126550 14.6709178327081435 0.4313725490196079 0.3686274509803922 0.403921568627451
v -12.7961501436232901 -1.1605596629016504 8.1753379309387544 0.3098039215686275 0.3254901960784314 0.3803921568627451
v -13.2815646449347433 7.2130297967724539 12.1671370775419181 0.4941176470588236 0.4549019607843137 0.396078431372549
v -19.7126600255340811 1.9550577320344722 -0.2963000835543692 0.4784313725490196 0.5647058823529412 0.2941176470588235
v -14.8345428042956335 -1.7951667627671422 10.8821242176353170 0.2666666666666667 0.2392156862745098 0.2705882352941176
v 2.4632792438976101 0.3943970638295243 9.5637144151995344 0.1843137254901961 0.1803921568627451 0.2156862745098039
v 3.0445544857626996 -0.2069486395644691 13.9573765517769299 0.3372549019607843 0.3176470588235294 0.3490196078431372
v -11.0619324724913071 -9.8220859323257432 -8.2477805600380396 0.2549019607843137 0.2588235294117647 0.2980392156862745
v -2.4445729663847109 -8.1935407345818696 8.3881708220897764 0.7647058823529411 0.6862745098039216 0.6666666666666666
v -3.6864020050673263 -4.4985595755804431 4.0025096532799864 6.666666666666667e-002 8.235294117647059e-002 0.1098039215686274
v 3.4805293553632408 -0.7437258069722399 16.7144451423970963 0.2980392156862745 0.2196078431372549 0.1647058823529412
v -12.2523542989084575 8.1567382990070900 3.3351536059408673 0.3411764705882353 0.3843137254901961 0.3764705882352941
v -8.4775900658099417 -2.3877044880884037 2.1899817390696423 0.6509803921568628 0.6235294117647059 0.6313725490196078
v -3.2911281138832802 1.6759954913001085 7.0870493629476474 0.4117647058823529 0.4 0.4235294117647059
v -2.3418687830678553 -4.8592289194252487 3.9322795812710400 7.450980392156863e-002 7.843137254901961e-002 0.1058823529411765
v -3.3886025446083012 -4.9756528879512638 4.1334377638095248 7.058823529411765e-002 8.235294117647059e-002 0.1058823529411765
v -5.1047832285240080 -9.2482743750190490 9.5342958745240782 0.1254901960784314 0.1529411764705882 0.196078431372549
v 23.7176453232779316 2.0282530635673290 47.6667273907108182 0.9058823529411765 0.807843137254902 0.8274509803921568
v -0.1773147523423620 1.2267262209480665 11.4340568027978779 0.2352941176470588 0.2392156862745098 0.2745098039215687
v 9.7726283635206421 -8.5827625159949452 38.7152507027817521 0.803921568627451 0.6313725490196078 0.3294117647058823
v 21.1530211429609487 -2.9829337131912297 52.9987664442367929 0.8862745098039215 0.7803921568627451 0.8392156862745098
v 4.7291316035317150 -2.6730239444448474 25.5365696238433273 0.6862745098039216 0.6039215686274509 0.5568627450980392
v 43.4010905613772522 19.3470469988482670 57.6500864795527193 0.9333333333333333 0.7176470588235294 0.788235294117647
v -14.4827529234355552 -3.9511093574777840 10.8021693247998609 0.3568627450980392 0.2862745098039216 0.2823529411764706
v -21.5794655240553617 1.6248674465227471 7.1247932034189967 0.4588235294117647 0.5529411764705883 0.3058823529411765
v -15.0582840045972013 -2.8937498173149576 10.5232395931479452 0.2823529411764706 0.2313725490196079 0.2470588235294118
v 0.2658172524750298 -1.5770415563113349 20.9868912752536190 0.1803921568627451 0.1921568627450981 0.2274509803921569
v -22.3503382867873270 1.4356674375142027 8.7343549263532250 0.4980392156862745 0.6 0.3568627450980392
v 2.7876317164578301 -0.2288669513128252 13.3738369485882256 0.4549019607843137 0.4431372549019608 0.4980392156862745
v -22.2306254986528877 0.3603019813368343 10.4937540210218554 0.3019607843137255 0.3137254901960784 0.2117647058823529
v 0.5770281305865076 1.5580313647945676 9.0171585226576987 0.2627450980392157 0.2627450980392157 0.3058823529411765
v 2.7371087763149768 1.4578806563119113 5.1711427646801091 0.1568627450980392 0.1529411764705882 0.1803921568627451
v -1.2275280642739279 2.2028250810991565 7.0589763430066705 0.2196078431372549 0.2156862745098039 0.2588235294117647
v -12.1846885411664623 -1.8911558893403593 0.3965978518691856 0.4705882352941176 0.4509803921568628 0.4470588235294118
v 3.5398262988081939 -0.0029136476496892 11.9944049985221799 0.5058823529411764 0.3882352941176471 0.3372549019607843
v 3.8967208421924351 1.3808288542333826 8.6381089209292732 0.2862745098039216 0.2196078431372549 0.203921568627451
v 3.5690394036539446 1.6084726456397183 7.8471782018341427 0.1764705882352941 0.1647058823529412 0.1882352941176471
v -22.3255580258373172 2.0377296248028034 4.4115923671646025 0.2745098039215687 0.3529411764705883 0.1607843137254902
v -20.2621042762518861 -0.0592289384295145 10.6011964002264918 0.1725490196078431 0.2392156862745098 8.627450980392157e-002
v -1.2255763247892058 1.2460345553414478 11.9631255526377647 0.2274509803921569 0.2313725490196079 0.2666666666666667
v 2.0431129042504330 0.8353058490154600 8.5815797408605654 0.2431372549019608 0.2392156862745098 0.2745098039215687
v -16.6161946156617155 -1.0092887538666304 1.7778755521944478 0.1176470588235294 0.203921568627451 0.1372549019607843
v -23.3619324320432504 2.3741754276068012 21.8216365980289595 0.4431372549019608 0.392156862745098 0.403921568627451
v 0.6523212584303707 1.4900525248223873 6.3807950225018528 0.196078431372549 0.1921568627450981 0.2313725490196079
v -13.5553084465958875 -3.8069794392323502 13.0818969699615248 0.2 0.1137254901960784 0.1450980392156863
v -18.1767994109355300 1.5815723571262688 9.7688525506657324 0.392156862745098 0.5176470588235295 0.2784313725490196
v -13.7074499157468921 -11.0724480060644410 -3.6582153994788165 0.3058823529411765 0.2588235294117647 0.2392156862745098
v 12.9293848274964915 -17.4345876031899749 48.4000325448071820 0.6196078431372549 0.6235294117647059 0.6274509803921569
v 0.3536500731527971 1.2487662563983553 9.9193967314263638 0.2666666666666667 0.2627450980392157 0.3019607843137255
v -0.4646407577442400 1.8424536413180241 9.6758659036256862 0.2392156862745098 0.2392156862745098 0.2745098039215687
v -22.7859262983786728 3.4615522948912503 3.5455336574118848 0.4941176470588236 0.5607843137254902 0.3215686274509804
v 1.7596575805790429 0.9837212860722501 10.0738363027935307 0.2588235294117647 0.2549019607843137 0.2901960784313726
v 1.7315260609792105 0.8755636376560449 8.5685633884998342 0.2509803921568627 0.2431372549019608 0.2823529411764706
v 2.7737106930195758 1.4321521634375769 6.5049249862991498 0.1843137254901961 0.1843137254901961 0.2235294117647059
v 1.8631719736753731 1.8385955998499053 6.0728559367741166 0.1607843137254902 0.1647058823529412 0.2
v -1.4090644961586991 1.0737791778724646 12.2244522881123405 0.2313725490196079 0.2313725490196079 0.2705882352941176
v -21.3720933624828966 0.4331347789512290 12.0023145824810946 0.1725490196078431 0.2431372549019608 8.627450980392157e-002
v -13.0629203843212949 1.7314844578272088 12.5131360107775471 0.3098039215686275 0.3568627450980392 0.4
v -16.3385003987627755 -3.3846077229516984 14.9400480073071922 0.4549019607843137 0.3843137254901961 0.4274509803921568
v 3.9038203449569298 0.7412620000543404 9.2595559051111067 0.5333333333333333 0.4117647058823529 0.3529411764705883
v -13.3491439621465631 -4.9673402075357078 11.5068716247043294 0.5254901960784314 5.490196078431372e-002 4.313725490196078e-002
v -0.4584482159005687 0.6500001418955643 10.1213768035145275 0.2509803921568627 0.2470588235294118 0.2862745098039216
v -1.0096369555159854 1.2233524739085773 11.5178683566309594 0.2431372549019608 0.2392156862745098 0.2823529411764706
v 3.1769079532754576 1.8597807981215349 6.5143775234134838 0.1607843137254902 0.1607843137254902 0.196078431372549
v 2.6708388437376431 0.9937625808288734 7.9556533518754939 0.207843137254902 0.2 0.2392156862745098
v 2.7129564710013305 -3.8855700366793098 25.6125811404826536 0.5450980392156862 0.4431372549019608 0.396078431372549
v 0.0393579913896213 1.3087876182458347 9.4139296042409821 0.2588235294117647 0.2588235294117647 0.2980392156862745
v -13.4917691181917263 2.5989493378425070 4.8070469841005474 0.5568627450980392 0.5176470588235295 0.4666666666666667
v 2.3104643246867571 1.3030074312710047 9.8476813913226913 0.2509803921568627 0.2431372549019608 0.2784313725490196
v -2.3883950651776202 1.5904579694041125 11.1062355580391294 0.2274509803921569 0.2274509803921569 0.2627450980392157
v -1.3770334960613466 1.0658386482036422 11.6286832772678128 0.2352941176470588 0.2392156862745098 0.2784313725490196
v 2.7016371881504968 -0.0114506473625950 10.2969085649391818 0.3764705882352941 0.3333333333333333 0.3490196078431372
v -12.4972108658757541 -0.4057352674304718 1.9330676692293425 0.5725490196078431 0.5450980392156862 0.5215686274509804
v -2.8058963854708763 2.4700374847163777 5.8702393938095909 0.2392156862745098 0.2352941176470588 0.2705882352941176
v -13.0837400847966556 -0.5458644147901659 11.2391765114059190 0.1686274509803922 0.1411764705882353 0.196078431372549
v 1.6880270326514533 -0.7226162480826990 6.5183951565393290 0.5568627450980392 0.396078431372549 0.3411764705882353
v -7.8747228702374370 -4.7744200477426082 -2.4141470784492070 0.2352941176470588 0.2392156862745098 0.2745098039215687
v 3.2002594772122590 -1.8468693336302910 18.9117727549520680 0.6588235294117647 0.5607843137254902 0.5137254901960784
v -21.7959136599889405 3.1936714809386579 1.5147721629213846 0.4666666666666667 0.5607843137254902 0.3215686274509804
v -14.8880604365743636 -5.0877583308185743 -9.6086333813057809 0.4745098039215686 0.5176470588235295 0.403921568627451
v -20.3728970142727732 -0.3952742734789734 -4.7559231794983363 0.5098039215686274 0.5529411764705883 0.403921568627451
v 2.2599959416856699 0.7671546847226798 9.4858887578571842 0.2470588235294118 0.2431372549019608 0.2784313725490196
v 25.4538103050947413 9.8743974348620220 57.3001614103084762 0.8313725490196079 0.6627450980392157 0.7098039215686275
v 3.5218596453987940 2.4750135926280343 3.0834792074551869 0.1882352941176471 0.1254901960784314 8.627450980392157e-002
v 3.6627790443751018 3.0535736028362503 2.2853740918485412 0.1254901960784314 9.803921568627451e-002 8.627450980392157e-002
v 2.1683858705914232 -1.7988293842454006 13.6166355775882408 0.3176470588235294 0.2313725490196079 0.1725490196078431
v 3.7211583835817583 -0.3913626582036633 16.4314785247647279 0.3058823529411765 0.2352941176470588 0.1882352941176471
v 2.7830036773909024 2.0959955812857025 1.4037299932793015 0.1254901960784314 9.803921568627451e-002 8.627450980392157e-002
v -10.5534548902395251 4.1661338074896941 7.7270809957008373 0.6509803921568628 0.6196078431372549 0.6196078431372549
v 3.0877188091397305 2.3148572335789090 2.1219888505626137 0.1176470588235294 9.411764705882353e-002 8.235294117647059e-002
v 4.2366284191720123 3.8949056377340714 1.8432233343295035 0.1176470588235294 9.411764705882353e-002 8.235294117647059e-002
v -18.3573085511637331 -3.6511067915730404 16.9965355606977013 0.3686274509803922 0.2745098039215687 0.2784313725490196
v 3.9447359446121397 -1.5574246887205627 19.1322112141797973 0.5176470588235295 0.3725490196078431 0.2549019607843137
v 2.2488857590348843 -0.8033993814014864 16.8495956905728619 0.1450980392156863 0.1647058823529412 0.207843137254902
v -21.8890693386359558 4.9325527181277273 0.8712548068945829 0.4666666666666667 0.4549019607843137 0.3764705882352941
v 4.2848562461753810 -1.2991730919822742 23.3116685948652957 0.3686274509803922 0.2941176470588235 0.2549019607843137
v 3.4648215954147230 1.0486022225453442 8.2546189829318930 0.2196078431372549 0.1333333333333333 9.019607843137255e-002
v 4.0016860652642103 -1.3415612144684883 26.2078761481856546 0.1294117647058824 0.1529411764705882 0.1843137254901961
v 2.5187402577638971 -1.9007603723891771 17.0852843238233518 0.2862745098039216 0.2431372549019608 0.2274509803921569
v 3.8970386290232986 -0.5122067653264553 15.5895204229553492 0.396078431372549 0.2627450980392157 0.1490196078431373
v 3.6558720179685333 -0.4366770090894649 16.3020128593689435 0.3058823529411765 0.2352941176470588 0.1882352941176471
v 3.3011120054545726 2.6430142526661626 1.3747597933350286 0.1607843137254902 0.1098039215686274 7.450980392156863e-002
v 3.8240640221780202 -2.5433880053492315 23.1446322950543575 0.5254901960784314 0.403921568627451 0.3176470588235294
v 3.5538446102428263 2.1711397978653242 3.3744443920579910 0.2588235294117647 0.1568627450980392 8.235294117647059e-002
v -4.4330150909708612 -0.5081337831200952 7.0261822287726643 0.4156862745098039 0.407843137254902 0.4352941176470588
v 0.2696818291173755 -1.5265073662891149 15.1070291994786050 0.1411764705882353 0.1568627450980392 0.2
v -0.8085284917253581 0.7716909629969220 11.9629970388167557 8.235294117647059e-002 0.1019607843137255 0.1333333333333333
v -1.0805278948224291 1.1964490897155660 10.9755008925063535 8.235294117647059e-002 0.1019607843137255 0.1294117647058824
v -2.3075283683746797 -0.4858405939669335 15.6490297587679912 9.803921568627451e-002 0.1215686274509804 0.1529411764705882
v 3.4722674470577841 -3.3115857397955937 25.3214130605446073 0.4313725490196079 0.3450980392156863 0.2862745098039216
v 3.4281808189293921 2.3615870393327683 2.3334800616889542 0.2352941176470588 0.1372549019607843 7.450980392156863e-002
v -5.6085210991483940 -5.4995322113728600 2.0434058719998749 9.019607843137255e-002 0.1058823529411765 0.1372549019607843
v -22.6636551622095119 5.3672801183595178 3.6085950908700677 0.4745098039215686 0.5803921568627451 0.3254901960784314
v 3.1849246129531572 -1.9702648063976291 22.3518070442952492 0.207843137254902 0.2117647058823529 0.2392156862745098
v -21.8525626884449764 2.7222948675176237 1.1803717155676543 0.4431372549019608 0.5607843137254902 0.3137254901960784
v 3.0710973035232221 1.3160587082626063 6.1228440723496904 0.1254901960784314 9.411764705882353e-002 9.411764705882353e-002
v -2.1776948988648979 3.6597970589418516 7.7417986856751169 0.4705882352941176 0.4549019607843137 0.4823529411764706
v 4.5058944877233236 -2.3027584688734111 25.0774646309144131 0.5490196078431373 0.4352941176470588 0.3725490196078431
v 3.4949045075862961 -3.3484095866668824 28.2855230771387269 0.403921568627451 0.3607843137254902 0.3294117647058823
v 2.6946427486485725 1.1212682440947013 11.1615080524852281 8.627450980392157e-002 0.1019607843137255 0.1294117647058824
v -0.9866150208288609 -0.5210174395720053 17.4050471236532331 0.1372549019607843 0.1529411764705882 0.1921568627450981
v -18.7695882909956850 0.4505624323488256 7.9566075045051710 0.3176470588235294 0.4235294117647059 0.2117647058823529
v -29.7446272015239082 7.5197872745322405 15.5831276841995177 0.2117647058823529 0.1686274509803922 0.1450980392156863
v -20.1547981584711593 1.7084392389542817 4.5253142306860354 0.1725490196078431 0.2509803921568627 9.803921568627451e-002
v 3.2639284889484972 2.3525122836503964 2.4281189299545090 0.1568627450980392 0.1098039215686274 8.235294117647059e-002
v -11.6457784661272576 8.4938233815647273 3.8892878111678448 0.5058823529411764 0.5137254901960784 0.5176470588235295
v -19.5824711490049275 2.1568656334424219 21.7335906586436423 0.4313725490196079 0.3529411764705883 0.3803921568627451
v -27.4708358218354540 0.6110793850686324 5.9922562193608071 0.3647058823529412 0.3215686274509804 0.2941176470588235
v -23.4853464653418378 2.2429511078337452 0.7294208760751476 0.6313725490196078 0.611764705882353 0.4862745098039216
v -12.5117661757690293 -4.5917391924115458 10.3752261176029279 0.4509803921568628 0.403921568627451 0.4627450980392157
v -13.9864279588268232 -12.7998742349619228 -12.0205467720694479 0.8823529411764706 0.7254901960784313 0.7529411764705882
v -15.0248593252699330 2.8132612509259154 3.3388197411595559 0.5058823529411764 0.6196078431372549 0.4235294117647059
v -17.4740421638038548 -15.6793344331044064 -14.1733252327576427 0.8705882352941177 0.7843137254901961 0.8235294117647058
v -8.0521226430072232 -12.9789191283492720 -1.7743685148207113 0.8784313725490196 0.8588235294117647 0.8784313725490196
v -17.3322520953862842 -3.2867455649344688 15.4809291934593993 0.4666666666666667 0.3843137254901961 0.4352941176470588
v 3.0291430723529125 0.9728144072008452 8.3681534535719084 0.1137254901960784 0.1058823529411765 0.1254901960784314
v 30.8168026332949232 4.4146205578146578 53.9543137667391903 0.7333333333333333 0.6901960784313725 0.6588235294117647
v -4.8147294801537557 -4.7595809381159713 3.6079352433949539 0.1254901960784314 0.1372549019607843 0.1686274509803922
v 2.6257931771748657 1.5426115483118390 2.2991205188337243 0.196078431372549 0.1333333333333333 9.411764705882353e-002
v -21.4235252002738328 0.3284625971378506 4.0863159820694346 0.4745098039215686 0.592156862745098 0.3137254901960784
v 3.6285459551625365 -0.9862467658927014 15.8077593316893417 0.5372549019607843 0.3882352941176471 0.2901960784313726
v 1.9328241705976084 0.4232914589654354 11.1692753281688528 0.1372549019607843 0.1490196078431373 0.1803921568627451
v 3.2726056313806517 -1.1622376074564251 14.2478756839842919 0.5058823529411764 0.3607843137254902 0.2627450980392157
v 20.1971303204735442 1.4052853136456207 51.7972678335732368 0.7490196078431373 0.7372549019607844 0.7568627450980392
v -13.1150430252504613 -3.3593438943550415 6.4993527214485365 0.2117647058823529 0.1882352941176471 0.2352941176470588
v -19.6352525825359692 -2.5009709619990081 21.1058235707947048 0.615686274509804 0.5450980392156862 0.5137254901960784
v 3.3003387569978297 1.5936494779507371 4.8437042517838229 0.2431372549019608 0.1490196078431373 8.627450980392157e-002
v 3.7455712071161820 0.1277303171178631 11.2972875091999576 0.3764705882352941 0.2549019607843137 0.1764705882352941
v 26.4394993480156515 -0.5480390455966428 46.4125062881410173 0.7803921568627451 0.7372549019607844 0.7176470588235294
v 2.8167881032392312 1.1352986563219234 5.1048466515460174 0.1882352941176471 0.1294117647058824 0.1019607843137255
v 1.6984502700841644 0.3984807440784773 11.2795102626038872 0.1372549019607843 0.1411764705882353 0.1764705882352941
v 3.5217191170585154 1.9369186014835384 5.0931505372564096 0.1921568627450981 0.1294117647058824 9.019607843137255e-002
v 2.6638063617669441 -3.4470338300893975 21.2838320637302232 0.6 0.4901960784313725 0.4117647058823529
v 2.8705010010730727 0.3505173431784123 9.1276285670499657 0.1882352941176471 0.1490196078431373 0.1450980392156863
v 0.8036041460804870 0.1447621028496190 11.5776373137508184 0.1490196078431373 0.1529411764705882 0.1882352941176471
v 3.5803928302846253 -1.3455813146413569 19.4603313198285690 0.4901960784313725 0.4 0.3607843137254902
v 3.6086286530958809 -2.2601586682025170 20.2582461127098199 0.6274509803921569 0.4823529411764706 0.403921568627451
v 3.7637669045218822 -2.7384569128067291 22.8424603052199302 0.6235294117647059 0.5058823529411764 0.4274509803921568
v 2.5080677413584209 -0.1003253214452792 12.1621603458932981 0.1607843137254902 0.1607843137254902 0.1921568627450981
v 2.9937366510855306 0.2193287734208879 11.6479939332278288 0.1568627450980392 0.1490196078431373 0.1725490196078431
v 2.7672912156763272 -0.1217475245998471 11.7672920837452448 0.1843137254901961 0.1686274509803922 0.1921568627450981
v -7.7725076736778034 -5.7485354935360027 -1.3373275952005930 9.411764705882353e-002 0.1058823529411765 0.1411764705882353
v -0.1199149474316382 1.8463972269305895 6.0511517467722840 8.235294117647059e-002 8.627450980392157e-002 0.1215686274509804
v -9.2564964535377996 -8.0151717055389877 -1.6724092900570917 0.1215686274509804 0.1333333333333333 0.1725490196078431
v 2.0283900873091874 0.7848509435243691 2.7423839206620877 0.1725490196078431 0.1254901960784314 9.803921568627451e-002
v -1.3570082196325783 2.9124723450758632 4.3120030596460168 7.843137254901961e-002 9.019607843137255e-002 0.1176470588235294
v -1.1564860773458587 0.1391996111050873 12.7453597405444068 0.1333333333333333 0.1490196078431373 0.1882352941176471
v 2.5846991218447704 0.2254232045591897 10.8393684810447812 0.1333333333333333 0.1333333333333333 0.1647058823529412
v -20.5986617081512975 -1.2863006935841124 5.5435639094169424 0.4196078431372549 0.5411764705882353 0.2588235294117647
v -14.1394060956509975 -1.8633709039342670 12.4151885866088456 0.3647058823529412 0.2862745098039216 0.2823529411764706
v -16.7162201078644763 -9.3088286651254251 2.8517530783173051 0.4823529411764706 0.403921568627451 0.4509803921568628
v -14.7482543946510205 -1.7908038130224730 13.1747466105175679 0.3803921568627451 0.2980392156862745 0.2980392156862745
v -12.8352968707160251 -4.7186719851145016 11.7640856987834450 0.4980392156862745 3.137254901960784e-002 2.745098039215686e-002
v -20.9965782693982490 -2.8087729673135016 18.7003472855922013 0.2901960784313726 0.207843137254902 0.2588235294117647
v -20.5996305150059911 4.5146753323140532 0.1751912668468504 0.2823529411764706 0.3137254901960784 0.2431372549019608
v -17.3333478138555854 -3.0763614665223082 16.4475981632156589 0.4431372549019608 0.3568627450980392 0.396078431372549
v -18.8602824883585356 0.1256293901736447 -1.0888036391755331 0.396078431372549 0.5098039215686274 0.2470588235294118
v -21.1299197764838063 -0.2071197301854282 -2.6168278394266067 0.5254901960784314 0.4941176470588236 0.4235294117647059
v -5.5462669279993495 -7.5599181502061423 -3.8409483815865553 0.3764705882352941 0.2627450980392157 0.1803921568627451
v -20.4914260865202991 -2.1066832016801156 6.3319552081789414 0.4 0.5215686274509804 0.2666666666666667
v 25.5495967027204713 12.6486099353042185 56.5751033062322435 0.6392156862745098 0.5490196078431373 0.5490196078431373
v -14.5427871382623586 -2.1065103728381205 12.3881116216823397 0.3764705882352941 0.2901960784313726 0.2823529411764706
v -14.5242618557392191 -17.5921788906423906 -9.4032114836608844 7.450980392156863e-002 8.627450980392157e-002 0.1215686274509804
v -20.7626008829800313 1.6535226483241758 10.4674966163019256 0.4235294117647059 0.5490196078431373 0.2901960784313726
v -0.0440886745590522 1.0712243724725794 9.6140955767489249 9.411764705882353e-002 0.1058823529411765 0.1372549019607843
v -18.0449829983515322 -4.0594557773432580 16.4843339563038604 0.3568627450980392 0.2588235294117647 0.2627450980392157
v -19.8909860693536800 1.6703930038299841 5.5708391204641918 0.3490196078431372 0.4588235294117647 0.2313725490196079
v -19.8542482117859009 -3.2628526238180777 16.4517267726451806 0.4235294117647059 0.3372549019607843 0.3843137254901961
v -22.8905159722016336 1.5319251243430156 12.7239395124592409 0.4980392156862745 0.5333333333333333 0.3803921568627451
v -14.4329863145657491 -3.2757987086668860 15.1565462302365628 0.3411764705882353 0.2666666666666667 0.3411764705882353
v 2.7131248457318113 0.3428771490951528 10.1961042600122660 0.1019607843137255 0.1058823529411765 0.1294117647058824
v -0.5081616149028241 1.5025092652569911 11.6420064490752821 9.411764705882353e-002 0.1098039215686274 0.1450980392156863
v -28.8098264864595599 4.6470161070811304 9.6314828766308231 0.3568627450980392 0.3098039215686275 0.2705882352941176
v 2.9783552367031469 -3.3367873855170798 24.0821994033119893 0.396078431372549 0.3098039215686275 0.2588235294117647
v 2.3598987358628714 -0.1266995859465749 9.4805161662276660 0.1254901960784314 0.1137254901960784 0.1294117647058824
v 0.8345156746600642 0.9043386479480341 10.1658893215132959 9.019607843137255e-002 0.1019607843137255 0.1372549019607843
v -22.6365742348474051 8.0437617839648077 2.3023565610706127 0.6627450980392157 0.611764705882353 0.5450980392156862
v 2.9178678240751164 -0.5042807047250730 12.5334120553029731 0.2509803921568627 0.1921568627450981 0.1647058823529412
v -15.5959697238884765 -3.8865146529882644 18.1072375274725417 0.596078431372549 0.4901960784313725 0.4705882352941176
v 3.4167819965766868 0.1817941108023607 11.2466970720765360 0.2627450980392157 0.1686274509803922 0.1176470588235294
v 3.7099791191069666 2.4274576226676290 3.2599271490526269 0.2549019607843137 0.1568627450980392 8.627450980392157e-002
v 2.2825709672778536 -0.6609108270819330 13.1935251343657605 0.1333333333333333 0.1411764705882353 0.1764705882352941
v 2.5720307622734060 -0.9563544107206634 16.2341696978417787 0.1490196078431373 0.1607843137254902 0.2
v -1.0703296055071450 -1.0733649318457554 17.2490762548407517 0.1215686274509804 0.1450980392156863 0.1843137254901961
v -0.1737580718279886 0.8355948497897632 12.0743132340856771 9.803921568627451e-002 0.1137254901960784 0.1450980392156863
v 2.8378982261824901 -0.5903598830828773 16.0892551430418180 0.1411764705882353 0.1529411764705882 0.1921568627450981
v -27.9166102895718069 4.2753042887728405 2.0495504862476954 0.4 0.3725490196078431 0.3529411764705883
v 3.2278932755120322 2.3289551504530595 1.4642930991223768 0.2392156862745098 0.1490196078431373 8.627450980392157e-002
v 2.3974991545278650 -0.9114519880014507 15.0570785588593417 0.1411764705882353 0.1529411764705882 0.1921568627450981
v -16.6634724993038432 -15.2318137383738872 -7.6965348874938382 0.3411764705882353 0.2941176470588235 0.2901960784313726
v -0.0089567110716247 -1.0383090765307057 19.3272916170917952 0.1294117647058824 0.1529411764705882 0.1921568627450981
v 0.6777334816868803 0.4973973844379682 8.2084189668389076 8.627450980392157e-002 9.803921568627451e-002 0.1333333333333333
v 29.3648422024458959 5.8040081588117127 55.6317342301443176 0.803921568627451 0.7647058823529411 0.7333333333333333
v 3.2130730045435283 -3.5450368794985705 26.5978916665790877 0.4313725490196079 0.3568627450980392 0.3098039215686275
v -0.3024140540059248 0.9014926424396511 11.6254729421755609 9.411764705882353e-002 0.1098039215686274 0.1411764705882353
v 2.6134027033428744 -0.3811219096866263 13.8584370001763055 0.1294117647058824 0.1411764705882353 0.1764705882352941
v 3.0408793100916118 -0.5114032942963880 17.9412343988719840 0.1568627450980392 0.1764705882352941 0.2156862745098039
v -28.1539602446946660 0.9309068169528361 17.9868607349579577 0.5686274509803921 0.5333333333333333 0.5333333333333333
v 21.2559163384411534 -5.2665691788662938 53.1668434448095297 0.8862745098039215 0.796078431372549 0.8431372549019608
v 4.0325196850328817 -1.4852909679312623 19.9230046231100459 0.6352941176470588 0.4941176470588236 0.4117647058823529
v -9.1870198970882129 -11.7915865816702894 -8.9418637137859527 0.8862745098039215 0.7803921568627451 0.7725490196078432
v 2.5975923099022888 -1.9854539909609115 18.5035470533777087 0.4274509803921568 0.3843137254901961 0.396078431372549
v -13.8453600568859123 -5.4557614406778949 11.0449540324284854 0.5647058823529412 0.1215686274509804 0.1176470588235294
v -12.4262475895423385 -4.7302717892837931 9.3461456425809217 0.4 0.3568627450980392 0.4117647058823529
v 19.2137755083113859 -7.0180225739092235 51.9228107179852003 0.8862745098039215 0.796078431372549 0.8431372549019608
v -11.3219612196426596 -15.5719535897021064 -9.0441492999426494 0.7568627450980392 0.6823529411764706 0.6941176470588235
v -13.6406579574113564 -4.9071486959720447 12.7424586184242798 0.5725490196078431 0.2235294117647059 0.207843137254902
v 3.3579215423982642 -1.0481979536238435 13.7470639273713360 0.5843137254901961 0.4235294117647059 0.3490196078431372
v -19.1491082659603897 -2.9171763386865068 18.9622913916777946 0.3450980392156863 0.2745098039215687 0.3215686274509804
v -4.7798642958997988 -8.5196543704674799 -2.7803234761827826 0.8862745098039215 0.7843137254901961 0.7764705882352941
v -22.2673253740676138 -5.0407281390488707 -5.2501731390343931 0.3764705882352941 0.3254901960784314 0.2901960784313726
v -15.1080483582381966 -11.7564503725315230 -10.4102207699080296 0.3843137254901961 0.3568627450980392 0.3137254901960784
v -24.4162405694064084 -6.9357677281074048 6.5625347738411826 0.5215686274509804 0.4784313725490196 0.4705882352941176
v -20.4134965234081669 -2.5385810024391384 -2.1100740538852327 0.407843137254902 0.5137254901960784 0.2627450980392157
v -7.1687406804063496 -9.1305667320443344 -0.5585897292740656 7.450980392156863e-002 8.235294117647059e-002 0.1176470588235294
v -14.3180359360253924 -2.0740865208206936 -2.1695938363366127 0.3215686274509804 0.3764705882352941 0.3450980392156863
v 0.6726627673065574 1.6289157322930532 7.7591221725971389 0.196078431372549 0.1921568627450981 0.2274509803921569
v 0.7679942830599201 -1.0541565241991799 3.8655841886383229 0.4313725490196079 0.3176470588235294 0.2470588235294118
v -23.3755295860502983 3.1225542352524487 8.9704476918280829 0.4 0.4823529411764706 0.2784313725490196
v 0.2971141727499701 1.6229745524054238 9.3248712511042626 0.2235294117647059 0.2196078431372549 0.2549019607843137
v 1.9448685502012977 0.4397927193503706 11.1764133376616037 0.2431372549019608 0.2392156862745098 0.2784313725490196
v -6.2231448878033779 1.6727362357982587 16.9716351874497633 0.5450980392156862 0.5568627450980392 0.6196078431372549
v 3.2633163460456829 1.3275444895849702 6.9339227069786826 0.2117647058823529 0.1764705882352941 0.1725490196078431
v -12.7648455433775112 -2.8403253917171618 8.8043543434495657 0.2156862745098039 0.1803921568627451 0.2156862745098039
v -19.2947913581209036 1.1089682813466986 9.8528869851226588 0.2117647058823529 0.2784313725490196 0.1411764705882353
v -0.5052806764171263 2.0139634548806651 9.7666415989001667 0.2 0.203921568627451 0.2392156862745098
v -22.2021037447898308 1.4738672351923314 11.7433021691454442 0.2352941176470588 0.3215686274509804 0.1333333333333333
v -12.2625841044250414 -3.9178498806220512 11.2437446189866712 0.4196078431372549 0.3764705882352941 0.4274509803921568
v -22.0655114070707548 1.7762646933852011 4.3743279715703984 0.4392156862745098 0.5372549019607843 0.2980392156862745
v -20.0357760594146406 0.3742151705738623 13.6529046301497399 0.4 0.4117647058823529 0.3058823529411765
v 4.5870281490188880 -7.0486603458835946 39.5611256894428678 0.2588235294117647 0.1882352941176471 0.1490196078431373
v 0.6098025935588652 1.6915807049060447 8.6875479317304745 0.2 0.196078431372549 0.2313725490196079
v -21.2180088927980002 0.2705631756181082 12.2221856004973191 0.207843137254902 0.2470588235294118 0.1333333333333333
v -23.0677210717303645 1.4219312288252615 12.4119075507523444 0.3607843137254902 0.3725490196078431 0.2627450980392157
v -17.4461509680449289 -2.4874508599691048 11.7380774816398183 0.2588235294117647 0.2352941176470588 0.2549019607843137
v -15.6938193506259545 -1.2916326328200227 -4.2003446496535100 0.3686274509803922 0.4705882352941176 0.2470588235294118
v -1.5050052479470368 2.4726044161599470 6.0014641292731739 0.1490196078431373 0.1568627450980392 0.1882352941176471
v -16.0057420837181930 -0.7721305727109342 -3.7577391112664573 0.3647058823529412 0.4549019607843137 0.2313725490196079
v -23.4572637185937047 2.8173068381476503 8.4493379460036415 0.4666666666666667 0.5333333333333333 0.3254901960784314
v -0.5017060366580912 2.0048706917103738 8.0687559382972953 0.1843137254901961 0.1921568627450981 0.2274509803921569
v -17.2264266085971478 1.0124472324442824 -1.3859567047859944 0.4666666666666667 0.5450980392156862 0.2901960784313726
v -2.3423732315813517 -0.3673485017391909 15.5489667716666951 0.2352941176470588 0.2509803921568627 0.2823529411764706
v 2.7085160152518646 -5.4873695787679644 20.7861861563234740 0.9803921568627451 0.9411764705882353 0.9490196078431372
v 3.7016052064380149 -2.4656564507650982 22.5515176727714746 0.6549019607843137 0.5411764705882353 0.4470588235294118
v -1.1553619624430702 0.7940694644539718 10.8009846229774684 0.1843137254901961 0.2 0.2235294117647059
v 2.2207160202420795 -0.9892938465385102 18.6728337028698519 0.3137254901960784 0.3294117647058823 0.3568627450980392
v -0.4228007856622318 -1.4818047732710931 18.2746314405996415 0.2823529411764706 0.2980392156862745 0.3254901960784314
v -21.3674220751383892 3.4576415218978864 2.6994466812235896 0.1333333333333333 0.203921568627451 9.411764705882353e-002
v -1.0239602656080724 -0.6365455613335691 16.4336932652594641 0.2588235294117647 0.2745098039215687 0.2980392156862745
v 2.7298576775583610 -0.3802577482133338 13.0278037814916683 0.2627450980392157 0.2470588235294118 0.2666666666666667
v 3.4795760387111594 -2.6979516292244066 24.3620889228069046 0.5882352941176471 0.5176470588235295 0.4627450980392157
v 2.5897204474332236 -0.0005764643147096 12.2221355909743910 0.196078431372549 0.2 0.2274509803921569
v 1.6071090470241258 -1.3468392682299555 20.2516038227945785 0.3019607843137255 0.3215686274509804 0.3529411764705883
v -1.5853967722288287 -1.1843598660856169 19.8259946869953509 0.2196078431372549 0.2470588235294118 0.2666666666666667
v 0.2240126415529061 3.2354195617142816 6.6511023184625193 0.1137254901960784 0.1294117647058824 0.1529411764705882
v -2.9108338135747811 -1.4018517019221728 20.3141268548365801 0.2156862745098039 0.2352941176470588 0.2549019607843137
v 2.9951948311835257 -1.0742136861872145 16.2309709473721426 0.4352941176470588 0.3764705882352941 0.3450980392156863
v 0.2390106497578325 0.8464817745866972 11.5319917076218132 0.1725490196078431 0.1843137254901961 0.2117647058823529
v -4.5523729798933426 5.8206749805970324 1.2073597360715085 0.7450980392156863 0.7098039215686275 0.7058823529411765
v 2.3209031105451956 0.5948131395246039 10.5649673901099614 0.1607843137254902 0.1725490196078431 0.196078431372549
v 3.5492163875610956 -1.2806768530817858 17.7136931641241731 0.6235294117647059 0.4941176470588236 0.396078431372549
v -2.3969312453068885 1.6263241909774300 8.0123594890517840 0.1411764705882353 0.1490196078431373 0.1764705882352941
v -20.3124021890616717 2.2997345757457621 2.3057097572470360 0.5215686274509804 0.6392156862745098 0.403921568627451
v 0.9642497435513824 -0.1599615920278781 12.5064482729989397 0.2156862745098039 0.2274509803921569 0.2549019607843137
v 2.5517411293987400 -0.6245488893979672 17.3442955752445656 0.3019607843137255 0.3176470588235294 0.3450980392156863
v -2.1112555554204513 -0.5961539196620447 15.2301749925332395 0.2431372549019608 0.2549019607843137 0.2862745098039216
v 3.2104140088999675 -2.1316908727279271 22.2549115950384220 0.4313725490196079 0.4235294117647059 0.4235294117647059
v 1.2031503710317988 0.3451255908556369 12.4356402333407647 0.203921568627451 0.2156862745098039 0.2392156862745098
v -1.8136750262091557 -0.7236400504285732 14.9860638849267769 0.2392156862745098 0.2549019607843137 0.2823529411764706
v 3.4881876599090589 -1.9045151739863047 19.7634195758075677 0.6313725490196078 0.5019607843137255 0.396078431372549
v 3.7416804922567399 -2.1829172999216331 21.0314364851315929 0.6823529411764706 0.5490196078431373 0.4549019607843137
v 3.6323676887950138 -2.5740311973637757 21.9444055850122339 0.7019607843137254 0.592156862745098 0.5019607843137255
v 1.3250469831070255 0.2795928666202748 14.4095664294443733 0.2588235294117647 0.2666666666666667 0.2941176470588235
v -13.5667829068606274 -4.7834607515178869 12.7481936469323589 0.7098039215686275 0.196078431372549 0.207843137254902
v 2.7079393136114129 -0.8838507793347012 14.0751410938191484 0.3764705882352941 0.3254901960784314 0.3098039215686275
v 3.2779496353160349 -2.3013725497551079 22.0324028067217697 0.5803921568627451 0.5098039215686274 0.4588235294117647
v 4.2576655350231718 -2.1306615264854223 23.7806060020127106 0.6705882352941176 0.5607843137254902 0.4666666666666667
v -0.4278258725955864 1.4874172061567923 8.9607016029804907 0.2745098039215687 0.2705882352941176 0.3137254901960784
v -22.4847562243599199 1.4571647082250647 6.0274763955653299 0.4862745098039216 0.5686274509803921 0.3568627450980392
v 0.6786066498250728 -1.2401303762723428 21.3200652232037271 0.203921568627451 0.2117647058823529 0.2509803921568627
v 3.1092099683411791 -2.6365014526439605 21.8776648877760707 0.6039215686274509 0.5019607843137255 0.4588235294117647
v -12.4611069645723624 -4.0892956508918950 12.1100937890705751 0.3333333333333333 0.2588235294117647 0.2666666666666667
v -14.3310525223318521 -3.5635919555009243 13.6166465049202028 0.3647058823529412 0.2941176470588235 0.3176470588235294
v -0.6636941800570346 1.5451420558685101 8.3138279376282167 0.2549019607843137 0.2509803921568627 0.2941176470588235
v -37.6769074418574164 -2.6303354523961735 29.1364483684561932 0.5058823529411764 0.4705882352941176 0.4705882352941176
v 3.2695453287157470 0.5248972044493798 9.4506611719962859 0.4117647058823529 0.3294117647058823 0.3098039215686275
v 3.4836265201718701 -0.2919505623731904 12.6774215904533722 0.6431372549019608 0.5254901960784314 0.4784313725490196
v 1.1138726008573125 2.2032260068056226 5.8425615871177428 0.2 0.196078431372549 0.2313725490196079
v -27.9547456299277108 -0.3795744692966949 36.4663547281550748 0.3019607843137255 0.2588235294117647 0.2313725490196079
v 1.1640442835696698 -4.2505626015793938 30.5219141427427942 0.1333333333333333 0.1490196078431373 0.1921568627450981
v 2.8917599600519996 1.0425777288365816 8.8834287817561783 0.2588235294117647 0.2509803921568627 0.2941176470588235
v -22.2149441284572546 4.8046675544277750 1.1059740297201375 0.3686274509803922 0.4313725490196079 0.2980392156862745
v 2.9468871933614129 1.1286702768015584 7.2969916327463373 0.2156862745098039 0.2 0.2352941176470588
v 1.0554264303955803 -1.1211748400084494 12.5949593073133101 0.4313725490196079 0.4274509803921568 0.4823529411764706
v 1.7936784583721732 0.4792376050284269 11.3917096170597247 0.3137254901960784 0.3098039215686275 0.3529411764705883
v 2.7079879815920926 -0.4428594420143013 13.4128089650180886 0.4823529411764706 0.4627450980392157 0.5058823529411764
v 2.0694358550775824 -0.7912347098426642 13.6129547315079034 0.4352941176470588 0.4235294117647059 0.4784313725490196
v -20.9683351769720794 1.1741106711634728 5.2261234484994983 0.4941176470588236 0.6039215686274509 0.3686274509803922
v 14.0687071942121591 -3.5947780239762954 42.7362042714288606 0.8941176470588236 0.7725490196078432 0.8196078431372549
v 1.1352249886749348 0.3096336681120978 12.5034228197859711 0.3450980392156863 0.3411764705882353 0.3843137254901961
v 3.8850290847610074 0.4897350753701071 10.1562317108079903 0.611764705882353 0.4745098039215686 0.4156862745098039
v 3.7499206852837634 0.6649844636321657 8.5301629789021778 0.596078431372549 0.4549019607843137 0.4117647058823529
v 0.4641331440267570 0.3928162102786800 12.9525463279046615 0.2980392156862745 0.2941176470588235 0.3411764705882353
v 3.1043721159057434 0.4654250309801914 7.3972166018931116 0.5019607843137255 0.3647058823529412 0.3058823529411765
v 3.2157671625432496 0.5001049151041478 10.5845875837385677 0.3725490196078431 0.3294117647058823 0.3529411764705883
v -23.0298622897415513 4.2621534513000787 2.0527820378498860 0.5372549019607843 0.6196078431372549 0.3843137254901961
v -21.8696656368946023 1.2415809599695160 6.0934980820866098 0.4745098039215686 0.5686274509803921 0.3490196078431372
v 3.2453357782287844 -1.4051213304484920 18.5394617900108969 0.6313725490196078 0.5764705882352941 0.5803921568627451
v 8.7572724581798802 -8.4126026673637906 41.1162254645866554 0.3411764705882353 0.2862745098039216 0.2745098039215687
v -3.4958436501223824 -2.7716160733354824 6.3866586223928579 0.3137254901960784 0.3098039215686275 0.3568627450980392
v 11.0972625030197563 -18.9072048965043287 38.9541198124135519 0.7019607843137254 0.7647058823529411 0.6588235294117647
v 3.0438086208120483 -0.0843364327902323 12.0454552136932520 0.5333333333333333 0.4784313725490196 0.4941176470588236
v -21.6449889466530898 -0.4476560471647566 14.5149530349711675 0.3647058823529412 0.3137254901960784 0.3490196078431372
v 5.0848558094203744 -6.0949913208920181 40.7010318368093564 0.3254901960784314 0.2235294117647059 0.1686274509803922
v -10.0043912022985566 12.0575262587374450 26.7648478488571584 0.5411764705882353 0.5098039215686274 0.4745098039215686
v 2.5571811523848598 0.5326873095543008 8.5417532107320255 0.2784313725490196 0.2627450980392157 0.2941176470588235
v 3.0024651558810396 0.1941148530668859 11.0860379445915544 0.403921568627451 0.3647058823529412 0.392156862745098
v 3.1793855046582746 -2.4925239328642599 25.2033104885554522 0.2313725490196079 0.2313725490196079 0.2666666666666667
v -0.0848551112987709 0.6006295280155931 11.8958765137304798 0.2745098039215687 0.2745098039215687 0.3176470588235294
v -1.0699967895073204 0.0120472675754633 15.3996460685569030 0.2235294117647059 0.2313725490196079 0.2705882352941176
v 1.6894468727119563 0.4684453841813350 10.8619818036610365 0.2980392156862745 0.2941176470588235 0.3411764705882353
v -2.1200676811203221 0.9349740789591733 13.1167837166076833 0.1686274509803922 0.1803921568627451 0.2196078431372549
v -8.2863387283491114 2.2069425178915019 12.8958553621143217 0.5647058823529412 0.5607843137254902 0.6078431372549019
v 1.4264477341627793 0.9196713026898214 10.9324677132260604 0.2784313725490196 0.2745098039215687 0.3176470588235294
v -2.3965766041469792 0.8160155604354941 13.5926852308328847 0.1647058823529412 0.1764705882352941 0.2117647058823529
v 32.6685598654474845 12.8599259671539254 52.7035649863229310 0.7568627450980392 0.6666666666666666 0.6666666666666666
v 27.5483973476310453 11.7137871171557855 50.9592463542007721 0.8313725490196079 0.6313725490196078 0.6941176470588235
v 2.7959632843462634 -2.9660148100930801 24.8039114603785222 0.2313725490196079 0.2313725490196079 0.2470588235294118
v 0.5085401941725343 -2.3907061968134009 25.2949127045639202 0.2196078431372549 0.2627450980392157 0.2941176470588235
v 2.4231042640061911 -0.0926518759053133 11.8817505620429742 0.1568627450980392 0.1568627450980392 0.1921568627450981
v 3.5238333783237721 0.0535579597636914 13.0159724610982437 0.2941176470588235 0.2235294117647059 0.196078431372549
v 2.1218636199837100 -4.1385260079393884 22.4233672603725367 0.5450980392156862 0.4392156862745098 0.3843137254901961
v 3.7211129854858229 -0.9538341672552504 15.9029557962063350 0.5568627450980392 0.403921568627451 0.3058823529411765
v -28.9592771578811110 5.1588841008747490 10.4125909746334298 0.3568627450980392 0.3058823529411765 0.2549019607843137
v 21.3124236004888523 1.1314585142668554 51.9011579106314827 0.5529411764705883 0.5372549019607843 0.5764705882352941
v 2.5511476297032369 -0.6275496251228752 14.7828503204196426 0.2 0.2 0.2352941176470588
v 3.3210169087693608 -1.5363808723845136 17.6071968395059315 0.5764705882352941 0.4509803921568628 0.3803921568627451
v 2.6739282376132438 -1.8485670493841442 17.7879972708800977 0.4235294117647059 0.3725490196078431 0.3568627450980392
v 0.8562453261610632 -4.9772067497943491 24.5684001440250199 0.207843137254902 0.2352941176470588 0.2588235294117647
v 3.7918450873519816 -2.2359307866567413 20.9608045063778761 0.6313725490196078 0.4941176470588236 0.4196078431372549
v -16.4431182822282409 -6.1869468838692052 -4.7062584091528201 0.5019607843137255 0.4745098039215686 0.4156862745098039
v 1.8966016067707978 -1.1151208796193814 13.5100472224570378 0.1843137254901961 0.1882352941176471 0.2235294117647059
v 2.7877151406348744 -2.5990245798940776 22.3431398583433563 0.3098039215686275 0.2941176470588235 0.3058823529411765
v -33.3599906501063117 -1.3130506240261892 21.8781673109744830 0.5333333333333333 0.4941176470588236 0.4823529411764706
v -16.4911407463101938 1.7811195568364375 -0.3669826858609764 0.3254901960784314 0.4313725490196079 0.196078431372549
v -15.4967211678576149 -11.2809047900647794 -7.0570833150192795 0.2823529411764706 0.2588235294117647 0.2862745098039216
v -21.1274010596733390 0.2981692697600226 12.7858913242495049 0.403921568627451 0.396078431372549 0.3137254901960784
v -24.4613579553639404 -3.5926560722242877 -2.6140234674550160 0.2196078431372549 0.1725490196078431 0.1254901960784314
v -13.5035147476756521 -0.6610752364728361 9.3961125201938991 0.196078431372549 0.1764705882352941 0.2235294117647059
v -9.5839711930685318 -4.8475506411123259 25.1793587862374153 0.5882352941176471 0.5411764705882353 0.5215686274509804
v -2.6183038674110888 1.7292772894631443 8.3006826257344279 0.1764705882352941 0.1803921568627451 0.2156862745098039
v 0.4027893622577492 -0.8016426540671768 2.5335608798555209 0.4392156862745098 0.3254901960784314 0.2627450980392157
v -6.9253454563764283 -3.8330349264933465 39.6049812413848557 0.396078431372549 0.3529411764705883 0.3215686274509804
v -25.3525699099936936 -2.0564305987181690 -1.0536958777538834 0.4549019607843137 0.392156862745098 0.3490196078431372
v -16.0040686404464125 -3.1703673247218722 -3.1939388735378036 0.4980392156862745 0.4627450980392157 0.4117647058823529
v -1.2461383787658382 1.0174586387695961 6.3528971907633656 0.1647058823529412 0.1686274509803922 0.2117647058823529
v -30.1550026813189085 -2.3552586568280107 14.1179145374647295 0.5882352941176471 0.5529411764705883 0.5450980392156862
v -17.5602591885169872 -0.8177021693506747 11.8320631916516987 0.2509803921568627 0.2980392156862745 0.2470588235294118
v -14.0169206148730154 -10.4043466025334457 1.5496706824273319 0.5058823529411764 0.4666666666666667 0.4509803921568628
v -20.4646194878764156 -0.4190910596680215 3.6902820341889795 0.4352941176470588 0.5647058823529412 0.2980392156862745
v -1.5623400260566584 2.3284598340156877 5.4918234557816765 0.1372549019607843 0.1490196078431373 0.1843137254901961
v 3.8174855908249365 -1.3359398456135088 20.2729720890801133 0.3803921568627451 0.2745098039215687 0.196078431372549
v -15.4762347327683649 -2.2121875901968950 11.0908041245213393 0.2784313725490196 0.2352941176470588 0.2588235294117647
v -17.8536596788494712 -4.0505972794425000 -2.4020272202129447 0.4156862745098039 0.5294117647058824 0.2745098039215687
v -19.3595734308533665 -2.4086979926906897 37.1650708899167057 0.5137254901960784 0.4509803921568628 0.407843137254902
v 2.1671894478856828 -4.1075874230861134 17.3005119887466705 0.7058823529411765 0.596078431372549 0.5215686274509804
v -14.3184094381419733 -4.2038341866303996 13.4501261950895472 0.2980392156862745 0.2117647058823529 0.2705882352941176
v -4.4150765640240479 -10.5666352871942646 6.2038646825873114 0.7686274509803922 0.6901960784313725 0.6627450980392157
v -20.3107599670119825 4.0136664181108186 0.1870715666057834 0.3176470588235294 0.3450980392156863 0.2588235294117647
v 4.5584331991462550 -0.0113598008462937 21.8339678950764124 0.2117647058823529 0.196078431372549 0.196078431372549
v 1.8260387198804839 -0.5570276439721455 5.9594724510013917 0.1725490196078431 0.1137254901960784 8.627450980392157e-002
v -17.4345376694670939 -3.3673186916975970 5.3295994166147738 0.2509803921568627 0.3411764705882353 0.1411764705882353
v -21.1048597956543027 2.4862821463060802 1.4735308528560500 0.3882352941176471 0.4862745098039216 0.2666666666666667
v -22.2660562977621908 4.1673630565225928 12.1393334618542337 0.4784313725490196 0.6039215686274509 0.3333333333333333
v 3.4341875450500150 0.3510225761830046 15.0057472701012102 0.1058823529411765 0.1176470588235294 0.1411764705882353
v 1.6039466034148882 -2.4690253658861163 13.9980833112257717 0.2156862745098039 0.1725490196078431 0.1568627450980392
v -14.1047767282016885 1.2255661075174946 10.1340736185580571 0.2823529411764706 0.2784313725490196 0.2235294117647059
v 3.8549776049258124 -0.0662294143696864 18.1295008772191224 0.1843137254901961 0.1686274509803922 0.1725490196078431
v -17.5084309070538282 -10.3967124597392715 6.5705472105854223 0.3686274509803922 0.2823529411764706 0.3058823529411765
v 4.4980121617667308 -1.7812773186332491 28.2418694865767534 0.2901960784313726 0.2588235294117647 0.2352941176470588
v -16.3140455517860232 2.0785435042775449 3.0183510849435145 0.4784313725490196 0.611764705882353 0.3882352941176471
v -0.5603969014661021 2.5421653038933769 7.9611297802475089 0.1803921568627451 0.1803921568627451 0.2156862745098039
v -14.1567802689416666 -3.8190392419982100 15.0745405594860653 0.3803921568627451 0.2666666666666667 0.2823529411764706
v -23.4268663649722590 1.9481911870396953 12.6104165356381070 0.5176470588235295 0.5490196078431373 0.3843137254901961
v -1.5571393221861838 0.9917990969331675 9.8344608038232728 0.2274509803921569 0.2274509803921569 0.2627450980392157
v -19.0650435002234424 0.6807372307414566 8.7545099470663637 0.2941176470588235 0.3843137254901961 0.1921568627450981
v 27.0176895656290235 -0.4850552737490263 56.8268629252726640 0.6705882352941176 0.4980392156862745 0.5176470588235295
v -14.1783292715871738 -3.4421143967528636 16.2098033071351715 0.3176470588235294 0.2117647058823529 0.2549019607843137
v -19.0078568764127454 0.4655338558511698 8.5652923805872199 0.2392156862745098 0.3098039215686275 0.1607843137254902
v -11.3480819049142347 -8.2371166436234979 -10.0451596317965013 0.2431372549019608 0.2431372549019608 0.2823529411764706
v -11.7832179693848715 -8.4420364332325288 -11.8947150496856811 0.2196078431372549 0.2156862745098039 0.2509803921568627
v -12.6392329238784811 -5.3801204959437090 -4.4304697998940945 0.3215686274509804 0.3176470588235294 0.3490196078431372
v -20.4733641623314568 6.3428098519657059 3.2046682943966873 0.3215686274509804 0.407843137254902 0.2549019607843137
v -15.1416199371194580 0.5637937930194908 12.4948535501021389 0.1647058823529412 0.2313725490196079 0.1764705882352941
v -14.4489938841863186 1.6461974772007972 1.7842009897008941 0.5607843137254902 0.5450980392156862 0.4784313725490196
v -0.8113717488352377 -0.3538127241325749 19.7888333554767968 0.1490196078431373 0.1686274509803922 0.207843137254902
v 3.2364642433510018 0.7793784796570090 10.8799593400553913 0.1686274509803922 0.1607843137254902 0.1921568627450981
v 3.0910165736899629 -1.4084691793549868 18.8698699615724621 0.3843137254901961 0.3647058823529412 0.3843137254901961
v -20.5600925278058533 3.5426050745088498 6.2626034986926742 0.4509803921568628 0.5764705882352941 0.3019607843137255
v -26.7425608406029589 0.9317898173703385 6.1766489486764851 0.2901960784313726 0.2392156862745098 0.203921568627451
v 3.5855585216725308 -0.4880747419147674 13.4270393282178642 0.4588235294117647 0.3215686274509804 0.2470588235294118
v -16.5622293949558639 -14.1115991098368738 -14.5932970887298481 0.1568627450980392 0.1607843137254902 0.1921568627450981
v -19.0561122373396827 -11.9301888331834984 -12.3298235953114830 0.4156862745098039 0.5411764705882353 0.2980392156862745
v 2.6033077603618602 -2.9031427389972748 24.7203965141068522 0.1882352941176471 0.203921568627451 0.2313725490196079
v -3.1877164905522699 2.8068799454006745 3.0323976959704253 0.2941176470588235 0.2862745098039216 0.3176470588235294
v -22.5216607800767008 3.1787538295560607 3.0342010734823819 0.3725490196078431 0.4627450980392157 0.2235294117647059
v 3.6077694703204868 -1.3678725515439236 19.5320848716567568 0.5568627450980392 0.4784313725490196 0.4431372549019608
v -9.1631895090645230 -2.3311061033473175 7.5010144342990088 0.6196078431372549 0.611764705882353 0.6588235294117647
v -25.5293568853286068 -1.4910209403129426 -0.8510685369783673 0.5372549019607843 0.4784313725490196 0.4196078431372549
v -15.5520286927303140 -13.2766556882426237 -13.2289583196822775 0.1607843137254902 0.1607843137254902 0.196078431372549
v 2.2813599692930451 -3.3191914915364338 24.9787543716213420 0.1921568627450981 0.2117647058823529 0.2392156862745098
v -12.6863410099054299 4.0658375026722533 0.8554496589151136 0.5843137254901961 0.5764705882352941 0.5725490196078431
v -13.2036901168148688 -9.9487075530359643 -10.8440175822426248 9.019607843137255e-002 9.803921568627451e-002 0.1333333333333333
v -18.7415124564392102 11.5059982049356684 8.4974449400611149 0.3686274509803922 0.4745098039215686 0.2274509803921569
v 1.4328293113505277 0.6330305905210121 11.7784190430195164 0.2392156862745098 0.2352941176470588 0.2784313725490196
v 0.1783291872878018 -0.4050113369925796 19.0458720203307692 0.207843137254902 0.2156862745098039 0.2470588235294118
v 1.7788229128413078 0.3059571974762484 9.7029185044218309 0.2313725490196079 0.2274509803921569 0.2627450980392157
v -1.5944812550853245 1.5377214508861154 9.6970577017084558 0.1843137254901961 0.1882352941176471 0.2235294117647059
v 0.9736464034472641 1.4047949478814457 7.6924468613032744 0.1803921568627451 0.1764705882352941 0.2156862745098039
v 0.0970573083854369 1.7475406431679545 8.5661525333377018 0.1882352941176471 0.1882352941176471 0.2274509803921569
v 3.1490253602139000 1.5550341264529237 6.9933946983977755 0.1450980392156863 0.1450980392156863 0.1686274509803922
v -0.0885634456037742 0.7858734462105710 8.1498741012145501 0.2156862745098039 0.2156862745098039 0.2549019607843137
v 2.1176955906125534 -1.8969910750773862 20.7711485689393740 0.2470588235294118 0.2549019607843137 0.2901960784313726
v -0.0501245812840455 2.2449669538430435 5.8070661276012139 0.1450980392156863 0.1529411764705882 0.1882352941176471
v 2.5799694979550170 1.1920668581761695 6.8769705403679557 0.1450980392156863 0.1490196078431373 0.1803921568627451
v -6.9204812814631014 1.8021227149929822 16.5155897601512258 0.5176470588235295 0.5333333333333333 0.6078431372549019
v -1.3841548526181400 1.4432538980341052 11.1743719210840968 0.1921568627450981 0.2 0.2352941176470588
v 0.6425577208350768 1.5951814770288442 9.0658923682256862 0.2 0.203921568627451 0.2392156862745098
v 0.1801582601233817 0.5639323628087154 12.2525287950445776 0.207843137254902 0.207843137254902 0.2470588235294118
v 2.9778662652403489 0.1117150526654354 11.7339934185906731 0.2901960784313726 0.2666666666666667 0.2901960784313726
v -18.8713483332713281 -1.5394174475381084 -5.2368182753416015 0.407843137254902 0.4941176470588236 0.2745098039215687
v -11.8783005807150133 0.3270135252930478 11.0292048645694081 0.2705882352941176 0.2862745098039216 0.3411764705882353
v -21.4738399791668257 0.6236804850019299 10.2395544494134008 0.1803921568627451 0.2588235294117647 8.627450980392157e-002
v -20.9640709804023011 3.9081834043833164 2.5382320757066958 0.4941176470588236 0.5803921568627451 0.3176470588235294
v 0.9711067895605113 1.1646715865850039 9.3045993847960862 0.2196078431372549 0.2156862745098039 0.2509803921568627
v 4.1198390154165079 0.7054466935418117 10.7175836369190787 0.4784313725490196 0.3372549019607843 0.2666666666666667
v -12.6005215517687539 0.3374263690180573 16.5539884725422333 0.1882352941176471 0.1607843137254902 0.2
v 0.5952249077522697 2.0119433350953022 5.8046610621361081 0.1450980392156863 0.1529411764705882 0.1843137254901961
v -20.4012982306015473 -0.1582126483243412 7.9175077945779559 0.4 0.4980392156862745 0.2588235294117647
v -0.1601604399876613 0.7195166798350193 12.8918454006455043 0.2352941176470588 0.2352941176470588 0.2784313725490196
v -31.7183670585371935 8.8197438407698794 20.7801911533673120 0.2705882352941176 0.2235294117647059 0.196078431372549
v -1.9279419670952151 1.1967190652771598 11.7692360903055686 0.1803921568627451 0.1843137254901961 0.2235294117647059
v 2.2284382645387435 -6.9086956660484331 32.8079841211064149 0.3137254901960784 0.2117647058823529 0.1568627450980392
v 3.0791819309176942 -1.4058726533218464 16.6450303599428437 0.6392156862745098 0.5294117647058824 0.4784313725490196
v -14.6188905375286282 -0.5149699446322751 10.1453457304119325 0.2274509803921569 0.2117647058823529 0.2352941176470588
v 4.3261619757530321 2.2750463817669506 7.1236978293289628 0.2392156862745098 0.1764705882352941 0.1490196078431373
v 1.9658978404551635 0.5356605716767430 9.1381239652176429 0.2117647058823529 0.2 0.2392156862745098
v 4.1653531478799053 0.1922793604886452 13.1606609195463040 0.5215686274509804 0.3882352941176471 0.3215686274509804
v -24.4775125364447952 -1.5662804435639652 34.7895223321149771 0.5294117647058824 0.4666666666666667 0.4274509803921568
v 0.0319846918350671 -0.2030921943669648 15.4148217919568360 0.2392156862745098 0.2431372549019608 0.2784313725490196
v 1.1987457879683860 0.0572155754169901 14.6632385906086427 0.2823529411764706 0.2784313725490196 0.3137254901960784
v 1.3646872750383345 0.3066999092910161 13.0697832833038881 0.2705882352941176 0.2666666666666667 0.3019607843137255
v -0.0603248563585312 0.7955950970746772 10.2015524907692647 0.2235294117647059 0.2196078431372549 0.2549019607843137
v -28.2873263923250171 6.4954869116607412 8.7047511807627611 0.4823529411764706 0.4156862745098039 0.3686274509803922
v 11.6268007829099638 -4.3573510176248202 44.8326163153720714 0.4196078431372549 0.3725490196078431 0.3529411764705883
v -1.3660255346679573 1.5283497752976238 10.7248899363505021 0.1882352941176471 0.196078431372549 0.2313725490196079
v -0.5822949720114559 1.4676360089869944 9.6420991886573457 0.2156862745098039 0.2196078431372549 0.2549019607843137
v 3.0040083707759435 -0.1805105569715492 11.7415922956010341 0.4 0.3294117647058823 0.3137254901960784
v 3.2227818037212135 0.1187001650432361 11.2460348044836014 0.3450980392156863 0.2745098039215687 0.2588235294117647
v -18.8809426618916270 -3.3691709602276463 12.8521848078489107 0.4 0.3333333333333333 0.3607843137254902
v -1.4368500084652700 0.4791693077589518 15.4686509512743910 0.1843137254901961 0.1921568627450981 0.2313725490196079
v -7.3823907357413061 -13.3163715921581911 -0.9471089567016118 0.6823529411764706 0.6627450980392157 0.6823529411764706
v 1.1524166662857194 1.0569995650879869 9.5941033180176145 0.2235294117647059 0.2196078431372549 0.2588235294117647
v 3.3647867487916101 -0.0794554003364634 16.9276173258805329 0.3333333333333333 0.3294117647058823 0.3764705882352941
v -26.6289330529815658 -4.9831070138408045 9.2215680889695086 0.5529411764705883 0.5058823529411764 0.4980392156862745
v 3.4473077194387249 -1.6999256215879737 17.9737500237205694 0.6470588235294118 0.5294117647058824 0.4588235294117647
v -28.6433748203427321 5.1920371017555009 13.4432590418521496 0.2588235294117647 0.207843137254902 0.1803921568627451
v -12.7595502526395315 -3.3832448980657279 10.5029689864093285 0.4117647058823529 0.3607843137254902 0.396078431372549
v -26.3196729063797612 -1.1683595253902566 25.4526715110689921 0.2862745098039216 0.2431372549019608 0.2196078431372549
v 3.5465858656069456 -0.8413673946997797 16.7783559409048024 0.6 0.5176470588235295 0.4823529411764706
v 3.1262062974841345 -0.4655766130814027 14.0762927345058060 0.4980392156862745 0.4352941176470588 0.4313725490196079
v -11.6120085007891554 5.3861150972638168 20.6508413704300082 0.2588235294117647 0.2862745098039216 0.3294117647058823
v 4.3154462261488895 0.1006797291101688 14.1536686914203536 0.5843137254901961 0.4509803921568628 0.3843137254901961
v -30.3207342124018489 6.9536480755144616 17.0219421704137233 0.2666666666666667 0.2196078431372549 0.196078431372549
v 1.4526485279345029 0.5326138656033788 12.8666910257261495 0.2627450980392157 0.2588235294117647 0.2980392156862745
v 3.9552610434950215 0.5588482888017058 9.6594898517765007 0.5529411764705883 0.4 0.3411764705882353
v -1.7784138459913041 1.0494533951610379 11.3989985555330247 0.1647058823529412 0.1764705882352941 0.2117647058823529
v 1.3812392475996944 1.1225751506188948 8.3995566393855245 0.203921568627451 0.2 0.2392156862745098
v -13.4055802567307651 -4.8442725166636578 12.9836755181326282 0.5764705882352941 0.1372549019607843 0.1215686274509804
v 1.2344642745200374 -4.1952114908482141 20.9942938222846038 0.1647058823529412 0.1764705882352941 0.1921568627450981
v -29.7400819111198302 11.8854139508920245 3.7612462581936352 0.611764705882353 0.5568627450980392 0.5215686274509804
v -0.6324040462517484 2.7614028627435365 21.1268975274530106 0.2235294117647059 0.2352941176470588 0.2666666666666667
v -15.8345807232599149 -2.8351235483310333 17.9375181762871847 0.5176470588235295 0.4549019607843137 0.5215686274509804
v 4.2116540378552143 -3.0692254310054770 26.7770540752641466 0.5098039215686274 0.4352941176470588 0.3803921568627451
v -17.9106321586264166 0.6580174803298093 10.1780094458486161 0.2431372549019608 0.3411764705882353 0.1647058823529412
v -12.9643849012712060 4.0075081909068606 2.7876751690436765 0.4313725490196079 0.4980392156862745 0.403921568627451
v 2.4561925718581961 0.3915106064194414 9.8988048575556959 0.1921568627450981 0.1843137254901961 0.2196078431372549
v -21.7742727756931131 -0.3784980818763817 14.6405280732527441 0.3294117647058823 0.2823529411764706 0.3176470588235294
v -21.6878076791566308 -0.3152593326398934 14.5133460087364465 0.3294117647058823 0.2862745098039216 0.3176470588235294
v 2.2934968066796064 0.3308430255027922 8.7931407012050364 0.1764705882352941 0.1647058823529412 0.1921568627450981
v -21.7515018844153687 -2.3143405114691440 14.4516569453695745 0.3568627450980392 0.3019607843137255 0.3372549019607843
v -14.3924286169350069 -3.4221255308036715 15.6817904467687033 0.2901960784313726 0.2235294117647059 0.2823529411764706
v -20.9457556595688494 -1.3739245918356870 13.9532934641999891 0.203921568627451 0.1764705882352941 0.203921568627451
v -0.1631664410667256 0.5470536597506269 10.4807852607734944 0.1764705882352941 0.1882352941176471 0.2117647058823529
v -10.4818352122078515 7.7955116962107525 2.2347077170329901 0.7568627450980392 0.7333333333333333 0.7137254901960784
v -14.4366716813547313 0.3683220315886929 8.4395203559169598 0.403921568627451 0.3803921568627451 0.3333333333333333
v -17.9849994095834909 0.8109406352547192 9.9983952483489986 0.4470588235294118 0.5372549019607843 0.3058823529411765
v -13.0485559476652782 8.1039966784269417 2.3925682677949061 0.4431372549019608 0.4823529411764706 0.4549019607843137
v -1.7739941122888805 1.0050736216576555 11.8461796813205726 0.1725490196078431 0.1882352941176471 0.2117647058823529
v -3.0191594737398200 -1.3032898758190534 15.4610079343162123 0.207843137254902 0.2235294117647059 0.2509803921568627
v -4.4960093873301084 -5.8831536962496207 3.2996426354849602 0.1764705882352941 0.1843137254901961 0.2117647058823529
v -22.1878408840837693 -0.0229633210780501 10.2906565673186616 0.2431372549019608 0.3568627450980392 0.1254901960784314
v -20.6783177937010336 -3.7584454098512765 15.7264495063879099 0.4509803921568628 0.3333333333333333 0.407843137254902
v 0.9252542881092714 -1.1959677402879032 18.0280988932016442 0.2117647058823529 0.2156862745098039 0.2509803921568627
v 27.6942218924646149 5.2074328882683689 48.9261633950615717 0.7568627450980392 0.6823529411764706 0.6470588235294118
v -20.7862420434774258 0.5349997303568609 12.5643916212205546 0.2862745098039216 0.3607843137254902 0.1764705882352941
v -15.1227183970186800 0.2976909497100994 1.3692447061860591 0.4980392156862745 0.4705882352941176 0.403921568627451
v 5.0527239371119013 1.0659877493450420 11.9320330828246206 0.6627450980392157 0.5411764705882353 0.4784313725490196
v -16.1684950361849751 -3.4062913196947990 14.0863031453655054 0.4666666666666667 0.4 0.4509803921568628
v 9.8490942854185413 2.5140380338356270 15.1431331782857441 0.8745098039215686 0.7764705882352941 0.7647058823529411
v 4.5981436018615085 0.4894726598562734 12.0895688494705382 0.7058823529411765 0.5843137254901961 0.5333333333333333
v -30.6111263397643825 4.5189892103464127 27.7645534839485819 0.4666666666666667 0.4235294117647059 0.4156862745098039
v -21.5260474615797008 1.3818708579023451 8.3242686188193602 0.4666666666666667 0.5725490196078431 0.3176470588235294
v 14.2618485847276872 -5.1356558984461831 52.4032784143184998 0.3803921568627451 0.3372549019607843 0.3215686274509804
v 21.3737997179078612 -5.0900406283790334 53.9370600398148454 0.8823529411764706 0.788235294117647 0.8352941176470589
v 3.6975330313835371 -0.7044834813275427 15.4050038516122640 0.5411764705882353 0.4 0.3137254901960784
v 2.9360007876300114 1.1441024280144541 7.8372830766854884 0.1254901960784314 0.1215686274509804 0.1529411764705882
v -13.1875733780582962 -0.1998515285004642 10.8059802704444987 0.1921568627450981 0.1686274509803922 0.2117647058823529
v -21.5020574686293244 -3.1705647178565473 17.2842791015576580 0.4156862745098039 0.3450980392156863 0.3450980392156863
v -22.8566594074120957 4.1268753255521382 3.3920852611327899 0.5294117647058824 0.611764705882353 0.3568627450980392
v -22.2310265170361454 16.1086579429194856 27.7945959538285265 0.3529411764705883 0.4627450980392157 0.2352941176470588
v -22.3654098563777950 2.0544072624101797 3.7896099106131400 0.2823529411764706 0.3568627450980392 0.1529411764705882
v 30.9529362053407553 4.9001640222450558 56.4250167306828061 0.7490196078431373 0.6901960784313725 0.6509803921568628
v -25.4655309763531470 -0.1503973000090708 40.8764103464344188 0.5254901960784314 0.4627450980392157 0.4235294117647059
v -19.0121793890861248 -2.0633102567386983 13.2566791878175252 0.2549019607843137 0.2313725490196079 0.2509803921568627
v 31.1892983551297256 3.7274970038052837 54.8126699211228399 0.7803921568627451 0.7254901960784313 0.6901960784313725
v -23.2572948792539513 1.4697569908766124 11.3856224271419624 0.5568627450980392 0.5764705882352941 0.4156862745098039
v -7.7938227996400782 -12.5926101342912204 -4.6773721425002748 0.8588235294117647 0.7843137254901961 0.7843137254901961
v -32.0612140725639208 9.4935243167172185 15.2133012750114425 0.5411764705882353 0.4901960784313725 0.4549019607843137
v -13.2579119787539348 -14.4732814700044816 -12.8396123787612524 0.5098039215686274 0.407843137254902 0.4470588235294118
v 4.6279368298291894 0.4374907137731597 12.6520508487812471 0.6352941176470588 0.5098039215686274 0.4470588235294118
v 2.7867213860098197 -0.2608101518218257 10.7953539819635260 0.2784313725490196 0.2156862745098039 0.2
v 3.5748375356395798 -1.0115909995154175 13.9664915889409045 0.6431372549019608 0.4705882352941176 0.4156862745098039
v 3.1509329915679447 0.2488003312309634 10.4395251856005480 0.2627450980392157 0.203921568627451 0.1882352941176471
v -22.2152281511817584 1.9332271271033090 3.8179287432292042 0.2784313725490196 0.3568627450980392 0.1568627450980392
v 28.1594712831633665 6.0782780498209368 54.5212365950911106 0.7529411764705882 0.6941176470588235 0.6549019607843137
v 4.0310337351103422 -1.4529067542751113 18.8755841925838013 0.6352941176470588 0.5019607843137255 0.4156862745098039
v 3.7534357465598829 -3.3781568001722464 25.8091031151441186 0.6039215686274509 0.4980392156862745 0.4431372549019608
v 1.6339986384876288 -0.2263137101450726 4.7925753349739049 0.207843137254902 0.1490196078431373 0.1215686274509804
v -16.1283025022795208 -3.5313007130111913 14.5472747014190738 0.4588235294117647 0.392156862745098 0.4392156862745098
v -31.6070959133870524 3.6245247054894287 24.4888076652056839 0.5686274509803921 0.5372549019607843 0.5450980392156862
v 2.8734574660966730 0.8253906784355808 7.0886679413007547 0.1843137254901961 0.1411764705882353 0.1294117647058824
v 33.6194363541809977 5.0577223730744638 58.5367411356838758 0.7607843137254902 0.7019607843137254 0.6627450980392157
v -10.6162859318847786 -12.5789940255498927 -9.4987833732691040 0.8549019607843137 0.7647058823529411 0.7372549019607844
v -21.1270249894822975 -3.6754293843942225 15.4330999784384275 0.3725490196078431 0.2980392156862745 0.3215686274509804
v 2.9306473571748954 -1.2628773278446674 17.3147268158204071 0.396078431372549 0.3568627450980392 0.3686274509803922
v -22.7251174619726442 3.6850569049322841 3.0887807495083250 0.5215686274509804 0.6 0.3450980392156863
v 1.9149008076661300 -1.1152935618727520 17.4032338735810299 0.2431372549019608 0.2431372549019608 0.2862745098039216
v 1.6856847804287707 -0.0032920104569556 13.7591519971790692 0.2196078431372549 0.2156862745098039 0.2509803921568627
v 20.0465464239532807 -10.6040465032163613 49.9969954353400041 0.7450980392156863 0.6784313725490196 0.6509803921568628
v 1.7526572637465074 -4.3873923798440790 5.7481344077520617 0.9137254901960784 0.7568627450980392 0.788235294117647
v -23.1742111906907660 -4.0226761943679312 0.1804765770040412 0.3647058823529412 0.3176470588235294 0.2901960784313726
v 22.1080800942118856 -4.9776424961534653 49.9689005305527090 0.8941176470588236 0.7294117647058823 0.788235294117647
v 4.5851226477257674 0.3711477611749813 12.8221292869948584 0.6196078431372549 0.4823529411764706 0.4117647058823529
v 1.0872273511785890 -0.7288248455216999 14.8160599923194685 0.2196078431372549 0.2196078431372549 0.2549019607843137
v 2.3745256106949371 0.0770090868697745 11.0244626300298822 0.1686274509803922 0.1647058823529412 0.203921568627451
v 3.0113153837323292 1.4185551738254039 7.7408441527420973 0.1137254901960784 0.1137254901960784 0.1490196078431373
v 28.0051449525597285 -2.9598011736214689 51.8224767228458134 0.8705882352941177 0.8392156862745098 0.8549019607843137
v 19.3382544301865877 8.7942697586585261 26.9994786369491351 0.8901960784313725 0.792156862745098 0.7803921568627451
v 3.2688800683490653 0.0823862853827084 13.2432987421265445 0.2588235294117647 0.2352941176470588 0.2588235294117647
v -10.4002829119159408 -2.7001214878142834 40.7096614094431786 0.4156862745098039 0.3725490196078431 0.3294117647058823
v -23.9418142368521529 3.8319133635700684 11.5444602045331219 0.5294117647058824 0.6039215686274509 0.4
v 1.3482344379458620 0.3107966325119634 12.8384935715150839 0.1647058823529412 0.1686274509803922 0.203921568627451
v 1.1157298311958261 0.2396754885109165 12.2388212486631183 0.1529411764705882 0.1568627450980392 0.1882352941176471
v 0.5509585790563587 1.6363545241966957 4.9239432596019475 8.627450980392157e-002 9.411764705882353e-002 0.1254901960784314
v -13.8932611452504027 -3.5622802636002904 15.5256332219144628 0.407843137254902 0.3176470588235294 0.3803921568627451
v 2.7733384778102996 -3.8870876569166910 23.8106729601959088 0.5647058823529412 0.4745098039215686 0.4196078431372549
v -0.4361914889246328 -1.5547796676390278 21.8698699714055849 0.1529411764705882 0.1725490196078431 0.203921568627451
v 3.3350732168349166 -0.9473715806756291 13.8951918710773796 0.4745098039215686 0.3333333333333333 0.2352941176470588
v 19.6477851909596062 3.5101088676171788 51.1378202896554868 0.5490196078431373 0.5372549019607843 0.5725490196078431
v 2.8154842125626169 -0.5803057401296297 13.2266898609899251 0.2627450980392157 0.2235294117647059 0.2235294117647059
v -1.2139948446325515 0.2879815040049339 14.9845234247009049 0.2313725490196079 0.2431372549019608 0.2784313725490196
v -2.6874810735636419 2.5692981825655812 5.3823415849500540 9.019607843137255e-002 0.1019607843137255 0.1333333333333333
v 3.2412691490302636 1.0446363895448809 7.4305820008736436 0.203921568627451 0.1372549019607843 0.1098039215686274
v -27.7190032687422239 3.5236985799317964 9.9110251700051375 0.2470588235294118 0.196078431372549 0.1568627450980392
v 3.3516798380182373 1.2702315433238578 7.0700083201629171 0.1921568627450981 0.1294117647058824 0.1058823529411765
v 34.6595310143476993 11.8810431631665931 58.4325219542748400 0.8588235294117647 0.8196078431372549 0.8196078431372549
v 3.6659281249577340 2.0062465208036748 5.5799184339820904 0.1843137254901961 0.1254901960784314 9.803921568627451e-002
v 1.6478012929447867 -2.2391774612052693 17.8476002444940960 0.2352941176470588 0.2509803921568627 0.2901960784313726
v 2.9338784014495651 -1.0841859409462007 15.8506067571039786 0.3490196078431372 0.2980392156862745 0.2862745098039216
v -0.5646416047618505 1.9913342459918593 6.8711349271981410 9.019607843137255e-002 0.1019607843137255 0.1333333333333333
v -0.0802360759249611 0.2708649274285836 13.1374018703370066 0.1529411764705882 0.1647058823529412 0.207843137254902
v 3.0607322143927020 1.3273187035815524 5.7752641171303702 0.1686274509803922 0.1215686274509804 0.1058823529411765
v 2.8629603815596485 -2.9253085982134017 24.1173143394134257 0.3176470588235294 0.2941176470588235 0.2980392156862745
v 4.7343400274217737 -0.2196652757599368 15.9897995942172670 0.6 0.4431372549019608 0.3529411764705883
v 1.0992235588087402 1.2387621551371093 7.6832578338172857 0.1058823529411765 0.1098039215686274 0.1450980392156863
v -0.8930643072875200 -0.5938969344771490 15.4756740053726283 0.1686274509803922 0.1803921568627451 0.2196078431372549
v 2.7108764125548719 -0.0504313301343766 11.5251942577423137 0.1725490196078431 0.1607843137254902 0.1921568627450981
v -17.5218310500331818 -12.1247011641350788 -8.2788033813521196 0.1294117647058824 0.2117647058823529 0.1019607843137255
v -1.3503443048339738 2.3123538969112101 5.0265936988799531 8.627450980392157e-002 0.1019607843137255 0.1333333333333333
v 2.2847411251557177 -3.4099363071195539 21.9408523497740902 0.4941176470588236 0.4313725490196079 0.403921568627451
v -2.3075398191519092 1.7613062323565520 4.0253912928074209 8.235294117647059e-002 9.803921568627451e-002 0.1294117647058824
v 3.3923167437418513 1.5092267998583277 6.9354981159099616 0.1490196078431373 0.1137254901960784 0.1058823529411765
v 1.1723389317567743 1.1715985001758424 8.9592334835520067 0.1254901960784314 0.1294117647058824 0.1647058823529412
v 3.3576059334622266 0.1248699629546932 11.1876912696935999 0.2862745098039216 0.203921568627451 0.1529411764705882
v -13.5802502745538796 -12.8077653030636522 -9.9188286774739236 0.1176470588235294 0.1294117647058824 0.1607843137254902
v 3.0406484477181133 -0.2086329976752306 12.5831487839939928 0.2470588235294118 0.207843137254902 0.207843137254902
v -11.4518843331444558 -3.4743889379241679 13.1737838157409275 0.5764705882352941 0.5254901960784314 0.6
v -14.1735875644578329 -13.2296928515482115 -11.1683196913906766 0.1098039215686274 0.1176470588235294 0.1529411764705882
v -0.0449235230139433 1.9522959850485093 4.5821428983520525 8.235294117647059e-002 9.019607843137255e-002 0.1254901960784314
v 2.3563998423307746 -0.5586559088309688 10.4589991623805929 0.2274509803921569 0.1803921568627451 0.1764705882352941
v 2.9270913187204406 0.4435609142748405 9.0295302248315537 0.1921568627450981 0.1490196078431373 0.1450980392156863
v -27.8226585054851583 5.7588748588657230 0.8245035405184268 0.5333333333333333 0.4745098039215686 0.4274509803921568
v -13.4804053783759983 -4.9709403234516953 12.5655846852863693 0.6 0.1490196078431373 0.1372549019607843
v -7.4065617717903276 -5.1621473671428335 -3.5288174108226098 7.843137254901961e-002 9.019607843137255e-002 0.1176470588235294
v -0.0931663071465756 0.9634454500373969 10.3174275506084463 0.1372549019607843 0.1450980392156863 0.1843137254901961
v 3.5116168544155362 -0.9638709674342443 14.0943851456323355 0.5333333333333333 0.3882352941176471 0.2862745098039216
v 0.3169906406087440 0.2498483792869827 11.9771950751393650 0.1490196078431373 0.1529411764705882 0.196078431372549
v -0.8206399338728327 1.5239761623538375 7.8022145603957238 0.1098039215686274 0.1254901960784314 0.1568627450980392
v -1.7922163326314924 2.3675129772617423 3.6615815569424250 8.235294117647059e-002 9.019607843137255e-002 0.1215686274509804
v -0.0805596801485720 1.4915161695522849 6.2696342451648039 9.803921568627451e-002 0.1019607843137255 0.1333333333333333
v 2.1139214677914016 -2.0272377364290746 16.0482375947616873 0.403921568627451 0.3568627450980392 0.3450980392156863
v 1.3936937763980615 1.5548608754393345 5.7538717662204313 8.627450980392157e-002 9.019607843137255e-002 0.1215686274509804
v 0.6516697396358179 1.7970738562532054 6.3581348072783745 9.411764705882353e-002 0.1019607843137255 0.1254901960784314
v -2.3281780051611745 0.8285586671266035 4.4763603697763834 8.627450980392157e-002 0.1019607843137255 0.1333333333333333
v -0.6798117973132221 1.5538369421620817 7.9944047497121238 0.1098039215686274 0.1254901960784314 0.1607843137254902
v 0.4869530688758656 1.2931104830225062 6.8548232904125941 0.1019607843137255 0.1058823529411765 0.1411764705882353
v -4.6061798730980001 0.0181078006031019 4.6477175358720162 0.3411764705882353 0.3333333333333333 0.3607843137254902
v 2.8677857063880334 -0.3267573352448432 12.1633621392420714 0.2470588235294118 0.207843137254902 0.203921568627451
v 2.6859886405107649 3.4292678105072021 6.1991316833543184 7.843137254901961e-002 8.627450980392157e-002 0.1176470588235294
v -1.3493413551987088 2.3421832986404896 4.0001446110295609 8.627450980392157e-002 9.019607843137255e-002 0.1215686274509804
v 1.7990260690355997 -0.0340794690993009 10.9218408967769562 0.1490196078431373 0.1568627450980392 0.1921568627450981
v -1.1774341311868979 1.9634793478969925 5.8667560677918438 8.627450980392157e-002 0.1019607843137255 0.1333333333333333
v 2.1060869849035799 0.9161677548719417 8.4836909795005546 0.1176470588235294 0.1215686274509804 0.1529411764705882
v 0.3996210066842500 0.8004179212789830 10.2835046795483809 0.1372549019607843 0.1450980392156863 0.1764705882352941
v -20.9704609449382247 0.6799465841995136 12.6582471134438013 0.3019607843137255 0.4 0.1803921568627451
v 3.2151602316230870 -3.2117919779157873 23.4114705130695953 0.5411764705882353 0.4392156862745098 0.3803921568627451
v 3.3935808114486874 -1.5746996180028623 17.0649399825842565 0.5647058823529412 0.4196078431372549 0.3294117647058823
v 0.5530856831236560 -0.8801464283124913 15.8184808608913858 0.203921568627451 0.2117647058823529 0.2549019607843137
v 3.3368535063974440 -1.1249009311928058 17.0412598761747986 0.4431372549019608 0.3490196078431372 0.2980392156862745
v 3.7828587077397495 2.2684726071835435 4.9837673988803486 0.1921568627450981 0.1294117647058824 9.411764705882353e-002
v 3.1530848646137786 -2.2287330254275259 18.9191424551654208 0.596078431372549 0.4549019607843137 0.3686274509803922
v 3.6854957842180762 2.2190609511642894 3.3023601803993388 0.3254901960784314 0.2235294117647059 0.1490196078431373
v 2.9059050506961488 0.9289592550470626 9.6180986560208606 0.1176470588235294 0.1176470588235294 0.1490196078431373
v 23.0882558922495491 3.4089907685470262 48.8276410585400100 0.7764705882352941 0.7372549019607844 0.7019607843137254
v -29.4103462026621472 6.0671237496667576 11.4687920381319852 0.3568627450980392 0.3019607843137255 0.2509803921568627
v 3.8520122847655012 2.5409597496357899 3.4847309850126544 0.2588235294117647 0.1647058823529412 9.803921568627451e-002
v 3.0146369459105600 1.2947191950796548 7.0062870488417834 9.411764705882353e-002 9.019607843137255e-002 0.1137254901960784
v -0.2281219617619654 -0.6377735051103075 15.3236617965607262 0.1764705882352941 0.1921568627450981 0.2313725490196079
v -24.8249698140335049 9.4236506855571402 8.5787508274460453 0.5607843137254902 0.6392156862745098 0.3725490196078431
v 26.7379463641623261 3.9687439079020264 51.0852208666497489 0.7450980392156863 0.7058823529411765 0.6705882352941176
v 3.2727648897003525 -1.3569494570682732 16.9667401692740754 0.4980392156862745 0.3764705882352941 0.3058823529411765
v 3.9694609540258790 -1.2276174773735440 16.4683385353669642 0.6588235294117647 0.4862745098039216 0.407843137254902
v 2.6656636221660523 0.0124446263076719 10.9074422124737502 0.1490196078431373 0.1411764705882353 0.1647058823529412
v 1.0843559302511170 -0.5211839697310858 14.0639272675513940 0.1882352941176471 0.196078431372549 0.2313725490196079
v 3.4340848902041126 -1.0317987060310350 15.8359449780549024 0.4980392156862745 0.3647058823529412 0.2823529411764706
v -1.0452906425836090 -0.2446057041228342 14.3542573608895765 0.1568627450980392 0.1686274509803922 0.2117647058823529
v 2.2017116815259006 -3.1833810100488167 23.8907776135736043 0.1686274509803922 0.1803921568627451 0.207843137254902
v -16.6035705609434032 0.0885678935858171 -1.2086934728543848 0.392156862745098 0.5058823529411764 0.2509803921568627
v 3.8268237169776103 -4.6107082828409451 33.4887585903466558 0.4666666666666667 0.3803921568627451 0.3176470588235294
v -26.8522985934688272 1.8803399310726006 7.5421519138531803 0.2823529411764706 0.2313725490196079 0.1882352941176471
v 1.9108572322003790 -3.7220131171530282 24.6963340179766178 0.1882352941176471 0.2 0.2313725490196079
v 2.7684870063517883 0.5103695110799280 9.4338549564897853 0.1215686274509804 0.1176470588235294 0.1450980392156863
v 2.1962156599545550 0.1105260119203423 13.3306837716833897 0.1725490196078431 0.1725490196078431 0.2117647058823529
v 3.5397560703442252 0.4432792604542550 10.9149723822885001 0.2627450980392157 0.1882352941176471 0.1490196078431373
v 1.4112493758799542 -2.2372695796571875 17.7638135868247815 0.2196078431372549 0.2352941176470588 0.2745098039215687
v 2.7871240934309514 0.4092137277836978 9.7975393248296943 0.1333333333333333 0.1294117647058824 0.1568627450980392
v 2.5831012252145120 -1.4585843172264887 15.0910090332543163 0.4 0.3215686274509804 0.2862745098039216
v -1.4275840397219115 0.2597238992376853 13.1972108506808468 0.1294117647058824 0.1450980392156863 0.1803921568627451
v 0.3891248063807182 -1.2064357343135570 15.9693362661985159 0.2117647058823529 0.2196078431372549 0.2588235294117647
v -1.1058512620408829 1.1708602330347209 10.9726970409220144 0.1333333333333333 0.1411764705882353 0.1803921568627451
v 0.4259184172595729 -0.0910814523633424 14.9541063795763023 0.1882352941176471 0.196078431372549 0.2352941176470588
v 1.8502256657268663 -2.1496557024496949 15.7488302824671784 0.3294117647058823 0.3058823529411765 0.3137254901960784
v -1.2364136597383053 -0.1338527322850743 15.9394130025083776 0.1529411764705882 0.1647058823529412 0.203921568627451
v -28.9230299466110701 6.7683627583384114 6.5090115652316873 0.2235294117647059 0.1843137254901961 0.1450980392156863
v 3.1354482867928364 -2.1951498593774703 17.6328151647569058 0.6313725490196078 0.4745098039215686 0.3803921568627451
v 2.7982688574453181 -1.9428729245591676 22.1550709435938415 0.207843137254902 0.2274509803921569 0.2627450980392157
v 2.9288779885821210 -0.4037023845899876 13.6219658763228164 0.2117647058823529 0.196078431372549 0.2196078431372549
v -22.3352183662338000 28.6677249981892821 20.8680486354108652 0.396078431372549 0.4980392156862745 0.2549019607843137
v 1.3257688899771070 -0.4094476203341928 14.4867003304270554 0.1921568627450981 0.196078431372549 0.2352941176470588
v -29.7158304662723332 8.3852840137647942 9.9701950795620142 0.2235294117647059 0.1764705882352941 0.1372549019607843
v -0.3973243574091840 0.0186139323564928 13.5743402509944886 0.1529411764705882 0.1647058823529412 0.203921568627451
v 2.2210210628667166 0.5583956628993932 10.0776875202027494 0.1254901960784314 0.1372549019607843 0.1647058823529412
v 2.3560401507197644 0.4943343845711800 10.4043301146190554 0.1372549019607843 0.1411764705882353 0.1725490196078431
v 3.9402684290294898 -1.1526893819609585 17.2720844838161440 0.5803921568627451 0.4196078431372549 0.3254901960784314
v 3.1676846190671193 -1.8578177832340137 20.2164670517962151 0.4156862745098039 0.3607843137254902 0.3490196078431372
v 1.2660679062266260 0.7964946586582332 9.7223225964650375 0.1215686274509804 0.1333333333333333 0.1647058823529412
v 5.1418400053525266 2.5470833190173217 14.3547553855656265 0.1254901960784314 0.1098039215686274 0.1176470588235294
v 4.8091711413959093 -0.1562724804956391 22.8133012078950301 0.2745098039215687 0.2313725490196079 0.2117647058823529
v 2.9651277353147307 -3.4539727323571876 23.0535844409603001 0.392156862745098 0.2941176470588235 0.2313725490196079
v -20.4453889808075004 7.7949652775653000 5.1931215163116873 0.4117647058823529 0.5372549019607843 0.3098039215686275
v 2.8329309023788718 -1.7219088464733299 17.9504316494213256 0.2666666666666667 0.2235294117647059 0.203921568627451
v 3.0065607114430932 -1.7844723204369324 18.4594328585077179 0.3254901960784314 0.2509803921568627 0.203921568627451
v -12.7297764901511314 2.7031640570481077 0.5780524897364824 0.5803921568627451 0.5725490196078431 0.5647058823529412
v 2.6313754719695623 -1.8326039175817288 16.6292624271082730 0.3176470588235294 0.2431372549019608 0.203921568627451
v -29.4113860770334199 -2.6678128027764618 18.1939957408345307 0.5764705882352941 0.5333333333333333 0.5137254901960784
v 4.7179842088964969 0.2830891940336384 15.4870297826703691 0.4313725490196079 0.3019607843137255 0.2
v 2.5577443797682928 -0.4961922538016712 13.9623246939693626 0.1058823529411765 0.1215686274509804 0.1490196078431373
v 1.2917207781147402 -1.2511017815232470 18.0571410086994391 0.196078431372549 0.207843137254902 0.2431372549019608
v 26.2435667824054271 13.0445879653993355 51.2384298533111888 0.8901960784313725 0.6509803921568628 0.7372549019607844
v 0.7137272563919538 -0.5040133556549848 15.1991629201184306 0.1843137254901961 0.1921568627450981 0.2313725490196079
v -22.2699689476926466 3.4193388544239580 12.5909788306463870 0.4862745098039216 0.6 0.3254901960784314
v 2.5744217167747228 -2.4591849908718517 18.3397863822832150 0.5450980392156862 0.4235294117647059 0.3529411764705883
v -21.4717038031012883 -0.2496688323742636 13.0359143577416337 0.5607843137254902 0.5058823529411764 0.4745098039215686
v 3.4458635522388477 -0.6996954732925691 14.7524476088082839 0.4117647058823529 0.2941176470588235 0.2156862745098039
v 1.8844444900969235 -1.1427395642411988 16.2614039671965642 0.2117647058823529 0.2196078431372549 0.2588235294117647
v -16.7195620305486479 -3.8684829819757391 14.5936128254581732 0.4627450980392157 0.3843137254901961 0.4274509803921568
v -24.1206101307476963 -9.0341908214891546 4.4772544329709509 0.4823529411764706 0.4470588235294118 0.4274509803921568
v 3.8073330643259928 -1.2391922533023876 17.3997610182704818 0.5725490196078431 0.4117647058823529 0.3176470588235294
v 2.2616264887653008 -2.3320824371883315 20.4590952215378579 0.2156862745098039 0.2274509803921569 0.2627450980392157
v 3.5281105498851808 -2.1206003937526283 21.1177214779508589 0.5686274509803921 0.4431372549019608 0.3725490196078431
v 3.5560828606243575 -1.5020538216625010 16.2675480548359204 0.6196078431372549 0.4549019607843137 0.3529411764705883
v 3.3136099643123202 -0.9164790456651113 15.6033515229183841 0.4509803921568628 0.3411764705882353 0.2823529411764706
v 2.5614672885428895 -1.3463921576514206 18.5745294329799577 0.2196078431372549 0.2235294117647059 0.2627450980392157
v -21.4081549381586065 1.1276861407692396 7.0164140378004705 0.4627450980392157 0.5725490196078431 0.2980392156862745
v 2.0937139758282655 -1.4010645423014338 19.2157048414383453 0.1921568627450981 0.2 0.2352941176470588
v 2.9156225499777686 -0.9281973482286319 15.0029982096534003 0.3372549019607843 0.2823529411764706 0.2705882352941176
v -18.2126126869248672 -4.4095475882762498 16.7157971483864429 0.5254901960784314 0.4392156862745098 0.4274509803921568
v 0.5051958034879438 -0.9016283770585531 17.4567323537157364 0.1921568627450981 0.203921568627451 0.2431372549019608
v 2.8645693671259704 -0.5094601572765465 13.1119761859714270 0.2627450980392157 0.2274509803921569 0.2235294117647059
v -3.2379262819179879 -5.0357805726151188 8.6373004760210694 0.203921568627451 0.2156862745098039 0.2509803921568627
v 3.1077900418690119 1.0008687611225828 7.0220975196921849 0.1843137254901961 0.1333333333333333 0.1098039215686274
v 3.4378177675726134 -2.1489877041511649 20.6667153152463783 0.5725490196078431 0.4431372549019608 0.3764705882352941
v 1.1121179804843284 -0.4978783627487149 15.1813493091213818 0.1882352941176471 0.196078431372549 0.2352941176470588
v 1.2964263077963420 -0.0695782703368405 12.1763846207578883 0.1568627450980392 0.1568627450980392 0.1921568627450981
v 1.8741574368298535 -1.0654126272384787 18.1727776177717573 0.2156862745098039 0.2235294117647059 0.2588235294117647
v 2.7324595450822518 -1.7674388722841423 18.5690978722650115 0.3215686274509804 0.2941176470588235 0.3058823529411765
v 3.0713291502289004 -0.9359727029374498 15.8059312595669432 0.3490196078431372 0.2901960784313726 0.2745098039215687
v 0.6735056283791067 -0.8987953807410494 16.6829028800908290 0.2 0.2117647058823529 0.2470588235294118
v 3.1096565493409551 -1.3277851404166898 17.0348193088789941 0.4588235294117647 0.3686274509803922 0.3294117647058823
v 2.3335728388725245 -0.7221162397175640 14.6645196808055900 0.196078431372549 0.196078431372549 0.2313725490196079
v -0.3784451741517474 0.2188637940710741 14.8493348058822310 0.1803921568627451 0.1882352941176471 0.2274509803921569
v -13.1377328049004589 -2.2436649352631193 2.4940821440007670 0.5686274509803921 0.5294117647058824 0.5019607843137255
v 3.3295610423298769 0.1944210022195952 11.4600660088489814 0.2588235294117647 0.1882352941176471 0.1607843137254902
v 1.0836326481781557 -0.9383047658652466 17.2775812456648197 0.2235294117647059 0.2352941176470588 0.2705882352941176
v 3.4693009066710934 -1.4194099371692042 16.1355575904528870 0.5803921568627451 0.4235294117647059 0.3176470588235294
v 1.3712598975332457 -1.0669865321785812 17.1620136012849400 0.207843137254902 0.2156862745098039 0.2549019607843137
v 1.4988981423492185 -1.1025747523298086 18.5448980879808545 0.1921568627450981 0.2 0.2392156862745098
v 0.7974060037070623 -1.3878204172535038 19.6382718602561042 0.1764705882352941 0.196078431372549 0.2313725490196079
v 2.4637914914792187 -1.0331293653779647 16.8279624429956698 0.207843137254902 0.2156862745098039 0.2509803921568627
v 1.0033659689774863 0.1352989047544614 14.3278963572173605 0.1803921568627451 0.1843137254901961 0.2196078431372549
v 1.5812936852306323 -0.3064734178105670 14.7994868831997106 0.196078431372549 0.2 0.2352941176470588
v -1.0737643029333677 0.8628804298361716 12.7987469399544356 0.1333333333333333 0.1450980392156863 0.1803921568627451
v 1.3474602060435361 -0.2593798875553015 14.5643624204348487 0.1921568627450981 0.1921568627450981 0.2274509803921569
v 2.8120142598164062 -0.3829037922962830 13.6514941686162459 0.1882352941176471 0.1843137254901961 0.2117647058823529
v 2.8114799229056389 -1.3043720820270268 17.5687345857745782 0.2627450980392157 0.2549019607843137 0.2862745098039216
v 2.2704192112317805 -1.5581920872636863 19.2808453455729634 0.207843137254902 0.2156862745098039 0.2549019607843137
v 3.2891525436382869 -0.7394738580601579 14.0823482400418847 0.407843137254902 0.2901960784313726 0.2156862745098039
v -20.1556163153179035 -9.3862331766088367 -5.0763479160708753 0.4156862745098039 0.5294117647058824 0.2901960784313726
v -32.1570344831881414 11.7086032902633388 19.9947907118805404 0.3764705882352941 0.3294117647058823 0.2941176470588235
v 2.9359176113425640 1.8658597180410401 2.6076379321066847 0.1764705882352941 0.1254901960784314 9.803921568627451e-002
v -19.5883549959929439 3.6183894737977127 6.0474590970919833 0.2352941176470588 0.3254901960784314 0.1176470588235294
v 9.6810167581249864 7.2068630025751679 10.7364771086280211 0.3843137254901961 0.2705882352941176 0.1882352941176471
v 4.4063333874458070 0.3229492939546141 13.1291959837541476 0.4588235294117647 0.3294117647058823 0.2352941176470588
v -29.9480497308461864 2.3356520492213941 21.4057240599849976 0.6313725490196078 0.5882352941176471 0.5686274509803921
v -27.8534392054908047 4.1017464101354975 4.9695395851197235 0.2549019607843137 0.2117647058823529 0.1647058823529412
v -1.6236553216066953 4.2001143558317038 7.2903613013805524 0.203921568627451 0.203921568627451 0.2392156862745098
v 3.0233151035808392 2.0159813295569746 2.5912946937968471 0.1568627450980392 0.1176470588235294 9.411764705882353e-002
v -21.3365063517830684 0.5277728481990425 12.3373093307662511 0.1568627450980392 0.2392156862745098 7.450980392156863e-002
v -21.2881510305494679 0.3910892119797555 12.1776788125017514 0.2313725490196079 0.3254901960784314 0.1137254901960784
v 4.7879929898700757 1.6206967829044179 9.1943379642009635 0.2705882352941176 0.1725490196078431 0.1019607843137255
v 2.7188021263590891 1.4174727282606017 3.5327589273513698 0.1803921568627451 0.1254901960784314 9.803921568627451e-002
v 3.1952915383391169 1.1173990514035859 6.9856597926138475 0.1882352941176471 0.1294117647058824 0.1058823529411765
v -23.7016854999407407 11.2587823480866778 6.5577829895827380 0.4274509803921568 0.5294117647058824 0.3019607843137255
v -6.8553665856154566 -8.2602852466955916 -3.4524777226532359 0.8705882352941177 0.7725490196078432 0.7686274509803922
v -19.9698010294772317 -0.0064064706701371 0.2869079998870573 0.4941176470588236 0.611764705882353 0.407843137254902
v -17.8488638870612810 -1.2764660064540159 2.3055971052123949 0.2588235294117647 0.3529411764705883 0.1647058823529412
v -14.8332257446321130 -5.9540856889538185 7.3207552221651078 0.4666666666666667 0.4 0.4392156862745098
v -20.3146635686305999 1.3159065012820872 1.1990683885604807 0.3568627450980392 0.4431372549019608 0.2470588235294118
v -21.8233462106258038 0.2905219337403983 1.9292045230913910 0.3882352941176471 0.4666666666666667 0.2392156862745098
v -18.9656500235943142 -0.2636364917735781 4.3604557753367121 0.2745098039215687 0.3686274509803922 0.1725490196078431
v -20.0211005178946628 0.0918530994609321 2.9356535420194727 0.3019607843137255 0.392156862745098 0.1647058823529412
v -20.1610060609979094 -6.8458983438728414 4.3451462222488288 0.5254901960784314 0.4627450980392157 0.4588235294117647
v -14.1823802542103650 -5.9766912117605777 0.7370855626189824 0.1921568627450981 0.1725490196078431 0.2156862745098039
v -20.7937600125916333 -3.5658706824216315 16.0025966247031270 0.2745098039215687 0.1803921568627451 0.2588235294117647
v -20.7503338835031776 -3.7652170920639199 15.5589758745278459 0.2627450980392157 0.1725490196078431 0.2470588235294118
v -13.2723578083455358 -4.7123579981911554 13.3448338112316467 0.6274509803921569 0.2549019607843137 0.2431372549019608
v -13.5417317922041782 -2.9092537871483009 9.4440307127001226 0.3882352941176471 0.3098039215686275 0.3450980392156863
v -21.2906408886320229 0.7147340546385105 15.1377272814937225 0.396078431372549 0.3568627450980392 0.3529411764705883
v -19.0358399183510443 1.0542588485787829 4.6024402245089622 0.1372549019607843 0.207843137254902 6.274509803921569e-002
v -20.5059920792491397 0.1157872390437091 0.7409730188836496 6.666666666666667e-002 0.1215686274509804 4.313725490196078e-002
v -10.0935645574655730 -3.4567448025819161 5.3691590191812626 0.5686274509803921 0.5686274509803921 0.6078431372549019
v -20.7460291995564390 -5.2408294001034630 10.3183803522170567 0.3647058823529412 0.2941176470588235 0.3176470588235294
v -26.7067202535709711 0.8124313326774587 3.2329427412028626 0.596078431372549 0.5411764705882353 0.5019607843137255
v -15.7320443194831832 -4.8566313625786028 -3.2055116483228883 0.4549019607843137 0.4313725490196079 0.3686274509803922
v -2.4237168385509253 1.5567495316033770 10.7152082071188328 0.1843137254901961 0.1843137254901961 0.2235294117647059
v -14.4996870192677356 1.7719098159661395 0.8852122333565322 0.4117647058823529 0.5372549019607843 0.3529411764705883
v -1.9334841759395873 0.2068070200020008 16.0476022409461869 0.207843137254902 0.2235294117647059 0.2588235294117647
v -1.2752646792412876 0.4930405767951447 11.0331265959758831 0.1843137254901961 0.1843137254901961 0.2274509803921569
v -20.5706809482629644 0.3227229453817337 10.1172615874660234 0.2784313725490196 0.3647058823529412 0.1568627450980392
v -1.0098519703905762 0.3237756705817171 14.8276006098406086 0.1803921568627451 0.1921568627450981 0.2274509803921569
v 2.7895780001511477 0.3134596499934461 10.7869713591272998 0.2117647058823529 0.203921568627451 0.2392156862745098
v -6.8255464681216553 -8.2742294672521624 48.3192633364881132 0.2823529411764706 0.2392156862745098 0.2196078431372549
v 8.8608336337448890 6.5741601593724948 22.3341815871962339 0.2 0.196078431372549 0.2352941176470588
v -10.4875785837934252 -2.9451833826668707 3.7502087845125374 0.5137254901960784 0.5215686274509804 0.5686274509803921
v -11.5253439339339145 -3.4396721218840796 13.1298597138112996 0.5372549019607843 0.4980392156862745 0.5686274509803921
v -14.1565808909738671 -4.0887501803884909 14.4079698627236894 0.396078431372549 0.2509803921568627 0.2745098039215687
v -2.2973759670634255 1.5209663327435594 9.7561826698200846 0.1411764705882353 0.1490196078431373 0.1843137254901961
v 3.4176830573580141 0.8342056129414716 9.6698904306189437 0.2392156862745098 0.2 0.207843137254902
v -31.0360965300612612 7.6728600027290392 21.3568379953528478 0.5019607843137255 0.4549019607843137 0.4392156862745098
v -15.7787336897426762 -9.4739133779683762 -5.3765516436807061 0.3294117647058823 0.2823529411764706 0.3137254901960784
v -4.5885563031340295 -1.0151399711075466 48.4463294832926650 0.5254901960784314 0.4823529411764706 0.4588235294117647
v -11.2142194452382959 4.5842805512684786 12.0850519484153960 0.5490196078431373 0.5176470588235295 0.4862745098039216
v -0.8155865549308223 2.4241118219201714 8.4286563520951123 0.2235294117647059 0.2274509803921569 0.2666666666666667
v -12.6893300586857833 -2.3986016257070579 9.9006620217379471 0.2196078431372549 0.1843137254901961 0.2196078431372549
v -14.4027778239654012 -2.1059284412039183 10.3463342038012183 0.2666666666666667 0.2352941176470588 0.2705882352941176
v -1.7977275410820281 2.9941492195407289 6.2400997373412235 0.1647058823529412 0.1725490196078431 0.207843137254902
v -24.1022385420115519 0.5802285580308404 0.2730151540376945 0.207843137254902 0.1647058823529412 0.1372549019607843
v -13.7624890770829893 -7.5089585939058097 0.6350905303523505 0.4705882352941176 0.4274509803921568 0.392156862745098
v -19.3277680043013049 -0.1329357852654507 14.9032091673288605 0.3843137254901961 0.3529411764705883 0.3450980392156863
v -21.4911986524810636 0.4054560186987726 9.5117275092564721 0.1803921568627451 0.2588235294117647 9.411764705882353e-002
v -21.2449689121512044 1.2583266481843938 8.0914572638459052 0.4117647058823529 0.5019607843137255 0.2627450980392157
v -10.3369606561383200 0.8599143676513596 13.7145577392673967 0.2313725490196079 0.2274509803921569 0.2784313725490196
v -15.9788642494842641 -0.0339300704191772 10.9934792123180003 0.1490196078431373 0.2627450980392157 0.1333333333333333
v 2.9908715897647835 0.2508028364530936 9.7522110265987987 0.4274509803921568 0.3529411764705883 0.3411764705882353
v 3.9712013601969671 1.2378582445577897 7.9583531684894062 0.4313725490196079 0.2980392156862745 0.2431372549019608
v -19.6412565689634953 -1.9654278905456437 9.1109308000370337 0.1725490196078431 0.1686274509803922 0.1921568627450981
v -14.6989672794329778 -0.1725511628104399 10.5745398697125115 0.2313725490196079 0.2156862745098039 0.2352941176470588
v -14.7029474194296697 -0.3142124018980489 10.1639040582137952 0.2392156862745098 0.2196078431372549 0.2431372549019608
v -22.3150693911449522 0.8615717071203792 10.9933677688130480 0.1882352941176471 0.2549019607843137 0.1019607843137255
v 3.8513706446873837 1.1001112174632790 8.0861404028086099 0.4313725490196079 0.3019607843137255 0.2392156862745098
v 0.6094412365062561 2.4028751271247617 5.7725669112108662 0.1843137254901961 0.1882352941176471 0.2235294117647059
v 0.9635987836399809 1.9335599687437086 6.8432647514516418 0.2117647058823529 0.207843137254902 0.2431372549019608
v -17.1061990058577713 -4.9922872200908612 15.3723712521125897 0.4705882352941176 0.1176470588235294 9.411764705882353e-002
v 3.1275667517270609 1.0093059758229801 7.6697697021230145 0.2588235294117647 0.2196078431372549 0.2274509803921569
v -12.9821063595016000 -4.8847907314987449 11.6349025156702819 0.4784313725490196 3.92156862745098e-002 3.137254901960784e-002
v -10.7374500952002592 1.3008211373084477 14.4797378592953834 0.3215686274509804 0.3294117647058823 0.392156862745098
v -14.7494169421349390 -1.9925768589180384 11.0991037854994961 0.2705882352941176 0.2392156862745098 0.2705882352941176
v -14.5790753089405349 -2.3236258578801641 10.1458773340599535 0.2745098039215687 0.2392156862745098 0.2705882352941176
v -14.5960165298128430 -2.3513770631466393 9.8226883575710247 0.2745098039215687 0.2431372549019608 0.2666666666666667
v -14.6246833893517199 -2.6327985479844003 9.2796411004249464 0.2745098039215687 0.2431372549019608 0.2745098039215687
v 0.5472962746126295 2.1806216681101271 5.8651359867805803 0.1843137254901961 0.1843137254901961 0.2235294117647059
v -0.0754200994058469 2.4979591293351810 5.6096218636103723 0.2 0.196078431372549 0.2392156862745098
v -21.1007241815302571 2.6293730950421406 2.7827768100869554 0.1764705882352941 0.2313725490196079 0.1176470588235294
v -1.8424694797500676 2.1161934157439655 8.1001511171931782 0.2196078431372549 0.2196078431372549 0.2588235294117647
v -2.1296187170696204 2.5544576837387947 5.8974016144138499 0.1725490196078431 0.1803921568627451 0.2156862745098039
v -1.9203098364168518 2.3498275091692542 7.1380010920775412 0.1764705882352941 0.1803921568627451 0.2156862745098039
v -2.1119799890296145 1.6682459542044110 11.5343450481220291 0.1921568627450981 0.1921568627450981 0.2313725490196079
v -1.9557914858805834 0.5865129598466302 12.3366117829768758 0.2313725490196079 0.2352941176470588 0.2745098039215687
v -1.8357587057092433 -0.1899922534724428 17.1633324916360621 0.1137254901960784 0.1333333333333333 0.1647058823529412
v -0.9621906165069976 1.8925847570292895 5.0929381046199120 0.2117647058823529 0.2156862745098039 0.2509803921568627
v 2.3888121471553880 1.5259510913973611 5.8976316005134048 0.1843137254901961 0.1843137254901961 0.2196078431372549
v -12.5942433172509460 -2.6619608675843853 10.0264298695675436 0.2196078431372549 0.1686274509803922 0.196078431372549
v -11.3200241484411315 0.3797489606319113 12.7215582956154361 0.3333333333333333 0.3333333333333333 0.407843137254902
v -7.7009798491778136 -4.8286030253509935 -7.5108327926827627 0.2 0.196078431372549 0.2352941176470588
v -1.1610831411576277 2.2908914179729902 6.0181910613922218 0.207843137254902 0.2117647058823529 0.2470588235294118
v -2.0777108531173885 1.5646460862384866 11.1780026511837374 0.196078431372549 0.203921568627451 0.2392156862745098
v 2.8918692844195233 1.6821198664808814 6.4916201618265275 0.1882352941176471 0.1843137254901961 0.2235294117647059
v -8.0822527701184583 -7.3716156127490766 -9.1365107474730056 0.8352941176470589 0.7529411764705882 0.7294117647058823
v -14.6255230283520206 -0.5465113389054317 10.1117364992240724 0.2235294117647059 0.207843137254902 0.2352941176470588
v -1.6892614324729958 0.6531972990872541 4.4828937694691371 0.2196078431372549 0.2196078431372549 0.2549019607843137
v -1.7798666392983868 2.4126986095967538 7.2356923279496606 0.2431372549019608 0.2431372549019608 0.2823529411764706
v 0.1124238954602467 2.0465153709392947 7.2765277239493216 0.2156862745098039 0.2156862745098039 0.2509803921568627
v -21.5154239312875966 1.6616120525432738 7.3671856738202077 0.4431372549019608 0.5333333333333333 0.2941176470588235
v 1.6411081508188201 0.7148678929977161 10.3206284838521753 0.2941176470588235 0.2901960784313726 0.3254901960784314
v -0.3202211434389876 2.5320142954653582 6.1519787440384883 0.2117647058823529 0.2156862745098039 0.2509803921568627
v -0.4472862505375486 1.3846982474010965 8.5597700841305979 0.2588235294117647 0.2549019607843137 0.2980392156862745
v 1.9097202021471664 2.0558967417224610 6.0633669008181705 0.1725490196078431 0.1764705882352941 0.2117647058823529
v -22.7730247235585850 -7.0172012861972597 12.7341137427550670 0.3725490196078431 0.3215686274509804 0.2941176470588235
v 1.3244799161352920 -7.2836085373484227 9.0965208214200413 0.6745098039215687 0.6235294117647059 0.6470588235294118
v -1.2054194281508528 3.2205882858746646 5.8458538361862562 0.1686274509803922 0.1764705882352941 0.2117647058823529
v -2.3393677223413878 1.3825352846478063 10.7826352268370993 0.1921568627450981 0.2 0.2352941176470588
v -2.7027443208665973 0.5842467424130143 2.2421424640320526 0.2156862745098039 0.2156862745098039 0.2509803921568627
v -12.5195081578872482 -9.8685248698495229 -14.2337718386207310 0.9490196078431372 0.9215686274509803 0.9490196078431372
v -2.4557674278936030 2.2193023771497065 7.8529713242768064 0.1843137254901961 0.1921568627450981 0.2274509803921569
v -2.6305428398631254 1.4716433256122117 10.5003904898549774 0.2666666666666667 0.2666666666666667 0.3019607843137255
v -22.2155510763924759 1.2249080712415861 13.6431221000301122 0.3686274509803922 0.4156862745098039 0.2509803921568627
v -13.2560929383003163 0.2887726148177268 10.7698006813698228 0.2313725490196079 0.2352941176470588 0.2745098039215687
v -15.7733791730550976 -2.3285232598642835 -6.6837690074076210 0.4117647058823529 0.5137254901960784 0.2862745098039216
v -0.6764878371791954 2.4464956609081057 5.1192434586315665 0.207843137254902 0.207843137254902 0.2431372549019608
v -1.6833875731265020 2.1270725897884191 8.5192185252940291 0.2117647058823529 0.2156862745098039 0.2549019607843137
v 1.6004586805396135 2.3767320309528377 6.0106824420800935 0.1803921568627451 0.1843137254901961 0.2196078431372549
v -18.3311054372432025 -1.3506229841094117 12.7464409020948111 0.2235294117647059 0.2235294117647059 0.2235294117647059
v 1.4837827828136232 1.9542667071915456 6.0882403378046357 0.1921568627450981 0.1882352941176471 0.2235294117647059
v -16.5130448623031079 -3.8508362570245094 14.3035087680310493 0.392156862745098 0.3215686274509804 0.3568627450980392
v -0.3582401450677241 2.0860595800297435 6.8951274873320090 0.2156862745098039 0.2196078431372549 0.2549019607843137
v -14.3439199678258049 3.0761611101261650 12.6909855245219862 8.235294117647059e-002 0.1686274509803922 0.1019607843137255
v -16.7976158715273307 -0.0026034246747779 10.6788439090490801 0.1882352941176471 0.2901960784313726 0.1411764705882353
v -1.9314607486639619 0.5957843461633067 8.0512009648083858 0.2470588235294118 0.2470588235294118 0.2862745098039216
v -2.3941192690436197 1.2136101048023531 12.1981296487775506 0.1843137254901961 0.1921568627450981 0.2274509803921569
v -1.9813690788386706 2.2138246031737525 6.1181856206324401 0.1803921568627451 0.1843137254901961 0.2196078431372549
v 2.5160346889827463 0.6786548704079406 9.8281022401363085 0.2588235294117647 0.2509803921568627 0.2901960784313726
v 0.0197945617844605 2.3571919765522682 6.4123610820123966 0.203921568627451 0.203921568627451 0.2392156862745098
v 1.7467908955309308 1.1586834433976672 9.4713251451604918 0.2745098039215687 0.2666666666666667 0.3098039215686275
v 1.1070471790061331 1.5625745002985307 7.8444542593195470 0.2352941176470588 0.2313725490196079 0.2745098039215687
v -1.1212838061763675 -1.4688670819973788 8.1324364835553080 0.3529411764705883 0.3490196078431372 0.396078431372549
v -2.0856992232711411 2.2917844351886996 7.5324437921599579 0.1725490196078431 0.1764705882352941 0.2117647058823529
v -0.3086326391825891 2.4649137113320871 6.0485647944580103 0.2117647058823529 0.2156862745098039 0.2509803921568627
v -18.6841288087962987 0.3524952095835573 8.2504413581656983 0.2823529411764706 0.3764705882352941 0.1843137254901961
v -1.3724910059368776 1.9219822069315109 7.3664726759294252 0.1725490196078431 0.1725490196078431 0.2156862745098039
v -0.9268986102816530 0.8329163340235464 11.9272181230887959 0.196078431372549 0.2 0.2352941176470588
v 2.9202307928616444 0.5878110263213280 9.5148217066126790 0.207843137254902 0.1921568627450981 0.2196078431372549
v 2.9255192511674943 1.1153577009310309 8.8696087942392250 0.1803921568627451 0.1725490196078431 0.207843137254902
v -20.6487029134652467 1.2487054352617484 10.3197572376645201 0.4196078431372549 0.5176470588235295 0.2745098039215687
v 2.5340038595269094 1.0559426320852903 7.4331536921258534 0.1529411764705882 0.1607843137254902 0.1921568627450981
v -31.0791882553980514 -4.2969267434954217 15.8629025562604635 0.5254901960784314 0.4823529411764706 0.4823529411764706
v -21.5979704927324363 2.1202383157877969 9.6337605144416223 0.4196078431372549 0.5176470588235295 0.2666666666666667
v -11.5537764590552534 -11.5749955348108955 -10.7598209373242781 0.8941176470588236 0.7607843137254902 0.7843137254901961
v -11.7184060607411347 1.3469387427729484 13.9119007874532379 0.3215686274509804 0.3372549019607843 0.4
v -22.2223246409855975 -2.7481960188753787 17.7549106516818895 0.4901960784313725 0.4117647058823529 0.4
v -27.7870375482499590 4.7818418396967850 7.7798810824482283 0.203921568627451 0.1647058823529412 0.1333333333333333
v -1.9075679331119444 2.3440344383909824 7.5534356518383348 0.1450980392156863 0.1490196078431373 0.1843137254901961
v 3.5097666204643247 1.6032171825393544 6.3845554911476299 0.2352941176470588 0.1725490196078431 0.1490196078431373
v 2.9660982889813958 -0.2224435720535461 12.5191161539206419 0.3686274509803922 0.3254901960784314 0.3333333333333333
v -20.2423817654565461 1.9043578864664643 5.1499610990201683 0.1333333333333333 0.207843137254902 5.882352941176471e-002
v -27.3419702509969973 4.4128143350795614 8.0769580435093999 0.2666666666666667 0.2235294117647059 0.1843137254901961
v -20.9413212340092194 3.3127711199613286 7.3200959682635949 0.3529411764705883 0.4470588235294118 0.2156862745098039
v 0.3418800218675586 1.5645715556018149 7.3991728135168069 0.1686274509803922 0.1725490196078431 0.207843137254902
v 2.0884980126251449 0.6997353669175838 11.3915235327592743 0.2313725490196079 0.2274509803921569 0.2666666666666667
v 0.3031859274512059 -3.3409466630675260 15.8846811201858067 0.2823529411764706 0.2862745098039216 0.3215686274509804
v -17.9260398679224586 -0.7417940987840912 -3.6384594679320585 0.4352941176470588 0.5176470588235295 0.2588235294117647
v 2.7175530737549574 0.1696914640999805 6.5656235331871757 0.4745098039215686 0.3607843137254902 0.2901960784313726
v 3.3661927880316922 0.9278006171812740 11.6738333385634387 0.2235294117647059 0.2156862745098039 0.2549019607843137
v -0.5835547035382989 2.1085274961708458 7.9869155677171548 0.1686274509803922 0.1725490196078431 0.2117647058823529
